pilot_id,claim_id,truth,D,H,fold,combined
0,0,true,0.0004616823558754035,-0.012259827504073284,1,0.35929782969443025
0,1,true,-0.004170385860362447,-0.012259827504073284,2,0.3388100368041737
0,2,true,0.005525194083890073,-0.012259827504073284,2,0.34850561674842623
0,3,true,-0.002293440753922127,-0.012259827504073284,2,0.34068698191061403
0,4,true,0.0030121289882169,-0.012259827504073284,1,0.36184827632677175
0,5,true,0.00029731591715720374,-0.012259827504073284,3,0.3577013655474395
0,6,true,-0.0034246747929598254,-0.012259827504073284,2,0.33955574787157633
0,7,true,-0.000747265476198189,-0.0027017707980904193,2,0.07483736162918936
0,8,true,0.0006302919703963239,-0.0027017707980904193,4,0.0006302919703963239
0,9,true,0.0015899520978289727,-0.0027017707980904193,4,0.0015899520978289727
0,10,true,0.000944114085664971,-0.0027017707980904193,4,0.000944114085664971
0,11,true,0.0056910562332121994,-0.0027017707980904193,5,0.13317282754685325
0,12,false,0.00035507094982922816,-0.0027017707980904193,1,0.07943391800999121
0,13,true,-0.007522165016508486,-0.01232302983112965,5,0.5739341420594228
0,14,true,0.09252205009714931,-0.01716942716947889,3,0.59305297503595
0,15,false,0.0322636026149592,-0.02065040674299312,3,0.6342736222507225
0,16,true,1.0297820759200458,-0.02065040674299312,5,2.0041617056815997
0,18,true,-0.0032527249785042622,0.004257039534623086,4,-0.0032527249785042622
0,19,true,0.00031114934565790175,0.004257039534623086,2,-0.11878361103327563
0,20,false,0.003663259917712103,0.004257039534623086,3,-0.12043988660739159
0,21,true,0.0017509409189144787,0.004257039534623086,1,-0.12284947985899042
0,22,true,0.008024938410422733,-0.0004048482846475965,3,0.01982725915032303
0,23,false,0.005737628056106003,0.004169144479272857,2,-0.11089818392211566
1,3,true,0.016903609527626262,0.0014577423761776842,4,0.016903609527626262
1,4,true,0.015719462711155652,0.0014577423761776842,3,-0.026777303935069448
1,5,false,0.015385571533311881,0.0014577423761776842,5,-0.05339730981451886
1,6,true,0.017535051791979117,0.0014577423761776842,1,-0.02513199698223533
1,7,true,0.02171264307211307,0.0014577423761776842,5,-0.04707023827571767
1,8,true,0.013754825718330754,0.0014577423761776842,3,-0.028741940927894345
1,9,true,0.06823620821470877,0.029724889879312988,2,-0.7633460706612617
1,10,true,0.01911124381293361,0.018334575926620578,5,-0.845997009286118
1,11,true,0.3878827904982255,0.001918386156610108,1,0.331733036570866
1,16,true,0.014247438963152392,0.001918386156610108,4,0.014247438963152392
1,17,true,0.01987648521932972,0.001918386156610108,1,-0.036273268708029764
1,18,false,0.019395657618974216,0.005000895412510475,1,-0.1269768784115772
2,0,true,0.011678673644597515,-0.0005658288401928502,3,0.02817397252342272
2,1,true,-0.009488649429209906,-0.0005658288401928502,1,0.007072745174456902
2,2,true,-0.00036584571764752827,-0.0005658288401928502,5,0.026332519243255286
2,3,true,-0.003451127135593146,-0.0005658288401928502,5,0.02324723782530967
2,4,true,0.001183217519655888,-0.0005658288401928502,2,0.017012821541462032
2,5,true,-0.002105101665759057,0.002115624977870212,1,-0.06402789103779004
2,6,true,-0.006894214378757035,0.002115624977870212,2,-0.06608085047689882
2,7,false,-0.007088264813430167,0.002115624977870212,1,-0.06901105418546115
2,8,true,0.0001925678801516506,0.002115624977870212,2,-0.05899406821799013
2,9,true,0.002272024988865806,0.002115624977870212,2,-0.056914611109275974
2,10,true,-0.0238221049360835,-0.0036879534923667245,5,0.15019222820480804
2,11,true,-0.007739201491800407,-0.0036879534923667245,5,0.16627513164909113
2,12,true,0.7280175884421725,0.00968813044740513,5,0.2708877567681644
2,13,false,-0.0016720970070909225,-0.0036879534923667245,3,0.1058407952079161
2,15,true,0.007465861391257378,0.0032801911622384328,2,-0.08430062968467521
2,16,false,0.0014295366631089657,0.0032801911622384328,4,0.0014295366631089657
2,17,false,7.551580627784826e-05,0.008803643709170639,2,-0.24621485323489503
3,0,true,0.0034164456192250503,-0.0032111083092827286,3,0.09702813086991793
3,1,true,-0.0055207439817634985,-0.0032111083092827286,2,0.08431308808263346
3,2,true,0.001581062313300463,-0.0032111083092827286,4,0.001581062313300463
3,3,true,0.002644590580434647,-0.0032111083092827286,1,0.09663137253205674
3,4,false,0.03448617579863633,-0.0022425337328240147,4,0.03448617579863633
3,5,false,0.0008672766916785202,-0.0022425337328240147,4,0.0008672766916785202
3,6,true,0.005586941330430362,0.0006727905227406072,4,0.005586941330430362
3,7,true,-0.003032202099546355,0.0006727905227406072,1,-0.022724286597955525
3,8,true,-0.005209061593167474,0.0006727905227406072,4,-0.005209061593167474
3,10,true,0.007100168405197671,0.0006727905227406072,5,-0.02464513272198282
3,11,true,0.0026095678596637084,-0.0015104859686907446,4,0.0026095678596637084
3,12,false,0.0018675747234554452,-0.008073828704911024,5,0.3828273457419487
3,13,true,0.5516209794167182,0.030607941922469295,3,-0.34067562021361386
3,14,false,-0.00418383971887204,-0.002695991806991538,1,0.07472586051595839
4,0,true,-0.00024906857671669336,0.0015145838789623056,1,-0.04457982639262773
4,1,true,0.0014526428125225532,0.0015145838789623056,5,-0.07001227783495358
4,2,true,-0.00016094169213565213,0.0015145838789623056,4,-0.00016094169213565213
4,3,false,-0.0010343830318149116,0.0015145838789623056,3,-0.04518821893741947
4,4,false,-0.0018268236021796724,0.0015145838789623056,5,-0.0732917442496558
4,5,false,-0.0001871784859061032,0.0015145838789623056,5,-0.07165209913338223
4,6,true,0.002092756253839756,0.00035082132255925824,2,-0.007721806426681521
4,7,true,-0.0016461897091408773,0.00035082132255925824,5,-0.01819952711513342
4,8,true,0.0006675814550556325,0.00035082132255925824,4,0.0006675814550556325
4,9,true,0.0022490540703544726,0.00035082132255925824,1,-0.008019228395247515
4,10,true,0.01315629391229256,0.0010270184272455074,1,-0.016903781203449205
4,11,true,0.013086009167230017,0.0010270184272455074,1,-0.01697406594851175
4,15,true,0.9748086122079413,-0.0006788518070782734,4,0.9748086122079413
4,16,true,-0.003882475944152919,-0.0006788518070782734,5,0.028148824004373726
4,17,true,0.0024457587369406397,0.0010270184272455074,4,0.0024457587369406397
4,19,false,-0.002620866960661661,-0.0006788518070782734,1,0.0172486268788601
4,20,true,0.00387605745519759,0.0026953510175354856,5,-0.12330279956343138
5,0,true,0.0037672252851050914,0.0006181105681579702,2,-0.013525010176592963
5,3,true,0.0030996061894528193,0.0006181105681579702,3,-0.014919833325951034
5,4,true,0.0014389214782136728,0.0006181105681579702,4,0.0014389214782136728
5,5,true,0.000763466553116432,0.0006181105681579702,5,-0.02840178689923138
5,6,true,0.001086521042066746,0.0006181105681579702,5,-0.028078732410281065
5,7,true,0.008674046564990379,0.0014229281239059866,5,-0.05846614083200899
5,8,false,-0.004550623872125792,0.0014229281239059866,3,-0.04603246965240714
5,9,true,0.004200637985530831,0.0014229281239059866,5,-0.06293954941146854
5,12,true,0.0038890477326426476,0.02702835253234026,5,-1.2714309235053318
5,13,false,-0.015840970166214774,0.03333612203478853,2,-0.9484509291309344
5,14,false,0.036172466222085586,0.03333612203478853,3,-0.9356572769161573
5,16,false,0.0008446173305651783,0.0010841999674385816,5,-0.05031284295620365
5,17,true,0.007775476420409655,-0.0012687797287083136,4,0.007775476420409655
6,0,true,-0.006582744034791643,0.00032130846887024056,2,-0.015571656352048609
6,1,true,-0.0047690310209171916,0.00032130846887024056,1,-0.014173493933494066
6,2,true,-6.321428331768075e-05,0.00032130846887024056,4,-6.321428331768075e-05
6,3,true,0.0031006292255529866,0.0005343124115442244,2,-0.01184727250352588
6,4,false,-0.00048660379981191326,0.010880658681930333,2,-0.30488345704730874
6,5,true,0.008163610893693551,0.0005343124115442244,5,-0.017047666357013224
6,6,false,-0.006063629263788561,0.0005343124115442244,1,-0.021702561146802416
6,7,true,-0.008623994785666778,-0.005525817854956316,5,0.25210909501020584
6,8,false,-0.004467577618172736,-0.005525817854956316,1,0.15726905279594383
6,9,true,0.7041784056195085,0.15374309683748333,2,-3.5969320559718234
6,11,false,0.011725581001604812,0.009333760704160143,5,-0.42868348272244955
6,12,true,-0.0026822156761883154,0.009333760704160143,3,-0.27478423936603885
6,13,false,-0.005723344861132462,0.009333760704160143,1,-0.27891566589077443
6,14,true,-0.0055461219539296724,-0.0070318595019063235,3,0.19944983427608193
7,0,true,-0.007973661877622829,0.0003051917204976995,3,-0.01687074927818133
7,1,true,-0.00390284316775924,0.0003051917204976995,4,-0.00390284316775924
7,2,true,0.003980355574298322,0.0003051917204976995,3,-0.004916731826260181
7,3,false,0.003840255301901463,0.0003051917204976995,2,-0.004697775535419873
7,4,false,-0.0024288499918095896,0.0003051917204976995,4,-0.0024288499918095896
7,5,true,-0.025811447947977184,0.0026241456278442987,5,-0.14963051248852977
7,6,true,0.0017162993741568489,0.0026241456278442987,3,-0.07478398367628122
7,7,false,0.006346195056766701,0.0026241456278442987,2,-0.06706679352503025
7,8,false,-0.006011979454490168,0.0026241456278442987,1,-0.08281879479003265
7,9,true,-0.005374222855374811,0.0026241456278442987,3,-0.08187450590581288
7,10,true,0.017242049841816875,0.0026241456278442987,3,-0.0592582332086212
7,11,true,0.014627488637674935,0.0026241456278442987,3,-0.06187279441276314
7,12,true,0.0016829454495983498,-0.004803949003433283,1,0.1422910047253225
7,13,false,0.01877470693279326,0.008031652797125477,2,-0.20591847656735476
7,14,true,0.8809453272874885,0.004084617807164959,3,0.7618686971319919
8,0,true,0.00012737457741418545,-0.0004935384408126797,2,0.01393458540276131
8,1,true,-0.002269231895429824,-0.0004935384408126797,4,-0.002269231895429824
8,2,false,0.0060516374570871445,-0.0004935384408126797,3,0.02043949383892133
8,3,true,-0.0016437098852977172,-0.00244518387359971,5,0.11373112931807172
8,4,true,0.0006553646702324167,-0.00244518387359971,5,0.11603020387360186
8,5,false,-0.0005825779927302044,-0.00244518387359971,3,0.07070053086217336
8,6,false,-0.0014106078281479473,-0.00244518387359971,2,0.06699575418478394
8,7,false,0.0003458658920261204,-0.00244518387359971,2,0.06875222790495801
8,8,true,0.0008093352923530528,-0.00244518387359971,3,0.07209244414725662
8,9,true,-0.009086012104826957,-0.012843316615160028,3,0.365328176628007
8,10,true,-0.007051583523530747,-0.012843316615160028,3,0.3673626052093032
8,13,true,0.009708373862481912,0.005722395577103412,5,-0.26030014234551446
8,14,false,-0.00837736953229129,0.005722395577103412,3,-0.17519923975547858
8,15,false,-0.0002750225973144893,-0.012843316615160028,1,0.37563942250414123
8,16,false,0.047399455900942966,0.004555051582563863,2,-0.08003247709545944
8,17,true,0.5110738599848517,0.002492033041265884,5,0.3934884650663657
8,19,false,-0.006408359390039031,-0.0044938763609583265,5,0.2056330613568197
9,0,true,0.006948700093671101,-0.007953184432700766,3,0.23880353840680088
9,1,true,-0.0037420176495930324,-0.007953184432700766,1,0.22904184981959594
9,2,true,3.852662102321602e-05,-0.007953184432700766,5,0.37530575498153856
9,3,true,0.0071499029591254315,0.0017730527805016605,4,0.0071499029591254315
9,4,true,0.002804025417832312,0.0017730527805016605,5,-0.08085662753270105
9,5,false,-0.00044870680178987765,0.0017730527805016605,2,-0.05005155740151847
9,6,true,0.001689102195903791,0.0017730527805016605,5,-0.08197155075462957
9,7,false,0.0015443884566845867,0.0017730527805016605,5,-0.08211626449384878
9,8,true,0.0006636324469417865,0.0017730527805016605,5,-0.08299702050359158
9,9,true,0.00381375659244676,0.0017730527805016605,3,-0.04787508191274282
9,11,true,2.00225145389199e-05,0.009684431414943906,2,-0.2709112266290231
9,12,false,0.0021397096554551798,0.016516265434550093,3,-0.4793499482631095
9,14,true,0.04323051264088951,0.00021606337659529906,4,0.04323051264088951
9,16,false,0.005754982331176661,-0.0014373402391375523,1,0.04782487553770292
9,19,false,0.09259319422414447,0.015387153206018356,5,-0.6334423183234092
10,0,true,-0.021471362932831584,-0.005731139398860052,4,-0.021471362932831584
10,1,false,0.010449646278518965,-0.005731139398860052,1,0.17819588749307638
10,2,true,0.0024788147178064213,-0.005731139398860052,2,0.16281293138603117
10,3,true,-0.004550685058178239,-0.005731139398860052,1,0.16319555615637918
10,4,true,0.002755976806897986,-0.005731139398860052,4,0.002755976806897986
10,5,false,0.0069008811681160465,-0.005731139398860052,1,0.17464712238267346
10,6,true,0.005788159552330252,-0.005731139398860052,2,0.166122276220555
10,7,true,0.004390122672006336,-0.005731139398860052,4,0.004390122672006336
10,8,false,0.006260615162343108,0.011557307267296979,2,-0.31706613067355316
10,9,true,0.008210312814862952,0.011557307267296979,5,-0.5371157389332644
10,10,false,0.03520890418648459,0.006545846991256266,1,-0.1563832299303829
10,11,true,0.004250122890926744,0.011557307267296979,1,-0.3340237730531103
10,12,false,0.0003260713358709255,-0.005256197121388806,3,0.1535571128179177
10,13,false,-0.0016577983700237775,-0.005256197121388806,4,-0.0016577983700237775
10,14,false,-0.003940446015500476,-0.005256197121388806,4,-0.003940446015500476
10,16,false,0.08660188467360475,0.0019463401174129036,4,0.08660188467360475
10,17,false,-0.0008057226444767585,0.0019463401174129036,3,-0.057546312158491555
10,18,true,0.0033408100927837525,0.0036154932589811395,1,-0.10248202235328954
10,19,true,0.008927555721848668,0.0036154932589811395,5,-0.16166777573750754
10,21,false,0.02343395202233689,0.0010351489976122563,4,0.02343395202233689
11,0,true,-0.00026903949934720117,-0.0020505153247132313,5,0.09648355175856611
11,1,false,-0.010217283776760233,-0.0020505153247132313,3,0.04956026861033258
11,2,true,-0.0008268718582121748,-0.0020505153247132313,3,0.05895068052888064
11,3,true,-0.0015329816945921504,-0.0020505153247132313,4,-0.0015329816945921504
11,4,true,-0.0017381551832692521,-0.002616783900603714,2,0.07146888202444207
11,5,false,-0.026964230472471318,-0.002616783900603714,3,0.049321440167866826
11,6,true,-0.0029977113777246434,-0.002616783900603714,1,0.07359363160799146
11,7,false,-0.00512584774156033,-0.002616783900603714,3,0.07115982289877781
11,8,true,0.000213820387568453,-0.0008066207122745528,3,0.023728793089003667
11,9,false,-0.007731947231267244,-0.0008066207122745528,4,-0.007731947231267244
11,10,true,0.09195308410008807,0.0027772295071495368,2,0.014257427298873443
11,12,false,-0.006374523051141834,0.0027772295071495368,4,-0.006374523051141834
11,13,false,-0.004421953151036329,0.0027772295071495368,4,-0.004421953151036329
11,15,false,-0.01008023757494203,0.003775858629448736,1,-0.12059684664111812
12,0,true,-0.005878106632235536,-0.001250084476824398,5,0.05310653540693983
12,1,true,0.006514812959444449,-0.001250084476824398,3,0.042957842377970096
12,2,false,0.0024145167122517908,-0.001250084476824398,2,0.03738682787121022
12,3,true,0.000925812947127902,-0.001250084476824398,2,0.03589812410608633
12,4,true,0.0005941416920286491,0.00020982077682774047,3,-0.005522648720388712
12,5,true,-0.0006063833073296498,0.00020982077682774047,4,-0.0006063833073296498
12,6,false,0.0007599504335863427,0.00020982077682774047,5,-0.0091403432209716
12,7,true,0.0009046903682419227,0.00020982077682774047,3,-0.005212100044175438
12,8,false,0.002577853212717085,0.00020982077682774047,1,-0.0035634468311402908
12,9,true,0.004888645132537062,0.00020982077682774047,1,-0.001252654911320314
12,10,true,0.003758582282755607,0.014336170298281603,4,0.003758582282755607
12,11,true,0.0004951031025064445,0.014336170298281603,1,-0.41911407294141456
12,17,false,0.006493216142219871,0.00329041736750324,5,-0.14876356384332007
12,18,false,0.011596336197789658,-0.0004300044087421906,3,0.024132019672314292
12,19,false,0.001447145013370621,-0.0015965276229883418,4,0.001447145013370621
13,0,true,0.02123167584389052,0.0010879697526490206,3,-0.010485311637607422
13,1,false,0.008403385785233808,0.0010879697526490206,4,0.008403385785233808
13,2,true,0.012806165883668785,0.0010879697526490206,1,-0.019037909763541187
13,3,true,0.005942517130071878,0.0010879697526490206,2,-0.024494479270229304
13,4,true,0.006044167863583083,0.0010879697526490206,4,0.006044167863583083
13,5,true,0.006860643912919628,0.0010879697526490206,5,-0.04447469189772354
13,6,true,0.005812715545464475,0.0010879697526490206,1,-0.026031360101745497
13,7,true,0.004259782275475632,-0.00229869288806539,3,0.07127231950554175
13,8,true,0.010028869986481448,-0.00229869288806539,5,0.1184916016452008
13,9,false,0.012343233605289217,-0.003923012970758255,2,0.12209328077210954
13,12,true,0.005382452048587227,0.021828259863879595,1,-0.6335146833358178
13,15,false,0.003741512778329237,-0.0027826338107962423,2,0.08158836015284832
13,16,false,0.004384952607510262,-0.0033082739438466957,1,0.10121570132367741
13,17,true,0.0029991158126311257,-0.0033082739438466957,2,0.09555124961497219
14,0,true,0.015283999327306397,-0.0017893749783388646,2,0.06534347905262085
14,1,true,0.004531926322597801,-0.0017893749783388646,2,0.05459140604791225
14,2,true,0.00016511689767295668,-0.0017893749783388646,1,0.052538808383772194
14,3,true,0.0006499166329336781,-0.0017893749783388646,2,0.05070939635824813
14,4,true,-0.0001033408306736483,-0.0017893749783388646,3,0.05206132978585234
14,5,true,0.00024452212961623143,0.0007361855617891155,3,-0.02121709313172044
14,6,true,0.0007658870772828674,0.0007361855617891155,2,-0.0198296094790976
14,7,true,0.0024799373956061466,0.0007361855617891155,2,-0.01811555916077432
14,8,true,-0.002605134509079954,0.0007361855617891155,2,-0.02320063106546042
14,9,true,0.006713206762919199,0.0007361855617891155,2,-0.013882289793461268
14,10,true,0.0021848470979963786,0.0001192701494461268,4,0.0021848470979963786
14,14,false,0.002923653305026974,0.00029395248508112815,2,-0.005299949151281569
14,15,false,0.011248575733923127,0.015977037025589835,5,-0.7426203245463645
14,17,false,0.02145094353863808,0.007384723133740834,2,-0.18514376269434035
15,0,true,-0.006609285887671068,0.0009463834108310865,4,-0.006609285887671068
15,1,false,-0.0017960952334931113,0.0009463834108310865,1,-0.02949604263772193
15,2,true,0.008755347762109067,0.0009463834108310865,4,0.008755347762109067
15,3,true,0.010574319914417152,0.0009463834108310865,4,0.010574319914417152
15,4,true,0.007178728213538599,-0.005688320683462478,5,0.2755794367563768
15,5,true,0.003570198370175137,-0.005688320683462478,5,0.27197090691301334
15,6,false,0.000567909550758805,-0.005688320683462478,4,0.000567909550758805
15,7,true,0.0007978641349507543,-0.005688320683462478,1,0.16729083299619432
15,8,true,0.005768151464671467,-0.005688320683462478,5,0.2741688600075097
15,9,true,0.0010122896462684272,-0.005688320683462478,3,0.16684079312151862
15,10,true,-0.0003100796350768986,0.01213555136630251,4,-0.0003100796350768986
15,11,true,0.00026616656706490716,0.01213555136630251,3,-0.35351492875191665
15,12,true,0.10661500115290878,-0.0007354734191967749,1,0.12814176799581908
15,13,false,0.009897625595401416,0.001527634596004801,3,-0.03463667073022268
15,14,false,-0.004311538110565283,-0.00017963367634232785,5,0.004164391551524012
15,19,false,0.008479800158980977,0.00043258355491204714,1,-0.004181602800814477
16,0,true,-0.0005598686504613148,-0.0006790686212254649,5,0.031481661570577475
16,1,true,-0.0018177541636454908,-0.0006790686212254649,2,0.017179841246954795
16,2,true,-0.00010438876546214892,-0.0006790686212254649,1,0.01977145106491803
16,3,true,-0.001295690168722663,-0.0006790686212254649,2,0.017701905241877623
16,4,true,-0.0004746615235315943,-0.0006790686212254649,1,0.019401178306848586
16,5,false,-0.0018869086494501808,-0.0006790686212254649,4,-0.0018869086494501808
16,6,true,-0.0011985201938631285,0.002304853476776225,3,-0.06839065369905037
16,7,true,0.00028615936320441904,0.002304853476776225,4,0.00028615936320441904
16,8,true,-0.001884049486959416,0.002304853476776225,1,-0.06934541805119612
16,9,false,0.00045950093594204766,0.022230704608098506,5,-1.0484857326840844
16,10,false,0.002120804806297727,0.022230704608098506,3,-0.6459587746518285
16,11,true,0.003088372752812152,0.007572476816160023,5,-0.3542153476211963
16,12,false,0.11486580364011556,0.007572476816160023,1,-0.10677503148734302
16,14,false,-0.0018737686422464206,-0.0033212098195963824,4,-0.0018737686422464206
16,15,false,0.003473564464049783,-0.000499290191166013,2,0.0174416860172674
16,16,false,0.06683625067998267,0.007572476816160023,5,-0.29046746969402576
17,0,true,0.0002267482190654313,0.00266546945327073,2,-0.07434231397846257
17,1,true,-0.00412059595602321,0.00266546945327073,4,-0.00412059595602321
17,2,true,0.007417654856489708,0.00266546945327073,1,-0.07059867850076922
17,3,true,-0.0015566811152769588,0.0025409216119004485,4,-0.0015566811152769588
17,4,true,0.002648671749658993,0.0025409216119004485,1,-0.07172223775952406
17,6,false,0.01864800133182598,0.007601061459552971,2,-0.1939989768765071
17,8,false,0.0003697683468136814,0.0019517451431444455,2,-0.05423217233356933
17,9,true,0.006015626051254275,0.0025409216119004485,2,-0.06506909093334622
17,10,true,-0.0032122785378583263,-0.003767047262612566,3,0.10660639112605642
17,11,true,0.1751160472802641,0.0031089046094580075,3,0.08448385062289902
17,13,false,0.008331664854781984,-0.0016306814363638011,3,0.05587002938884338
17,14,true,0.01147550394996133,0.0031089046094580075,1,-0.07951985076692486
18,0,true,-0.0059941512867364155,0.0021997627777722295,3,-0.07012263308964432
18,1,true,-0.008603981453865428,0.0021997627777722295,1,-0.07298942243762187
18,2,true,-0.004745123975561483,0.0021997627777722295,2,-0.06628559565278219
18,3,true,-0.00638668472045989,-0.006829608865913439,4,-0.00638668472045989
18,4,false,-0.002778904166294449,-0.006829608865913439,3,0.1963209498289883
18,5,true,-0.01614954827757631,-0.006829608865913439,4,-0.01614954827757631
18,6,true,-0.0241533029100649,-0.0034335289434703764,4,-0.0241533029100649
18,7,true,1.1373853965955472,-0.0034335289434703764,4,1.1373853965955472
18,8,true,0.0046501276299527605,-0.006829608865913439,4,0.0046501276299527605
18,9,true,-0.018356284788232924,-0.011437194859745592,2,0.30161020134616734
18,10,true,-0.01172928377436544,-0.011437194859745592,1,0.3230290102120602
18,11,true,-0.006353589263632831,0.001301151074054152,5,-0.06774778442789585
19,0,true,0.013951318118861189,-0.0013508577090938223,4,0.013951318118861189
19,1,false,-0.002452033507441498,-0.0013508577090938223,5,0.061287545612180194
19,2,true,0.0022978662487223023,-0.0013508577090938223,3,0.04167868262187344
19,3,true,-0.0032436482834456992,-0.0013508577090938223,4,-0.0032436482834456992
19,4,true,-0.00198806601228374,-0.0013508577090938223,5,0.06175151310733795
19,5,true,0.0015121890815533723,-0.0007626461549884445,2,0.022847946089106164
19,6,true,0.007482633982913378,-0.0007626461549884445,1,0.02980472684659287
19,7,true,0.0007263050743364641,-0.0007626461549884445,5,0.03671140151263574
19,8,true,-0.004136051788490747,-0.007985485702720951,5,0.3726552966494064
19,9,true,0.05093176256922016,0.07056073921831274,3,-2.0060868972082058
19,10,true,0.2747279518542447,0.07056073921831274,5,-3.0546469999766503
19,12,false,0.01905394877203692,0.00014214966229797454,3,0.014909937370408848
19,13,true,-0.004849053143958226,-0.0020065848029825473,4,-0.004849053143958226
20,0,true,0.01763826085262843,-0.0018917558302318227,5,0.10689986080082264
20,1,true,-0.000490757196620617,-0.0018917558302318227,5,0.0887708427515736
20,2,true,-0.002171117902085018,-0.0018917558302318227,2,0.05075256426354398
20,3,true,-0.0010819687060488192,-0.0018917558302318227,3,0.054067354921213576
20,4,true,0.00037776281414092505,-0.00024373717509118542,2,0.007196543853601717
20,5,true,-0.004431909423470604,-0.00024373717509118542,3,0.0026736272077823205
20,6,true,-0.004461723090757985,-0.00024373717509118542,1,0.0026722850218231188
20,7,true,-0.004655612657649799,-0.00024373717509118542,1,0.002478395454931305
20,8,true,-0.007100352402030552,-0.00024373717509118542,5,0.004400270388610593
20,9,true,-0.0014510931961164708,-0.0008482217572961526,2,0.022278723290618904
20,10,false,7.067414029349184e-05,0.0025598254044114643,2,-0.07154289455476025
20,13,true,1.3252994911321798,0.021607870277085772,3,0.6953770604658094
20,15,false,-0.041287316635591154,-0.0024125236732556177,4,-0.041287316635591154
20,16,false,-0.03153900621542538,-0.0024125236732556177,2,0.03595365539555523
20,17,false,-0.007654293818126545,-0.0024125236732556177,1,0.06295850232329375
20,18,true,-0.0034242359611773576,-0.001318041318941865,3,0.0349999021283144
21,0,false,0.0017412927436905035,-0.0011493559176880552,3,0.03524783753901969
21,1,true,-0.000310946566733028,-0.0011493559176880552,1,0.0333298570487275
21,2,false,0.018306115181346394,-0.0011493559176880552,3,0.05181265997667558
21,3,true,0.0014479656873800373,-0.0011493559176880552,1,0.035088769302840564
21,4,true,0.0018089749652646647,0.0033771002567364317,4,0.0018089749652646647
21,5,true,-0.003986218787813134,0.0033771002567364317,1,-0.10283146313572267
21,6,true,0.004857272980550165,0.0033771002567364317,2,-0.08962034287914614
21,7,true,0.007487413315607316,0.0144744353716183,3,-0.41447788890494963
21,8,true,0.005346868480094802,0.0033771002567364317,4,0.005346868480094802
21,9,true,0.013342316762626871,0.026236104051350573,4,0.013342316762626871
21,10,true,9.851077441691558e-05,0.026236104051350573,3,-0.7647482891792293
21,11,true,0.03824961723101794,0.0144744353716183,3,-0.383715684989539
21,12,false,0.8697594588354616,0.013470357023664725,1,0.47549200148006815
21,14,false,-0.0016724926289459763,-2.863945640085852e-06,2,-0.0015923710052283063
22,0,true,-0.005221620841406205,-0.0003910787714365149,1,0.006224967587472513
22,2,true,-0.0019271313512284616,-0.0003910787714365149,1,0.009519457077650256
22,3,true,0.00027238960844711,-0.0026620203504028606,4,0.00027238960844711
22,4,true,-0.0002901901307150734,-0.0026620203504028606,2,0.07418238010890876
22,5,true,0.00973027545188443,-0.0026620203504028606,1,0.08764565610124682
22,6,true,-0.0037572278264523806,-0.0026620203504028606,3,0.0738471963072559
22,7,false,0.01074920264586865,-0.007246612119161222,2,0.213480120898192
22,8,true,0.003692634720706245,0.006422602031112334,5,-0.29935479030420065
22,11,true,0.4442502050811137,0.05511855303822566,2,-1.0977441346783414
22,13,true,0.00913718957881704,0.05511855303822566,1,-1.6041423783874817
22,15,true,0.005964820641641055,0.00014574723289628722,4,0.005964820641641055
23,0,true,-0.009357853646947634,0.0016853970700483334,3,-0.058491313140578545
23,1,true,0.005925616472726047,0.0016853970700483334,1,-0.043404717999834516
23,2,true,0.006121436190829721,0.0016853970700483334,3,-0.04301202330280119
23,3,true,0.013464594239278593,0.001400536759065374,2,-0.02571676368944143
23,4,false,0.0038976334594716944,0.001400536759065374,1,-0.03709504891408289
23,5,true,0.00288895215794982,0.001400536759065374,2,-0.036292405770770204
23,6,true,-0.007073694080950155,-0.0047989495451773445,1,0.13338803472326083
23,7,false,-0.0011605346299115027,-0.0047989495451773445,1,0.13930119417429948
23,8,true,-0.006687577704479031,-0.0047989495451773445,1,0.13377415109973195
23,9,true,1.0310895462363228,9.78303341558906e-06,1,1.0308032040329786
23,10,false,0.05295736127888251,-0.0005233845932134384,1,0.0682764439448228
23,12,false,-0.010988864292694966,-0.0016205414110980199,5,0.06547561216100645
23,13,false,0.001069407747330331,-0.0011140504005160423,1,0.03367684480379228
24,0,true,-0.004615588476637678,-0.0015559327626193387,2,0.03891312156299995
24,1,true,-0.006509989146264328,-0.0015559327626193387,3,0.03884926816203166
24,2,true,-0.0038956998976428237,-0.0015559327626193387,1,0.04164530937599143
24,3,true,0.0013208524108734299,-0.0015559327626193387,5,0.07473680048605211
24,4,true,-0.0035670453560883164,-0.0015559327626193387,2,0.03996166468354931
24,5,true,0.000880335350113115,-0.00034280095951300105,3,0.010873824337326572
24,6,false,-0.0023261252447881464,-0.00034280095951300105,1,0.007707407084662313
24,8,true,-0.0024385977798192515,-0.00034280095951300105,2,0.00715158755880106
24,9,true,-0.012203436584887317,-0.004074602538181038,3,0.10658122390857282
24,10,true,-0.005960336483990525,-0.004074602538181038,2,0.10803057409537994
24,12,true,0.8438377154294523,0.05443547681749017,3,-0.743089984137473
24,14,false,0.009334535803709132,-0.00053568138659843,5,0.03461040749185586
25,0,true,-0.005823779158780296,-0.0004850327398228105,3,0.008316115171572047
25,1,false,0.014407093633373447,-0.0004850327398228105,4,0.014407093633373447
25,2,true,0.0016792115345428682,-0.0004850327398228105,5,0.024565250891183717
25,3,true,0.00481541789730755,-0.003469383794046932,5,0.16851664368024372
25,4,false,0.00848805830359567,0.00044076249840563353,3,-0.004361249878187097
25,5,true,-0.0015843068123710946,-0.003469383794046932,3,0.09955674246438834
25,8,true,-0.0004905217918739213,0.00014322935019317473,3,-0.004666008744520405
25,9,false,-0.001189092373371059,0.004613837089675887,4,-0.001189092373371059
25,10,false,1.21362616876743,0.004613837089675887,5,0.9959244580374984
26,0,true,-0.0010541812610076473,0.0033461619864258996,4,-0.0010541812610076473
26,1,true,0.0025645144575633383,0.0033461619864258996,5,-0.15532254888379912
26,2,false,0.006267434917461734,0.0033461619864258996,1,-0.0916722689797472
26,3,false,-0.0018923878753552836,0.0033461619864258996,2,-0.09550447597586488
26,4,true,0.004049180779641115,-0.0013105860807043346,1,0.0424090728579945
26,5,false,0.0013300360515912102,-0.0013105860807043346,2,0.037994937556027876
26,6,false,0.003412699056911328,-0.0013105860807043346,4,0.003412699056911328
26,7,false,-0.01177916203162721,-0.0013105860807043346,4,-0.01177916203162721
26,8,true,-0.0020728898181665567,0.002869822112885334,5,-0.1374840825678465
26,9,true,0.005251976765121347,0.002869822112885334,2,-0.07503404691036808
26,10,false,0.010710712680163326,0.002869822112885334,5,-0.12470048006951662
26,12,false,0.009936422990896476,0.0019983609701417215,4,0.009936422990896476
26,13,false,0.003973653987875414,0.0019983609701417215,1,-0.054516903997475
26,14,true,0.013563459067122974,0.0019983609701417215,3,-0.04469366593030892
26,15,false,0.0031966075917855274,0.0019983609701417215,5,-0.09109510522773658
26,17,true,0.0015093518964565122,0.001779773042793975,2,-0.048281504480732554
27,0,true,-0.1335717563501546,0.018281247310489857,2,-0.6450071682516275
27,1,true,-0.08483685926366857,0.018281247310489857,2,-0.5962722711651415
27,2,true,-0.03362947660427351,0.018281247310489857,1,-0.5687081595025419
27,3,true,0.003309135734632873,0.018281247310489857,2,-0.50812627616684
27,4,true,0.038438327309868514,-0.008016823655946248,5,0.41670834217991765
27,5,true,-0.009742027807491116,-0.008016823655946248,3,0.2239680499937721
27,6,true,0.01680062971621754,-0.008016823655946248,5,0.3950706445862667
27,7,true,-0.01602943593387951,0.007078583800259941,3,-0.2223875200928663
27,8,true,-0.013252195107595233,0.007078583800259941,1,-0.22043714437824857
27,9,true,0.05385125612535435,0.012667062708757615,5,-0.5438380788081363
27,10,true,-0.0009345345154587736,0.007078583800259941,2,-0.19896469952984092
28,0,true,0.010923615983726043,0.0034655235729188494,2,-0.08602772687967968
28,1,false,-0.01402767245937242,0.0034655235729188494,4,-0.01402767245937242
28,2,true,0.0013510687824660472,0.0034655235729188494,3,-0.0996774455778611
28,3,true,0.0022290497404096055,0.0034655235729188494,5,-0.16129003334285044
28,4,false,-0.013748980073383432,-0.011462388633111109,4,-0.013748980073383432
28,5,true,-0.00716049771270022,-0.011462388633111109,5,0.5336868633836374
28,6,false,0.0008540378865666831,-0.011462388633111109,3,0.3350107880161187
28,9,true,-0.002105106363326281,0.008127562614517192,1,-0.23999289514968863
28,10,true,-0.009893140179598747,0.008127562614517192,4,-0.009893140179598747
28,11,false,-0.007815603829322781,0.008127562614517192,5,-0.39131078383996404
28,12,false,-0.03345456460369667,0.008127562614517192,3,-0.2703929547308833
28,14,false,0.02933997294229873,-0.00017948905818976346,2,0.034361351344330174
28,15,false,-0.004616507845427886,-0.0010034158055800546,5,0.042729190150071907
28,16,false,0.008514500109866097,-0.0010034158055800546,5,0.05586019810536589
29,0,true,0.0014393674308235127,0.01026860412960906,5,-0.4830798391156241
29,1,true,0.0030572788419126473,0.01026860412960906,2,-0.28421676179022254
29,3,true,0.008288965928884506,0.01026860412960906,2,-0.2789850747032507
29,4,true,-0.003073944191760658,-2.9365566760475303e-05,5,-0.0016883438777368749
29,6,true,-0.0026219899851835926,-2.9365566760475303e-05,1,-0.0017624814123883342
29,8,false,0.0035599818410467776,0.009772804544030844,1,-0.2824828299446506
29,9,false,0.033352338575939666,0.009772804544030844,3,-0.251548890182896
29,12,true,0.0014858013912144585,0.007176073692244156,1,-0.2085526054205376
29,13,false,0.02532241351037734,0.007176073692244156,4,0.02532241351037734
30,0,true,-0.006961041481263641,-0.0004800721855976464,1,0.007090318822706698
30,1,true,-0.010800792687294836,-0.0004800721855976464,3,0.003194489317321667
30,2,true,0.003792328212601337,-0.0004800721855976464,2,0.01722280764398504
30,3,true,0.0011734334229417387,0.0068895670941649945,1,-0.20047913567554362
30,4,true,-0.0007610979000725049,0.0068895670941649945,4,-0.0007610979000725049
30,5,true,0.002130320114804407,0.0068895670941649945,3,-0.19871746333369802
30,6,true,0.007488706359658592,0.0068895670941649945,1,-0.19416386273882677
30,7,true,0.001379088365422776,0.0068895670941649945,4,0.001379088365422776
30,8,true,0.00792134607834738,0.015200243238182254,3,-0.4352030361274121
30,9,true,0.0030873023809581124,0.015200243238182254,3,-0.4400370798248014
30,10,true,0.4145791552210239,0.013204817129653601,5,-0.20848386653890466
30,12,false,0.023341855754634988,-0.0002691962929679548,4,0.023341855754634988
30,13,false,0.0038924064339262987,-0.0002691962929679548,1,0.0117715842294008
31,0,true,0.006628457365499774,0.0006776398416279417,2,-0.01232916656670164
31,1,true,0.004331284895626952,0.0006776398416279417,3,-0.015423578988728866
31,2,false,-0.000781934881760038,0.0006776398416279417,2,-0.01973955881396145
31,3,true,-0.005027380915716972,0.0030696096524516214,1,-0.09487260109952585
31,5,true,0.011653222684793296,0.0204219313873214,2,-0.5596698776216744
31,6,true,0.001881466492880901,0.012140776159783262,2,-0.3377683807316822
31,7,false,-0.002338418901929429,0.012140776159783262,2,-0.3419882661264925
31,8,true,0.043205207150922686,0.03622933212113144,4,0.043205207150922686
31,11,false,-0.0004514182090492591,0.01049828248527973,1,-0.30772843653887333
31,12,false,-0.0035379576173234506,0.01049828248527973,4,-0.0035379576173234506
31,13,false,0.010353296386799493,0.01049828248527973,3,-0.2956973942248758
32,0,true,-0.020139194218204093,-0.00014507631854643321,4,-0.020139194218204093
32,1,false,0.004663783183660231,-0.00014507631854643321,3,0.008893113795099975
32,2,true,-0.0027130406617794645,-0.00014507631854643321,3,0.0015162899496602798
32,3,true,0.003292293407289204,0.0011131936432260403,4,0.003292293407289204
32,4,true,0.0005231835416676933,0.0011131936432260403,5,-0.05200232956027371
32,5,true,0.0015238881369326052,0.0011131936432260403,1,-0.031058472262859717
32,6,true,-0.002154569028116504,-0.003057084113513797,3,0.08696693303765199
32,7,true,0.0193993495759468,0.0011131936432260403,3,-0.013052976199394398
32,8,true,-0.003816466870360191,-0.0051482874763244535,4,-0.003816466870360191
32,9,true,-0.0004945582519488845,-0.0051482874763244535,3,0.14959065233424296
32,10,true,0.06722916518508759,-0.007381408144293222,1,0.2832775606092145
32,11,false,0.8920629400577276,-0.007381408144293222,2,1.0985649062842506
32,13,false,0.0005692659566967073,-0.001006314468683156,1,0.03002335141045482
32,14,false,0.0039835153712659555,-0.001006314468683156,1,0.03343760082502407
33,0,true,0.0010211558083613737,0.0015088369253526412,3,-0.04296514230012092
33,1,true,-0.0014074830367215574,0.0015088369253526412,4,-0.0014074830367215574
33,2,false,0.08770575710588968,0.0015088369253526412,1,0.04354320840152937
33,3,true,-0.0010790510811086174,-0.005369370666235995,2,0.1491342386194457
33,4,true,0.0017063195833061373,-0.005369370666235995,1,0.15886385567952174
33,5,false,0.030313524764962296,-0.011518857585433917,3,0.366116483393928
33,6,true,1.3925544204579743,-0.011518857585433917,4,1.3925544204579743
33,7,true,-0.0019551673902695743,-0.005369370666235995,4,-0.0019551673902695743
33,8,true,-0.0054397786116191504,-0.004726641076299276,4,-0.0054397786116191504
33,9,false,-0.0026606157008449705,-0.004726641076299276,2,0.1295716978120543
33,11,true,0.008569312305741872,-0.007379531420717789,3,0.22370075793678001
34,0,true,0.013601817092435131,0.004815181513805111,5,-0.21360023461766398
34,1,true,-0.00021026265593560023,0.004815181513805111,1,-0.14114708926100658
34,2,true,-0.0024608971427170223,0.004815181513805111,3,-0.14283525168947023
34,3,true,0.00043787737649680913,-0.0030442574873146278,4,0.00043787737649680913
34,4,true,-0.0038114068894629094,-0.0030442574873146278,2,0.08135461354205985
34,5,true,-0.0010870080178010388,-0.0030442574873146278,2,0.08407901241372172
34,6,true,0.004991780203473017,-0.0030442574873146278,4,0.004991780203473017
34,7,true,0.00432241856605764,0.0009586456036306812,4,0.00432241856605764
34,8,false,-0.00011341570342759955,0.0009586456036306812,1,-0.028172268485457796
34,9,true,0.25647979754480443,-0.00016714708275544776,2,0.2611558973571028
34,10,true,0.008958556369266346,0.0009586456036306812,5,-0.0362746809206068
34,12,false,0.02809955579569412,0.0006417504474521829,4,0.02809955579569412
34,13,false,-0.0010486905593968254,0.0006417504474521829,1,-0.019832254850168797
34,14,false,0.016839194336562557,0.0006417504474521829,1,-0.0019443699542094142
35,0,true,0.0276486208574227,-0.007913933762706216,2,0.2490485015629462
35,1,true,-0.005606829509522959,-0.007913933762706216,5,0.3678083746379507
35,2,true,-0.003003850308937017,-0.007913933762706216,4,-0.003003850308937017
35,5,true,-0.014195875755361742,-0.0033577652836889182,4,-0.014195875755361742
35,6,false,-0.01674143440298459,-0.0033577652836889182,5,0.14169312500622117
35,7,true,0.02461986366397384,0.012682033729692344,5,-0.5737758717785761
35,8,true,-0.0016624585823781235,0.012682033729692344,1,-0.37285627207350813
35,9,true,1.1799316460351283,0.032979919452589046,2,0.2572867956460707
35,10,false,0.08491487720577473,0.032979919452589046,3,-0.8765306867648117
35,12,false,0.0014974776452958416,0.014722236869015304,4,0.0014974776452958416
35,13,true,0.0030081378784502233,0.014722236869015304,3,-0.42618118593985854
35,14,false,-0.0005853324595210818,0.014722236869015304,5,-0.6952470835923621
35,15,false,0.004677640687734019,0.014722236869015304,4,0.004677640687734019
35,16,false,-0.00974127125088109,0.014722236869015304,1,-0.44065033229010575
35,17,false,0.009983517189685598,0.014722236869015304,2,-0.4018851671147737
36,0,true,0.005145265503912366,-0.0012575894731332582,1,0.041953985799750876
36,1,false,0.023598933252202414,-0.0012575894731332582,2,0.05878120387472209
36,2,true,9.553129682537964e-06,-0.0012575894731332582,4,9.553129682537964e-06
36,3,false,0.00893868792382324,-0.0012575894731332582,1,0.04574740821966175
36,4,true,0.0004982984369534815,-0.0012575894731332582,5,0.05983706016083048
36,5,false,-0.0015729980385521536,0.0022880455635978514,1,-0.06854241132791042
36,6,true,0.008232435628428236,0.0022880455635978514,5,-0.09972790708455513
36,7,true,-0.0013326919477005816,0.0022880455635978514,1,-0.06830210523705885
36,8,false,0.008420699232355888,0.0261147495383085,1,-0.7559388408936756
36,9,true,0.005593002753056631,0.0261147495383085,2,-0.7249921405902465
36,10,false,0.010246460193835016,0.0261147495383085,4,0.010246460193835016
36,11,false,0.04114749475832791,0.039484543278577866,2,-1.0634704403556356
36,12,true,0.8810204863270137,0.039484543278577866,4,0.8810204863270137
37,0,true,0.00778606614561328,-0.010474383429883938,2,0.30081697989528955
37,1,true,-0.012470703975835606,-0.010474383429883938,2,0.28056020977384066
37,2,false,0.01485473779025992,-0.010474383429883938,1,0.3214322483202876
37,3,true,-0.010108124110569383,0.0007975035435994204,1,-0.033450467139374745
37,4,true,0.025573369505282217,0.005850238963187815,1,-0.14565882848957046
37,5,false,-0.04336368365801335,0.005850238963187815,5,-0.31940442929135265
37,7,true,-0.014667998888623135,-2.1827244501837484e-05,3,-0.014031681161099227
37,8,false,-0.011283311915107452,-2.1827244501837484e-05,5,-0.010253403754890136
37,9,true,0.4028579988642015,0.002525350788505243,4,0.4028579988642015
37,11,false,-0.007404620829147834,0.0049482856465156155,5,-0.24088712779440555
38,0,true,-0.00934130003401168,-0.004589588986189108,1,0.12499259896451692
38,1,true,0.0031046633323729145,-0.004589588986189108,5,0.21966223882119668
38,2,false,0.00907536749779525,-0.004589588986189108,2,0.1374735174568088
38,3,true,0.00031075295266691505,-0.004589588986189108,2,0.12870890291168047
38,4,true,-0.0028757200519970993,-0.0018970187617408651,4,-0.0028757200519970993
38,5,true,-0.0012852491252008935,-0.0018970187617408651,3,0.054017501867465595
38,6,true,0.0009444063792911628,-0.0018970187617408651,3,0.05624715737195765
38,7,true,0.006996755627396878,-0.0018970187617408651,3,0.062299506620063366
38,8,true,0.0005457537728363882,-0.0018970187617408651,2,0.05361667149074588
38,9,true,-0.010642245235167547,-0.0023437240174515317,3,0.057683059894502786
38,10,true,0.0018923073195427076,-0.0023437240174515317,2,0.06746023263068386
38,11,true,0.09455526326671637,-0.006311470074197967,3,0.2785501002975986
38,12,false,0.7564027146890796,-0.006311470074197967,3,0.9403975517199619
38,13,true,0.015349231847827882,-0.0023437240174515317,4,0.015349231847827882
38,17,true,0.004909166000934606,-0.0033777054447127197,4,0.004909166000934606
38,18,true,0.00480298263520984,-0.0033777054447127197,2,0.09929752920847693
39,0,true,-0.0005606983496629914,0.0013220757261848126,5,-0.0629422132819921
39,1,true,-0.005070892162054141,0.0013220757261848126,4,-0.005070892162054141
39,2,true,0.0003093523511616958,0.0013220757261848126,1,-0.038386833212326846
39,3,true,-0.0025245769191719614,0.0009094466879684404,2,-0.027967219511544746
39,4,false,-0.003429287170437778,0.0009094466879684404,3,-0.02994188933345964
39,5,true,0.006109080700267611,0.0009094466879684404,2,-0.019333561892105174
39,6,false,0.0041520071525713576,0.0009094466879684404,2,-0.021290635439801427
39,7,true,0.0015436157214121504,-0.004625191427469533,2,0.13093777809203527
39,8,true,0.04726643859306312,-0.004547257860304743,2,0.17448033474076804
39,11,false,-0.001807048850532622,0.000130302144815575,3,-0.005605676051211025
39,12,false,-0.004365027722826653,0.000130302144815575,1,-0.00817887580674435
39,13,false,0.0009708985053357155,0.000130302144815575,1,-0.0028429495785819822
39,14,false,-0.005072061474502565,0.000130302144815575,4,-0.005072061474502565
40,0,true,-0.01953877645418034,-0.005100426414456627,2,0.12315054008134876
40,1,true,-0.0011051850640679817,-0.005100426414456627,3,0.14758475814780858
40,2,true,0.002394833195485724,-0.005100426414456627,5,0.24305603000365905
40,3,true,0.003390923635265164,0.0027076276089418316,4,0.003390923635265164
40,4,true,-0.0017301515287562186,0.0027076276089418316,2,-0.07747862853012445
40,5,true,0.008875643759960639,0.0027076276089418316,4,0.008875643759960639
40,6,true,0.0016579140992073471,0.00852933088124419,4,0.0016579140992073471
40,7,true,0.005676261407737249,0.00852933088124419,1,-0.2439709894842139
40,8,true,0.02949108487483698,0.003515150951298729,3,-0.07298418931955881
40,9,false,0.10846137502937414,0.003515150951298729,1,0.005575488237051118
40,10,false,0.018515140522423312,0.003515150951298729,4,0.018515140522423312
40,11,true,0.8485606547063693,0.003515150951298729,5,0.6826999273555826
40,13,true,0.005723635472744348,-0.0020421870529907515,3,0.06525839830679928
40,15,false,0.01260855444178044,-0.0009153739381080328,4,0.01260855444178044
41,0,true,-6.12062303899652e-05,0.0010573178550289386,1,-0.03100812334523464
41,1,true,0.01813540260207147,0.0010573178550289386,1,-0.012811514512773205
41,2,true,0.008871692166598999,0.0010573178550289386,1,-0.022075224948245677
41,3,true,0.00114104308622609,0.005736352522158983,2,-0.1593389157018715
41,4,false,-0.010082632073927122,0.005117350980265556,1,-0.15986373704686155
41,5,true,0.0036438214796710167,0.005736352522158983,3,-0.1635849279334291
41,6,true,-0.0009051056233527754,-0.0010780183304088808,1,0.030647699203284515
41,7,true,0.00010949453766651018,-0.0010780183304088808,1,0.0316622993643038
41,8,true,0.00895912965764567,-0.004935256852561576,1,0.15341047324392426
41,9,true,0.9862186936042869,-0.004935256852561576,3,1.1300935388649616
42,0,true,-0.0020373092283428873,-0.002675275390993659,4,-0.0020373092283428873
42,1,false,-0.006936415591213496,-0.002675275390993659,5,0.11929518252832896
42,2,true,0.0023112901784853035,0.004364773951684331,3,-0.1249325789162837
42,3,false,0.007932952173124619,0.0038661818518823665,1,-0.10522735127965836
42,4,true,0.0021151472016193162,0.004364773951684331,1,-0.12563858084273594
42,5,true,0.003464915892267717,0.004364773951684331,4,0.003464915892267717
42,6,false,-0.0013892069562131404,0.004364773951684331,2,-0.12349794089121068
42,7,true,0.004117356751149548,-0.002788332108226932,1,0.08572978978775729
42,8,true,0.0015845643412328858,-0.002788332108226932,4,0.0015845643412328858
42,9,false,0.00903603347013715,-0.003332387431799755,5,0.1662731509966886
42,11,true,0.00769529315431694,-0.002788332108226932,2,0.08570155585997317
42,12,false,0.006167234875376404,0.001284067663419708,5,-0.054420887675585554
42,13,false,0.0026229402933560797,0.001284067663419708,1,-0.034960777186393045
42,14,false,-0.00014465078685266253,0.001284067663419708,5,-0.06073277333781462
43,0,true,0.018768917053019973,-3.2716718933567535e-05,4,0.018768917053019973
43,1,true,-0.0030092491035819124,-3.2716718933567535e-05,2,-0.002093967539929926
43,2,true,0.006712108311257459,-0.0005962123957405918,3,0.024093162376387003
43,3,false,-0.0015314690223214855,-0.0005962123957405918,5,0.02660052956981687
43,4,false,-0.0014207558130615583,-0.0005962123957405918,2,0.015258857290875106
43,5,false,0.00031482001309335317,-0.0005962123957405918,3,0.017695874078222897
43,6,true,0.0023116390130070164,-0.0005962123957405918,1,0.01976233797365407
43,7,true,0.005258301313985414,-0.0005962123957405918,5,0.03339029990612377
43,8,false,-0.012177268535103258,-0.006127862735653022,3,0.16646496412055437
43,9,false,0.023353033251173994,-0.010532864747768267,5,0.5203412514973498
43,10,false,0.1589867586416267,-0.006127862735653022,4,0.1589867586416267
43,11,true,0.04172875495896988,-0.010532864747768267,1,0.3500179707143706
43,13,true,0.019286042240472367,-0.004295857299095318,2,0.13946676677845748
44,0,true,0.016059122618589772,0.0013690519074479046,4,0.016059122618589772
44,1,true,0.04245487537587589,0.0013690519074479046,4,0.04245487537587589
44,2,true,0.016218920710566687,0.012575440300321483,5,-0.5771472544168754
44,4,true,0.060650951109860574,0.03392797865186781,2,-0.8885167638767288
44,5,true,0.0521852898946889,0.03392797865186781,5,-1.5486902613136182
44,6,false,0.1828742205447414,0.029601698524301057,3,-0.6800879153421509
44,7,false,0.2660652479609988,0.029601698524301057,4,0.2660652479609988
44,9,false,-0.03479229699337105,-0.0052927391057123185,4,-0.03479229699337105
45,0,true,0.06305174650346679,-0.002228109755757046,4,0.06305174650346679
45,1,true,0.0014411459786738412,-0.002228109755757046,1,0.06665628218982095
45,2,false,-0.016114022415277818,-0.003878428865898287,2,0.09238874169442679
45,3,true,-0.0008385318936878772,-0.004659078951338991,1,0.1355292873508466
45,4,false,-0.002610467186845322,-0.016879801551569873,5,0.7938549482872538
45,5,true,-0.0013700740070413664,-0.004659078951338991,4,-0.0013700740070413664
45,6,true,0.003472367053267922,-0.004659078951338991,4,0.003472367053267922
45,7,true,-0.004259140040166809,-0.015563536359480379,4,-0.004259140040166809
45,8,false,0.004838216255664829,-0.015563536359480379,4,0.004838216255664829
45,9,true,0.49867277663710213,-0.02822782565405313,3,1.3215831477385072
45,11,false,0.037283209695725406,-0.02822782565405313,4,0.037283209695725406
45,12,false,0.011035997755673432,-0.01305349368420261,3,0.39157736369310386
45,13,true,0.0032136424094160176,-0.01305349368420261,5,0.6191365392997553
46,0,true,-0.008481613382121056,-0.0038876378248189347,2,0.10027878017806764
46,1,true,-0.000499098876978521,-0.0038876378248189347,1,0.11328920514623667
46,2,false,-0.003740251548746021,-0.007072787646343781,5,0.3299858727836439
46,3,true,0.0025795042216065767,-0.00030635237191467546,3,0.011510427458476686
46,4,true,0.0038363701920974824,-0.00030635237191467546,5,0.018291461292135033
46,5,true,0.00028030929077482725,-0.002424272612100431,3,0.0709538035699238
46,6,false,-0.0030848093954611855,-0.0059858789505693455,3,0.17141824758632324
46,7,true,-0.007166680408690396,-0.0059858789505693455,5,0.27527417357750367
46,8,true,0.024362893635919924,-0.0059858789505693455,5,0.306803747622114
46,10,false,-0.0008761287115598426,-0.004571532082802587,4,-0.0008761287115598426
46,12,true,0.0024737925800278893,0.0013170310371140026,3,-0.03592089331558709
46,13,false,0.0013359117905679119,0.0013170310371140026,5,-0.0608075718850284
47,0,true,-0.02864108369452223,0.01711565898681866,1,-0.5296038523753995
47,1,true,-0.006862896999170143,0.01711565898681866,1,-0.5078256656800475
47,2,false,-0.021057782873906805,0.01711565898681866,2,-0.4998847444711016
47,3,true,-0.00904112419915215,0.01308407125245048,2,-0.3750805555734835
47,4,false,0.005268721526595854,0.01308407125245048,4,0.005268721526595854
47,5,true,-0.02892302569863503,0.01308407125245048,3,-0.4103558027685633
47,6,true,0.01352606347410168,0.005727275342050198,3,-0.15343806386915076
47,7,true,0.0017120652210185772,0.005727275342050198,2,-0.1585139507551366
47,8,false,0.00773045035921005,0.005727275342050198,5,-0.2625083152390936
47,9,true,0.6591882510091018,0.017343430650114178,4,0.6591882510091018
47,11,true,0.0005194221918706776,0.00976625792897956,2,-0.27270100209382037
47,12,true,-0.02049279727905362,0.00976625792897956,5,-0.48130903704749434
47,13,true,-0.00897800935804971,0.00976625792897956,3,-0.29368838822687493
47,14,false,0.03649157536744896,0.00976625792897956,3,-0.24821880350137626
48,0,true,-0.0020029259737572858,0.0011935504941178454,3,-0.03679785109763955
48,1,true,0.004966703514307724,0.0011935504941178454,5,-0.05135040941398232
48,2,true,0.004236998977445561,0.0011935504941178454,4,0.004236998977445561
48,3,false,0.0056501369634041065,0.0011935504941178454,2,-0.027740581854458116
48,4,true,0.0003727750364417304,0.003264292436652827,5,-0.15365131250064515
48,5,false,-0.00048102003358363454,0.003264292436652827,4,-0.00048102003358363454
48,6,false,0.010934554698717625,0.003264292436652827,4,0.010934554698717625
48,7,true,0.00015552724724066103,0.003264292436652827,5,-0.15386856028984622
48,8,true,0.03634879972330929,0.026813304197052412,3,-0.745324800562763
48,9,true,0.004471729338584307,0.026813304197052412,2,-0.7456561499878038
48,13,false,0.00012244302871500246,0.006388399930132405,1,-0.18686133123931342
48,14,false,0.005431890425504626,0.006388399930132405,5,-0.29600172471639846
48,15,false,0.0011790023311291087,0.006388399930132405,5,-0.300254612810774
48,17,false,0.010157623492169865,0.006388399930132405,4,0.010157623492169865
49,0,true,0.05288846063842678,0.0040221827306786695,5,-0.13689632029727059
49,1,true,0.002617719972607291,0.0040221827306786695,2,-0.10990669625949911
49,2,false,-0.003408598820620279,0.0040221827306786695,3,-0.12066509332023084
49,3,false,0.019396111758614554,0.00039132450648737827,1,0.00794233084526666
49,4,true,-0.008339706572630168,0.00039132450648737827,3,-0.0197477760003356
49,5,false,0.0697034412586911,0.010399703805297866,2,-0.22123823842986562
49,6,false,0.9413407391894035,0.010399703805297866,5,0.4506356567399129
49,7,true,0.014419876855287228,0.00039132450648737827,4,0.014419876855287228
49,8,true,0.004731033628254222,0.009111783006519936,2,-0.2501798275372411
49,9,true,0.007559032833231782,0.009111783006519936,3,-0.2580717963770996
50,0,true,0.0008942154451516693,-0.00894106898683611,3,0.2615483121571349
50,1,true,0.003655576107616021,-0.00894106898683611,4,0.003655576107616021
50,2,true,0.00410579779323017,-0.00894106898683611,4,0.00410579779323017
50,3,true,0.001776693236071103,-0.00894106898683611,5,0.42365678487261677
50,4,true,-0.0006390596540902793,-0.00894106898683611,5,0.4212410319824554
50,5,true,0.00044010811486461243,-0.00894106898683611,3,0.26109420482684786
50,6,true,0.007414570573974877,0.004987825643052224,3,-0.1379927839001681
50,7,true,0.006191228943920102,0.004987825643052224,3,-0.13921612553022286
50,8,true,-0.0017455821359043666,0.004987825643052224,1,-0.14773557561294565
50,9,false,0.00031305720950824956,0.004987825643052224,5,-0.23503512570419954
50,11,true,0.004030963629323425,0.017776711844202375,4,0.004030963629323425
50,12,false,-0.00861397998699065,0.017776711844202375,2,-0.5059345287373274
50,13,false,-0.0026093201219399287,0.01416520408733779,4,-0.0026093201219399287
50,14,false,0.012964886278994392,0.021748420702541127,3,-0.6210549341115229
50,15,false,0.5508733149252059,0.021748420702541127,2,-0.05755959511087616
50,17,true,0.005026018831354673,-0.0017182072044051866,5,0.08609880933462295
50,18,false,0.001316759326617123,-0.0002611103957930183,5,0.013637129280880678
51,0,true,-0.003329094358565876,0.0011612182527592774,3,-0.037181455323911934
51,1,true,-0.0023006040581212694,0.0011612182527592774,2,-0.03478679744092585
51,4,true,0.0006643216128164875,0.0011612182527592774,4,0.0006643216128164875
51,5,false,-0.010088498614670649,-0.005525614066014595,2,0.1444958499182207
51,6,false,-0.011757897495523584,-0.005525614066014595,5,0.2489655766159678
51,7,false,0.0009859423155031966,-0.005525614066014595,2,0.15557029084839455
51,8,false,0.0042919491224792106,-0.007830673067485083,4,0.0042919491224792106
51,10,true,-0.0032179519454503813,-0.004830301179243657,5,0.22469751399398963
51,11,true,0.7143888384405593,-0.007525229184187077,1,0.9346467700791712
51,12,false,0.01739890021425128,-0.004136786948145121,1,0.13847961610031229
51,14,false,0.015009907527410271,0.0007946115126319375,2,-0.007220110991696883
51,15,false,0.005151036760774441,0.0007946115126319375,3,-0.018013838308074737
51,16,false,0.008701336203338017,0.0007946115126319375,2,-0.013528682315769137
52,0,true,-0.006983943616405863,0.0016522610583959985,4,-0.006983943616405863
52,1,true,-0.003743710010719825,0.0016522610583959985,4,-0.003743710010719825
52,2,true,0.0005668552277580119,0.0016522610583959985,5,-0.07739429771154621
52,3,true,0.0018102426416333195,0.002121891485281857,1,-0.060295962800168315
52,4,true,-0.000691408919802794,0.002121891485281857,1,-0.06279761436160443
52,5,true,-0.0025937155451207783,0.002121891485281857,2,-0.06195566319311613
52,6,true,0.002051990891785982,0.002121891485281857,1,-0.06005421455001565
52,7,true,0.002817994255273737,0.002121891485281857,2,-0.05654395339272161
52,9,true,-0.003514619851153755,-0.005672608198682427,4,-0.003514619851153755
52,10,true,0.006731034427839289,-0.005672608198682427,4,0.006731034427839289
52,11,false,0.14922398342739118,-0.0006078325766261106,2,0.16622868222688347
52,12,false,-0.013817009867819863,-0.005672608198682427,1,0.15221606610327368
52,14,false,0.01950479406962269,0.0020728219246615165,4,0.01950479406962269
52,15,true,-0.008964925760867937,0.0020728219246615165,4,-0.008964925760867937
52,16,true,0.0058804803118225335,0.0020728219246615165,3,-0.05454736419009416
52,17,false,0.017743254799028607,0.0020728219246615165,4,0.017743254799028607
53,0,true,0.015363860160521658,-0.0004970117350105441,4,0.015363860160521658
53,1,true,-0.014941841171818293,-0.0004970117350105441,2,-0.0010374616129285481
53,2,true,-0.006350141747345495,-0.0004970117350105441,3,0.008138969681630396
53,3,false,-0.0028111491283924206,-0.0004970117350105441,4,-0.0028111491283924206
53,4,true,-0.022598457773396696,-0.0004970117350105441,5,0.0008528047791455939
53,5,false,0.03337170580167759,-0.022738020382508606,5,1.1062543931771676
53,6,true,-0.010950475805788618,-0.022738020382508606,1,0.6545746818242064
53,7,false,-0.01940635664579693,-0.022738020382508606,4,-0.01940635664579693
53,8,true,-0.014006429769096829,-0.022738020382508606,1,0.6515187278608983
53,9,true,-0.015244311786365095,-0.00685011915869671,1,0.18525364521181167
53,10,true,0.0004731856228359921,-0.0031190680010722005,2,0.0877321018654783
53,11,false,0.004532481641214781,-0.0031190680010722005,2,0.0917913978838571
53,13,false,-0.016040347986233217,0.02204528957259988,1,-0.6612897835566989
53,14,true,0.050219386839260305,0.02204528957259988,3,-0.5924548894424929
53,16,true,-0.0018929125617084264,-0.005022646182605728,5,0.23509826096523526
54,0,true,-0.00491154893437884,-0.0017016144315664672,2,0.04269274539658426
54,1,true,0.001279766150563355,-0.0017016144315664672,5,0.08156963455178662
54,2,false,-0.003912059544135538,-0.0017016144315664672,1,0.04589294518991363
54,3,true,0.0036034718111884745,-0.0017016144315664672,3,0.05320970718025267
54,4,true,0.0034955583805639234,0.0024835852216973375,4,0.0034955583805639234
54,5,false,0.005936862612187399,0.009356778721991033,5,-0.4355582953457986
54,6,true,0.04909062878795756,0.009356778721991033,5,-0.39240452917002844
54,7,false,0.061030827589050096,-0.0007820321011495768,3,0.08382898195124433
54,8,true,0.011687155139375904,-0.0007820321011495768,3,0.03448530950157014
54,10,false,0.006645952077594552,0.006090813549829099,3,-0.17091620591595422
55,0,true,0.0026676443088686774,0.005893559670648529,2,-0.16221033510528723
55,1,true,0.009738364438451552,0.005893559670648529,4,0.009738364438451552
55,2,true,0.005193740433378058,0.005893559670648529,3,-0.16661798304541142
55,3,true,-0.0010546402227515905,0.005422287037785356,4,-0.0010546402227515905
55,4,true,-0.0012649955245839228,0.005422287037785356,1,-0.1599713549538847
55,5,true,0.00032094412245187165,0.005422287037785356,1,-0.1583854153068489
55,6,true,-0.00270911046769462,0.005422287037785356,1,-0.1614154698969954
55,7,true,0.007628060427650518,0.005422287037785356,2,-0.14406561547522542
55,8,false,0.0016601747644460207,0.005422287037785356,4,0.0016601747644460207
55,9,false,-0.000595725940992109,0.0008954057569163787,1,-0.02680359485349384
55,10,false,0.023912193102908375,0.0008954057569163787,3,-0.0021910814723542713
55,11,false,0.01647209024529528,0.0008954057569163787,1,-0.009735778667206454
55,12,true,0.004964527401998486,0.0008954057569163787,5,-0.03728476777019373
55,13,false,-0.0020374623138731396,0.0008954057569163787,5,-0.04428675748606536
55,15,false,0.008107914211741063,0.00565975080274328,2,-0.1502290380704902
55,16,false,0.01833429784953644,0.00565975080274328,1,-0.1473224515849825
56,0,true,-0.011553469979408981,0.0047585763761529565,5,-0.23608463516632505
56,1,true,0.0017708169287729003,0.0047585763761529565,5,-0.22276034825814317
56,2,true,0.014533572427722685,0.0047585763761529565,1,-0.12474646336949075
56,3,true,0.007848921663288433,0.00495524086925081,3,-0.136608506712054
56,4,true,0.005561051249406868,0.00495524086925081,3,-0.13889637712593556
56,5,true,0.010362625629033229,0.00495524086925081,3,-0.1340948027463092
56,6,true,0.007259032377815222,0.00495524086925081,5,-0.22655165346730535
56,7,true,0.013240342438975317,0.00495524086925081,4,0.013240342438975317
56,8,true,-0.011062047740155845,-0.014516641462398283,3,0.41213366557377235
56,9,true,0.004189521851336808,-0.014516641462398283,5,0.6891503514152532
56,10,true,0.7681739448947957,-0.010074199331539635,2,1.050009325008444
56,11,false,-0.004539994990160112,-0.010074199331539635,3,0.28914763125732784
56,12,false,0.01574664689773242,-0.010074199331539635,4,0.01574664689773242
56,14,true,0.0539078915739688,0.006558866268489338,4,0.0539078915739688
56,15,true,0.01950714084349925,0.006558866268489338,4,0.01950714084349925
57,0,true,0.02565305820641761,0.00011631421523139451,1,0.022248626548592585
57,1,true,0.014375977311149146,0.00011631421523139451,2,0.011121975679502776
57,2,true,0.009509660379282359,0.00011631421523139451,1,0.006105228721457332
57,3,true,0.002456315925158048,0.00011631421523139451,5,-0.00303191505177548
57,4,true,-0.00028928962614815923,0.00011631421523139451,5,-0.005777520603081687
57,5,true,0.005552683704706185,0.00048788343783656707,3,-0.008670315466562646
57,6,true,-0.0027364756826063763,0.00011631421523139451,4,-0.0027364756826063763
57,7,true,0.002004093321097855,0.002319759932009613,3,-0.06562259992518486
57,8,true,0.0002510079895520212,0.002319759932009613,5,-0.10920576212729637
57,9,false,-0.0019915411220119417,0.002319759932009613,5,-0.11144831123886033
57,10,false,0.0005806705331758977,0.002319759932009613,3,-0.06704602271310682
57,11,false,0.0022556020615968064,0.002319759932009613,5,-0.10720116805525158
57,12,true,-0.0003574447506421441,0.002319759932009613,3,-0.06798413799692486
57,13,true,-0.0025570407608959123,-0.002965280724163022,4,-0.0025570407608959123
57,14,true,0.0017179273275397255,-0.002965280724163022,5,0.1416332892915072
57,15,true,0.299443273046678,-0.0012504526415348938,2,0.33442588396621414
57,17,true,0.007184426924943588,-0.00032343188739791806,4,0.007184426924943588
58,0,true,-0.015155656346078183,-0.002575148540738814,2,0.056886591771451486
58,1,true,-0.0019041824298378085,-0.002575148540738814,3,0.0731677153235176
58,4,true,-0.005369428009310173,-0.007876306432014757,4,-0.005369428009310173
58,5,true,-0.013272390948745993,-0.007876306432014757,1,0.2172613139001212
58,6,false,0.01644517900370479,-0.007876306432014757,2,0.2367923990759521
58,7,true,0.007567651596863012,-0.007876306432014757,5,0.3792074280249529
58,8,true,0.004458513760921656,-0.007876306432014757,3,0.23407216974391423
58,9,true,-0.0315390768726711,-0.034367165076885864,4,-0.0315390768726711
58,10,true,-0.00935334604514293,-0.034367165076885864,4,-0.00935334604514293
58,11,false,-0.013056123815908371,-0.0343209537421294,5,1.6063617702973165
58,12,false,-0.009404235761471313,-0.0343209537421294,5,1.6100136583517535
58,14,false,0.000999750101203789,-0.007281496742689519,1,0.21412381217604365
58,15,false,-0.005307174494295408,-0.007281496742689519,2,0.19839967453015775
58,16,false,-0.005500903268053858,-0.007281496742689519,3,0.20677259098317385
58,17,false,-0.00732218641483251,-0.007281496742689519,3,0.2049513078363952
58,18,true,0.04023361147084581,-0.007281496742689519,5,0.38380757534248505
58,19,true,0.017570923739046895,-0.007281496742689519,3,0.2298444179902746
59,0,true,0.008056976436795593,-0.006738625892802719,5,0.3260158372112272
59,1,true,0.012514282497792184,-0.006738625892802719,4,0.012514282497792184
59,2,true,0.012185195200939303,-0.006738625892802719,5,0.3301440559753709
59,3,true,0.01659031756975604,-0.0007543722890442917,2,0.03769460524891474
59,4,true,0.013762983569629017,-0.0007543722890442917,2,0.03486727124878772
59,5,true,0.012808107070096053,-0.0007543722890442917,3,0.034799910049682574
59,6,true,0.01259949708718111,-0.0007543722890442917,3,0.03459130006676763
59,7,true,0.01336273256371523,-0.0007543722890442917,2,0.03446702024287393
59,8,false,0.011719285367382093,-0.0007543722890442917,5,0.047313983372580484
59,9,true,0.014337967977536059,-0.0007543722890442917,1,0.036417890861416974
59,10,true,0.01380395980070459,-0.0007543722890442917,5,0.04939865780590298
59,11,true,0.011016401118131736,-0.005681855325818996,1,0.17732013370935584
59,12,true,0.01652697464125119,-0.005681855325818996,5,0.28462261835581093
59,13,false,0.03307538541521404,-0.002889847624909181,1,0.11765910307138418
59,14,false,-0.0035596223586488174,-0.005681855325818996,4,-0.0035596223586488174
59,16,false,5.0640890721598275e-05,-0.0013203231312436392,4,5.0640890721598275e-05
59,17,true,0.03770922986086622,-0.0013203231312436392,3,0.07619988837708334
60,0,true,0.03151189199874338,0.001209667114813684,5,-0.025565676018981978
60,1,false,0.03207668429166666,-0.01623885797208391,4,0.03207668429166666
60,4,true,0.004380741667659782,-0.003052494233344416,1,0.0937250061038879
60,5,true,-7.578459027723916e-05,-0.003052494233344416,5,0.1439547053633705
60,6,true,-0.0108907675658369,-0.003052494233344416,4,-0.0108907675658369
60,7,true,-0.01711600301785121,-0.003052494233344416,4,-0.01711600301785121
60,8,true,-0.017048684017305915,-0.023581217100131613,4,-0.017048684017305915
60,9,true,0.7087095646102521,-0.035285420542486845,2,1.6958530172842095
60,10,true,0.027801139783855677,-0.023581217100131613,2,0.6875082853583064
60,12,false,-0.017421080965161206,-0.015074446844512313,1,0.4237969073913167
60,13,false,-0.055563119486495616,-0.015074446844512313,5,0.6557174919813626
61,0,true,0.008507533293846237,0.00038174375340471745,4,0.008507533293846237
61,2,true,-0.0007075214313231326,0.00038174375340471745,1,-0.011880880738115654
61,3,true,0.0010254444572610488,0.00038174375340471745,1,-0.010147914849531472
61,4,true,-0.0005976903949377332,0.00038174375340471745,1,-0.011771049701730254
61,5,true,0.0012741296339902064,0.00038174375340471745,4,0.0012741296339902064
61,6,true,-0.0010534802579897917,0.001282409219728664,4,-0.0010534802579897917
61,7,true,0.0002396930309583878,0.001282409219728664,2,-0.03563693378661303
61,8,true,-0.001718000514721929,0.001282409219728664,3,-0.039103375493444406
61,9,true,-0.00010847668967750579,0.001282409219728664,3,-0.03749385166839998
61,10,true,0.0027502012226060524,0.001282409219728664,5,-0.0577596684508329
61,11,true,0.009421458522503534,0.001282409219728664,3,-0.027963916456218943
61,12,true,1.4993126949969238e-06,0.010465590478176523,4,1.4993126949969238e-06
61,13,true,0.006671443598000981,0.010183509361568643,1,-0.29139239657245003
61,16,false,0.01965022856457821,6.568953693353308e-05,4,0.01965022856457821
61,17,false,0.05102000572388399,6.568953693353308e-05,4,0.05102000572388399
61,18,true,0.5466621886013445,0.010065976392613751,3,0.25321428119745343
62,0,false,0.007804278297997305,-0.014131475334648591,3,0.419771454033202
62,1,false,0.014754770491669608,-0.035343396809548594,3,1.045101497900825
62,2,false,-0.030733474765578694,-0.014131475334648591,5,0.6360534740789769
62,3,true,0.048650197966929404,-0.014131475334648591,1,0.4622681027547686
62,4,false,0.011995796584799205,-0.014131475334648591,1,0.42561370137263843
62,5,true,0.0038469390722492072,-0.02448976439831159,5,1.1593848354612026
62,6,true,0.0563111541378802,-0.02448976439831159,4,0.0563111541378802
62,7,true,-0.0011121694413031014,0.009639981770098102,3,-0.28214128847666037
62,8,true,0.0765518472311726,0.014597555782589505,5,-0.612226886083094
62,10,true,-0.009579227462501796,0.005729772927683605,4,-0.009579227462501796
63,0,true,0.00398302088864777,-0.000578406821388322,4,0.00398302088864777
63,1,false,0.133818919853269,-0.006795385784128527,2,0.3239263489859074
63,2,true,0.0025237080938724787,-0.000578406821388322,5,0.02981555912083305
63,5,true,0.011838733803245294,-0.0022988245201280844,2,0.07615055265087342
63,6,true,0.009591659518098372,-0.0022988245201280844,4,0.009591659518098372
63,7,true,-0.004150437145053476,-0.005814322001672867,3,0.16535131388381724
63,8,false,0.03785081842813276,-0.002247482581369975,1,0.10363298301742756
63,9,true,0.2258090435309199,-0.002247482581369975,1,0.2915912081202147
63,11,false,0.0137402974538533,0.0018960128432141676,2,-0.0393024787293292
63,12,false,0.0040480342716231466,0.0018960128432141676,4,0.0040480342716231466
64,0,true,0.0006458780501924499,-0.0013978795080017425,3,0.04139749522335548
64,1,true,0.004852081529710062,-0.0013978795080017425,3,0.04560369870287309
64,2,true,0.0033136344140001217,-0.0013978795080017425,2,0.042420653197848227
64,3,true,0.007183980062996587,0.002524204281938447,2,-0.06343305359618315
64,4,false,0.0016798540202339618,0.002524204281938447,4,0.0016798540202339618
64,5,false,0.0035924604557590056,0.002524204281938447,1,-0.07028914508276385
64,6,false,0.007436397261492256,0.004403626416124018,3,-0.12094011649114386
64,7,true,0.005398999069795463,0.002524204281938447,5,-0.11370438055309044
64,8,true,-0.0016428019152231466,-0.000611910472351096,1,0.01626736821903277
64,9,true,0.00035070623711308535,-0.000611910472351096,2,0.017469488077241357
64,10,false,-0.003513066519541752,0.0014313989882005496,1,-0.04540906367443944
64,11,true,0.718247734295581,0.0015550955109682185,1,0.6727312307628913
65,0,true,0.01890156883703742,0.004473139051935693,1,-0.11202392610756462
65,1,true,-0.0011116082111861658,0.004473139051935693,3,-0.1315145858379113
65,2,true,0.005275199504374606,0.004473139051935693,5,-0.20578774116995088
65,3,true,0.005398656121729517,0.0007239425416961653,5,-0.028760228714081036
65,4,false,-0.00034648114158641885,0.0007239425416961653,2,-0.020599467478734573
65,5,true,0.0038235720463301037,0.004740797775122818,2,-0.12880478868211276
65,6,true,0.0066935967195999035,0.004425074722255062,1,-0.12282509059404018
65,7,false,0.13505418494840693,0.004425074722255062,3,0.00605240045143135
65,9,false,-0.003047492993742962,-0.0017985361884492734,1,0.04959434038422922
65,10,false,0.005718180786910887,-0.0017985361884492734,4,0.005718180786910887
65,11,false,-0.0014568807371715398,-0.0017985361884492734,4,-0.0014568807371715398
66,0,true,0.002900148142871095,0.000914387574601716,3,-0.02375649298733119
66,1,false,-0.015744926827826133,-0.004097898143782142,2,0.09889770064174024
66,3,true,0.006534371684063678,0.0068371563532293456,3,-0.1927855100832527
66,5,true,-0.00029077895173790225,0.0068371563532293456,4,-0.00029077895173790225
66,6,false,-0.00019388368603900918,0.0068371563532293456,5,-0.3228018574172073
66,7,true,0.0035574163805545123,0.0068371563532293456,5,-0.3190505573506138
66,9,true,0.0008711691973888325,-0.009422650444045,5,0.44547445306037564
66,10,true,-0.0016148126979876887,-0.009422650444045,4,-0.0016148126979876887
66,11,false,0.009338858564826302,-0.009422650444045,1,0.28513291699963245
66,13,false,0.005135846564891744,-0.0034143955665316694,5,0.16624247896115063
66,14,false,0.005682485450684616,-0.0034143955665316694,3,0.10522049298893536
66,15,false,0.01568324781695829,-0.0034143955665316694,2,0.11120423570719298
66,16,false,0.04269067521733272,-0.0034143955665316694,3,0.14222868275558348
67,0,true,-0.0025694548000464446,0.007195928691650644,2,-0.20388245559929877
67,1,true,0.0020712949237567946,0.007195928691650644,1,-0.20854825313896852
67,2,true,0.004858987407102444,0.007195928691650644,3,-0.20491998822629773
67,3,true,0.0003837149604227763,-0.005114201076703684,5,0.2416948626614487
67,4,false,0.008421897620185415,-0.005750228079622999,5,0.27974367723446186
67,5,true,0.011309886778966827,-0.005114201076703684,2,0.15438456269071776
67,6,true,0.0018626210778467378,0.0027517566291398454,5,-0.1279777079222084
67,7,true,-0.001921859676602855,0.0027517566291398454,2,-0.07890488830557417
67,8,false,0.01105142339513654,0.004626075182159628,4,0.01105142339513654
67,10,true,0.014543639477631376,-0.0029400827478829328,5,0.15327004690408766
67,11,false,0.013419738350837096,-0.0029400827478829328,4,0.013419738350837096
67,12,true,0.02070219806405349,-0.0029400827478829328,5,0.15942860549050977
68,0,true,0.0039592001971000546,-0.0052786277393211956,2,0.15163386956089067
68,1,false,-0.0009858700578054824,-0.0054799807177488,4,-0.0009858700578054824
68,2,true,-0.00031409462267650845,-0.0052786277393211956,1,0.15418746264500238
68,3,true,0.0008858943658949237,-0.002442824580609071,1,0.07238557581234607
68,4,true,0.0003243528251126726,-0.002442824580609071,1,0.07182403427156382
68,5,true,-0.0008200680965543272,-0.002442824580609071,2,0.06752029043412221
68,6,false,-0.003901345983697735,-0.002442824580609071,4,-0.003901345983697735
68,7,true,-0.0045154450031643645,-0.0016447404297569301,1,0.04362489946659645
68,8,false,-0.012227945718720656,-0.002959464231878761,4,-0.012227945718720656
68,9,false,0.008888561671710038,-0.0002650307234911553,3,0.016614857479763705
68,10,true,0.0006133496777137593,-0.0016447404297569301,5,0.07821964532824346
68,12,false,-0.00035376564214373296,-0.001232868380047103,2,0.0341369087117823
68,13,false,0.05020779385689789,-0.001232868380047103,2,0.08469846821082391
69,0,true,-0.007046403889560571,0.0011490753672831477,2,-0.039192888414994506
69,1,false,-0.01944218928781838,0.0011490753672831477,1,-0.0530747813989655
69,2,true,0.015491948900645092,0.0011490753672831477,3,-0.018006417162087243
69,3,true,-0.004017676997413844,0.007057764695068025,4,-0.004017676997413844
69,5,true,-0.012295064987507098,0.0033741818445258698,3,-0.11066074387017082
69,6,false,-0.004161575191282241,0.007057764695068025,1,-0.21073716454266908
69,8,true,0.023155365814553908,0.032902378503644636,2,-0.8973202022225354
69,9,true,1.295371657541633,0.023496195724348024,1,0.6076552644654329
69,11,true,-0.014831196011158232,-0.009493136956617576,3,0.26191703644665904
69,12,false,-0.01158638088927555,-0.009493136956617576,5,0.43634277557653317
69,14,false,-0.03166348055416224,-0.009493136956617576,4,-0.03166348055416224
70,0,true,-0.013627037723864588,-0.007984241113621116,4,-0.013627037723864588
70,1,true,-0.003725004389987907,-0.007984241113621116,4,-0.003725004389987907
70,2,false,0.0015071714145407644,-0.007984241113621116,3,0.23426738817001164
70,3,true,0.035905944063014894,0.006456515450272204,4,0.035905944063014894
70,4,false,0.007001126585730488,0.006456515450272204,2,-0.17362608022763804
70,5,true,-0.023136662896897253,-0.012025586733853066,5,0.5442849329693953
70,6,true,0.2729086566271772,-0.011236677111144122,5,0.8031059268103306
70,7,true,0.023175152416450462,-0.012025586733853066,5,0.590596748282743
70,9,false,0.012500921394274889,-0.0008202434579143159,3,0.036413030552737494
70,10,false,0.044031994908133976,-0.0008202434579143159,3,0.06794410406659658
70,11,true,0.1380563216507888,-0.0008202434579143159,2,0.16100341840152224
71,0,true,0.001419387263790317,-0.0026290939267620272,4,0.001419387263790317
71,1,true,0.0009088787041319213,-0.0026290939267620272,5,0.12496142637784566
71,2,false,-0.004717604680916865,-0.006632444261683523,2,0.1808313792191746
71,3,true,0.000937610547363299,-0.0026290939267620272,4,0.000937610547363299
71,4,true,-0.001242232581671554,0.00360963039791129,5,-0.1715609277272892
71,5,true,-0.00324685690344817,0.00360963039791129,3,-0.10847643875959029
71,6,true,-0.002289854203802233,0.00360963039791129,1,-0.10794108501208845
71,7,true,0.0024193557886939,0.00360963039791129,2,-0.0985635135972775
71,8,true,-0.012529963146689194,-0.006361666038645963,4,-0.012529963146689194
71,9,true,-0.001612455056410389,-0.006361666038645963,5,0.29855973411878706
71,10,false,-0.0006796182460239164,-0.009529087838514694,2,0.26590574548567486
71,11,true,0.0028414176796912605,-0.009529087838514694,5,0.4524668994251171
71,12,true,0.018318841701422506,-0.009529087838514694,5,0.46794432344684833
71,13,true,0.7831957698460803,-0.009529087838514694,5,1.2328212515915062
71,15,false,-0.002304034398881938,-0.004174676883922923,1,0.11988569208075342
71,16,false,-0.0012317128363000807,-0.004174676883922923,5,0.1957484322599291
71,17,false,-0.002709910863751497,-0.004174676883922923,5,0.1942702342324777
72,0,true,8.404863865685286e-05,-0.002410340839887004,2,0.06751564339440441
72,1,true,0.006080106959222675,-0.002410340839887004,1,0.07662901317103221
72,2,true,0.00446617927329962,-0.0006431608083905527,1,0.02329102379295844
72,3,false,0.002708645734928794,-0.0006431608083905527,5,0.03305588286958561
72,4,true,-0.0005432038557209307,-0.0006431608083905527,3,0.018206511619957386
72,5,true,0.01189393881559253,0.011317770725120191,2,-0.30473154271196823
72,6,false,0.06374325490266197,0.028770359703982784,1,-0.7783440444734122
72,7,true,0.9264501491567927,0.028770359703982784,1,0.08436284978071851
72,9,false,0.006680839689367168,0.010862856876554972,4,0.006680839689367168
72,10,false,0.0021572884243887813,0.010862856876554972,2,-0.30174154225877714
72,11,true,0.0015138086697488173,0.010862856876554972,3,-0.315165119883282
72,12,true,-0.003972413734106839,0.010862856876554972,1,-0.3219202567504969
73,0,true,-0.016759816430396812,0.002450362397160455,1,-0.08848012423148018
73,1,true,-0.0014364989833278718,0.002450362397160455,2,-0.06998773515530095
73,2,true,0.02840327197939596,0.004308017023717192,3,-0.0971859934194165
73,3,true,0.025337703663990907,0.004308017023717192,4,0.025337703663990907
73,4,false,-0.008020116079172745,0.004308017023717192,1,-0.13411261052462678
73,5,false,0.0026705848476532568,0.004308017023717192,3,-0.1229186805511592
73,6,true,0.02189833175444833,0.027671325446246398,2,-0.7522335142350867
73,7,true,0.030319225065189248,0.027671325446246398,5,-1.2753391175954762
73,8,true,0.3193385387511254,0.03962452837068697,4,0.3193385387511254
73,10,false,0.008241434878201837,0.013839415737412986,1,-0.39682809998922414
73,11,false,-0.0057650551603153355,0.013839415737412986,3,-0.4092179771060019
73,12,false,-0.019301221437422633,0.013839415737412986,2,-0.40647213860335196
73,13,false,0.010000726042502905,0.013839415737412986,3,-0.39345219590318364
73,14,true,0.0008918600684709732,0.013839415737412986,5,-0.652114395457814
74,0,true,0.04005423936713426,-0.0031064156617042205,4,0.04005423936713426
74,1,true,-0.0026404181806132243,-0.0031064156617042205,2,0.084264536743839
74,2,true,0.021014324634785253,-0.004081698157199276,3,0.14000583983080211
74,3,true,0.0035216181159059,0.0034520004319625874,2,-0.09305140192041356
74,4,true,1.1151073830172695,0.0007665730656136738,1,1.092670352363541
74,6,true,0.005204360759159532,-0.0017092194715415676,3,0.055032301701470825
74,7,false,0.00033377347356866593,-0.0017092194715415676,5,0.08098248207234757
74,8,false,0.0036048539158995974,-0.0017092194715415676,4,0.0036048539158995974
74,9,false,-0.0006604070797627815,-0.0017092194715415676,3,0.04916753386254851
74,10,false,5.745127405798467e-05,-0.0017092194715415676,5,0.08070615987283689
74,11,true,-0.0019729801078750553,-0.0017092194715415676,2,0.04584407250408132
75,0,true,-0.0015403249364371874,-0.008022786799708692,4,-0.0015403249364371874
75,1,true,-0.0032440870774030905,-0.008022786799708692,4,-0.0032440870774030905
75,2,true,-0.0038009128309326456,-0.008022786799708692,3,0.23008300524080066
75,3,true,0.0010219919504378394,-0.008022786799708692,1,0.23584306958546888
75,4,true,-0.0015793248434872176,-0.008022786799708692,3,0.2323045932282461
75,5,true,0.010008984043344493,-0.007543367912724697,1,0.23079782294503953
75,6,false,1.1708315065310313,0.6995308870802048,4,1.1708315065310313
75,7,true,0.0037852547683960847,-0.007543367912724697,1,0.22457409367009112
75,9,true,-0.0078178261110593,0.006052424598543382,1,-0.18496784916618178
75,10,true,0.00028705689159536085,0.006052424598543382,1,-0.17686296616352712
76,0,true,-0.005994956423258313,-0.00126232804718851,4,-0.005994956423258313
76,1,true,-0.006920728078795624,-0.00126232804718851,4,-0.006920728078795624
76,2,false,-0.0012570981063223519,-0.00126232804718851,3,0.03554286142631894
76,3,true,-0.0015881493512339695,-0.00126232804718851,3,0.03521181018140732
76,4,true,-0.001175099969716209,0.0013603984363954602,4,-0.001175099969716209
76,5,true,0.0024170868730144512,0.0013603984363954602,1,-0.03740077627386519
76,6,true,0.0072212608414726764,-0.008701559441701479,2,0.25065572467579506
76,7,false,0.0031961596667166026,-0.008701559441701479,2,0.24663062350103898
76,8,true,0.017616550802808217,-0.008701559441701479,2,0.2610510146371306
76,9,false,0.009783330441628935,-0.008701559441701479,5,0.42036227799820025
77,0,true,-0.009789479113528232,-0.0023539278256962115,5,0.10127948683144235
77,1,true,0.0021006526528827285,-0.0023539278256962115,2,0.06795403927768309
77,2,true,-0.0050402291376289154,-0.0023539278256962115,3,0.06358254203608549
77,3,true,0.0010795957644443854,0.004869707557450975,3,-0.14088432672711673
77,4,false,0.05863545467533127,0.016970435918066573,3,-0.4360943870857388
77,5,true,0.009642905930360324,0.004869707557450975,4,0.009642905930360324
77,6,true,0.020544363993730497,0.008747821773071096,1,-0.23549795484070868
77,7,false,0.39236475374176427,0.01690832092979988,3,-0.10055428372031561
77,9,false,0.002634182726677925,-0.0037986549589063,3,0.11337429428291224
77,10,false,0.005414261442680757,-0.0037986549589063,3,0.11615437299891507
77,11,false,-0.015038921912242098,0.005794675236322155,4,-0.015038921912242098
77,12,true,0.026236833663822012,0.001380311629791131,2,-0.012378706892294693
78,0,true,0.02035967234308056,-0.0032964895553189155,2,0.11258212658371831
78,1,true,0.03459560028316444,-0.0032964895553189155,2,0.12681805452380218
78,2,true,0.01740909204542307,-0.0032964895553189155,2,0.10963154628606082
78,3,true,0.02265800883460245,0.0036827211303935847,1,-0.08513253403507987
78,4,true,0.016635527442920295,0.0036827211303935847,3,-0.09072482858365256
78,5,true,0.01832586885980736,0.0036827211303935847,4,0.01832586885980736
78,6,true,0.023532677182667827,0.0036827211303935847,2,-0.07949497548523057
78,7,true,0.030966114998500216,0.0012099290924102446,2,-0.0028828108017288703
78,8,false,0.04160190308438061,0.012990550843211768,4,0.04160190308438061
78,9,false,0.03455720714068988,0.0012099290924102446,2,0.0007082813404607965
78,10,true,0.01915453373314624,0.0012099290924102446,4,0.01915453373314624
78,12,true,0.5557540070334197,0.012990550843211768,5,-0.05719896181317263
79,0,true,0.00012647842531832154,-0.0010610157891880467,3,0.031057691743897733
79,1,true,-0.0058044346894498,-0.0010610157891880467,2,0.023878498753827086
79,2,true,0.0025944514611988545,-0.0010610157891880467,3,0.033525664779778266
79,3,true,0.006695524526523,-0.0010610157891880467,5,0.05675905037891333
79,4,true,-0.0010904831656727287,-0.0006557182836846032,5,0.029849272473827022
79,5,false,0.0008360518217972457,-0.0006557182836846032,3,0.019951848510423684
79,6,false,0.001895229738835491,-0.0006557182836846032,2,0.020239577080777105
79,7,false,0.005811046761896699,-0.0006557182836846032,4,0.005811046761896699
79,8,true,0.008088899131038052,-0.0006557182836846032,2,0.026433246472979666
79,9,true,0.014579101356488766,0.02964071683937275,5,-1.3840040383976362
79,15,false,-0.00012157848112082092,-4.738686506244871e-05,3,0.001259864892937737
80,0,true,0.008705744081771494,0.0020005346826088566,2,-0.04726113071873287
80,1,true,-0.0015623847560333193,0.0020005346826088566,1,-0.06011656570890667
80,2,false,0.0034880738200311345,0.0020005346826088566,3,-0.05483242022873756
80,3,true,-0.0022057323938031725,0.0020005346826088566,1,-0.060759913346676526
80,4,true,-0.00027146261422883455,-0.001120587929404393,2,0.031078058537859207
80,5,true,0.0022194193845337384,-0.001120587929404393,1,0.035018205110349386
80,6,false,0.0013788821799984863,-0.001120587929404393,1,0.034177667905814134
80,7,false,-0.0004977790712052954,-0.001120587929404393,1,0.03230100665461035
80,8,true,0.00023864508944249074,-0.001120587929404393,1,0.03303743081525814
80,9,true,0.010811929763296257,0.006442836304436428,1,-0.17776515720214534
80,10,false,0.8684617228466284,0.008880294030162883,5,0.4494492686624116
80,11,true,0.061619568663478175,0.008880294030162883,1,-0.19830011584745733
80,13,false,0.016134531830070076,0.001125467094703958,4,0.016134531830070076
80,15,false,0.002371290165539275,-0.003025249691330556,2,0.08700554928978652
81,0,true,0.026964327587572057,-0.0024136279443022213,5,0.1408502152613983
81,1,true,-0.0002810691087805628,-0.0024136279443022213,1,0.07036404823518921
81,2,true,0.0001843064594638788,-0.0024136279443022213,1,0.07082942380343366
81,3,false,-0.005248599583471791,-0.001735323354576379,3,0.04534033359177402
81,4,true,0.0009634833358608264,-0.001735323354576379,3,0.05155241651110664
81,5,true,-0.0016096789692192637,-0.001735323354576379,4,-0.0016096789692192637
81,6,true,-0.0014443367485815761,-0.001735323354576379,2,0.047102997005869715
81,7,true,0.002509440336814328,-0.001735323354576379,1,0.053301080491287636
81,8,true,0.0006919002532634888,0.0027387335030387705,4,0.0006919002532634888
81,9,false,0.04060729992144496,0.0027387335030387705,4,0.04060729992144496
81,11,false,0.0005923215246672608,0.002625404131132103,4,0.0005923215246672608
82,0,true,0.004812758973536002,-0.000368111513649072,1,0.015587112634295899
82,1,true,-0.007614054990893515,-0.000368111513649072,5,0.009755111865931306
82,2,false,-0.011773284091473102,-0.000368111513649072,5,0.0055958827653517194
82,3,false,-0.007972258326942205,-0.000368111513649072,1,0.0028020953338176915
82,4,false,-0.005626674626634298,-0.004398859103403374,5,0.2019314019716271
82,5,true,-0.010880548884820485,-0.0023315891578066794,4,-0.010880548884820485
82,6,false,-0.00668130561641378,0.008444222469748797,3,-0.25285110740722394
82,7,false,0.0031826910748218307,0.008444222469748797,2,-0.2330525243705474
82,9,true,-0.013754194429620892,-0.009176340564894303,1,0.2548305547341947
82,10,false,0.01566696192955913,0.00590435198443412,5,-0.26292708089852646
83,0,true,0.007235219685097605,-0.0025118485918044775,3,0.08046176862885472
83,1,true,0.026479158461253094,-0.0025118485918044775,1,0.09999912202366254
83,2,false,-0.02413723859034278,-0.04888390456006708,3,1.4009485096147944
83,3,true,-0.0008085291078929746,-0.0025118485918044775,5,0.11771185314704663
83,4,true,-0.010362203913470702,-0.051665796440171885,1,1.501857714157122
83,5,true,-0.0007960447337183041,-0.051665796440171885,5,2.437030010377377
83,6,true,-0.014067417482700184,-0.051665796440171885,4,-0.014067417482700184
83,7,false,-0.004777002904914174,-0.051665796440171885,2,1.4406231623472083
83,8,true,0.0158899750380172,-0.051665796440171885,3,1.5220746965568261
83,9,true,0.017392292685991295,-0.051665796440171885,3,1.5235770142048002
83,10,true,-0.05913703613516458,-0.08300315108307199,3,2.3606084553334363
83,11,false,-0.12109552819317848,-0.19845821487282317,3,5.664448326675705
83,13,false,-0.005864231530474884,0.01668128210438502,5,-0.7929626012191887
83,14,false,-0.007235539484899689,-0.010266941009305308,3,0.29207097953600614
83,15,true,0.0778756964988907,-0.0031993638617296982,2,0.16738096638862726
84,0,true,-0.020175260352734314,0.002995555886425416,3,-0.10750306364740242
84,1,true,-0.01353027701474141,0.002995555886425416,4,-0.01353027701474141
84,2,true,-0.00571992530820431,0.002995555886425416,4,-0.00571992530820431
84,3,true,-0.0034594643420702287,0.002995555886425416,3,-0.09078726763673833
84,4,true,0.0032375828387025685,0.002995555886425416,2,-0.08056596363860903
84,5,true,-0.008785502499215614,0.002995555886425416,4,-0.008785502499215614
84,6,true,0.0008865871473082709,-0.004489172231518124,2,0.12647548216792956
84,7,true,0.0023455620881234207,-0.004489172231518124,4,0.0023455620881234207
84,8,true,-0.011983149213162014,-0.0015772029348071204,2,0.03214061427601957
84,9,false,0.1303827501556747,-0.0015772029348071204,3,0.17636208516683566
85,0,true,0.028169216573662892,-0.00832559722044679,1,0.27185333283754287
85,1,true,0.039795674170137296,-0.00832559722044679,5,0.4326350229619155
85,2,false,0.007733828880471916,-0.00832559722044679,5,0.40057317767225015
85,3,true,-0.003719422830284924,-0.00832559722044679,5,0.3891199259614933
85,4,true,0.002680284650533604,0.0006217943268369552,1,-0.015519178645749448
85,5,true,-0.002088420339278696,0.0006217943268369552,4,-0.002088420339278696
85,6,true,0.005278870878828501,0.0006217943268369552,2,-0.012116421261953551
85,7,true,-0.008708612640579094,0.0006217943268369552,4,-0.008708612640579094
85,8,true,-0.008312313360596235,0.0006217943268369552,3,-0.026439143479113594
85,9,true,0.024261277840009532,0.011103087829460345,5,-0.4996326455642085
85,10,false,0.010841474131809359,0.011103087829460345,2,-0.29977804766525795
85,12,false,-0.006265548995705084,-0.01785139969276006,2,0.4931444638892379
85,13,false,-0.021251103245959913,-0.02379274493643635,1,0.6751450674801869
85,14,false,-0.03176584337260824,-0.02379274493643635,2,0.6338589961234746
85,15,false,0.12623787772071848,-0.0007791898833371391,2,0.14803646138220236
86,0,true,0.013801166357772066,0.0031457798780456514,2,-0.07420504024042161
86,1,false,0.01755916991869355,0.003525754989665897,2,-0.08107720454623532
86,2,true,0.003663670833378818,0.0031457798780456514,4,0.003663670833378818
86,3,true,0.005644311513692157,0.0031457798780456514,1,-0.08643035523329137
86,4,true,0.0024211382442074214,4.430029932933621e-05,2,0.0011817949187737638
86,5,false,0.006013006929891596,0.0007304035945664422,1,-0.015365369869404621
86,6,false,0.024323044081451695,0.09730548291548491,4,0.024323044081451695
86,7,true,0.0020783499297640784,4.430029932933621e-05,1,0.0007817127028534876
86,8,true,-0.0021514350363136536,-0.010135896984282522,5,0.47610604791605216
86,9,false,0.005451167082412445,-0.010135896984282522,1,0.30212142793657165
86,10,true,0.0031570917036016777,-0.010135896984282522,1,0.2998273525577609
86,12,false,0.004495812347553918,0.07863084283603117,4,0.004495812347553918
87,0,true,0.045083645521799,-0.0051975003357179195,5,0.2903252291782931
87,1,false,-0.1164257318253969,0.06493512163368009,2,-1.9330479849764342
87,2,true,0.015140977248824183,-0.0051975003357179195,2,0.16054602975476887
87,3,true,0.0008153288952352788,0.000463630714796881,2,-0.012155184635111106
87,4,true,0.0007347616786703703,0.000463630714796881,1,-0.012835368849696207
87,5,true,-0.002772709832297493,0.000463630714796881,4,-0.002772709832297493
87,6,true,-4.270758032121069e-05,0.000463630714796881,4,-4.270758032121069e-05
87,7,true,-0.0117778020887076,0.000463630714796881,4,-0.0117778020887076
87,8,true,0.07222614421072698,0.061107080743304176,3,-1.7091951777030858
87,9,true,0.873176563780587,0.21476261880472158,1,-5.412767565418664
87,11,false,-0.007567137106989197,-0.012074986720154224,1,0.34585885623465856
87,12,false,-0.0033216717368620974,-0.012074986720154224,2,0.33448765286996157
87,13,false,-0.023237276846242494,0.06218001455892397,3,-1.8359372517884425
88,0,true,0.004728943938967944,-0.0015314530022447759,1,0.04955344860455118
88,1,true,0.008824047099232457,-0.0015314530022447759,3,0.05346965933471313
88,2,true,0.0051634597784125935,-0.0015314530022447759,5,0.07742434199230933
88,3,true,0.0071435100408396845,-0.0015314530022447759,1,0.05196801470642292
88,4,false,-0.040023585903310566,-0.004797801968854265,5,0.18635842023648153
88,5,false,-0.018748400995084347,0.002244362130969124,4,-0.018748400995084347
88,6,true,0.003605280850400905,0.005243023507706113,2,-0.14307332601545247
88,7,true,0.016768922264154718,0.005243023507706113,1,-0.13669052529215497
88,9,false,-0.002871228260555414,-0.01675955917549654,3,0.48571103909603536
88,10,false,0.022027643745144765,-0.01675955917549654,1,0.5125676324708913
89,0,true,0.009869317544820455,-0.0008880877508730123,2,0.03471442340429702
89,1,true,0.013758558221535822,-0.0008880877508730123,2,0.03860366408101239
89,2,true,0.010248811400759283,-0.0008880877508730123,5,0.05215280993507546
89,3,true,0.0026152134397103843,-0.0012389959628653635,3,0.038734985472108525
89,4,true,0.018000763800940067,-0.0012389959628653635,1,0.054265265706445236
89,5,false,-0.0033671777787001034,-0.0036503462692218935,2,0.09875475712402722
89,6,true,0.005745959087163466,-0.005991897702271487,4,0.005745959087163466
89,7,true,0.625979911551836,-0.008374669465457396,3,0.8701220726283343
89,8,true,0.010213200042112347,-0.005991897702271487,2,0.17784228012541178
89,10,false,0.03240102209467155,0.00401015431507612,1,-0.08497324962137807
90,0,true,-0.006623277309359854,0.0014241911137501395,2,-0.046466388477670095
90,1,false,0.004819708476679341,0.0014241911137501395,5,-0.06238007249598439
90,2,false,0.027054786017553734,0.001827579478761221,5,-0.05917868328103039
90,3,false,0.0042447214316457815,0.001091392146752579,2,-0.02628801972328372
90,4,false,-0.0030229698504060654,0.001091392146752579,1,-0.034967216459596294
90,5,true,0.030754628171565934,0.009124184890130116,5,-0.3997657003511422
90,6,true,0.016067867868375774,0.009900315358721712,3,-0.27255061396983893
90,7,true,0.0012930682926578507,0.009900315358721712,4,0.0012930682926578507
90,8,false,0.41401571927442093,0.008555919835493309,2,0.17465566298599416
90,10,false,0.0029231346388621793,0.0006244283672215412,2,-0.014545847305803376
91,0,true,-0.004835701183469432,-0.005745774893713085,1,0.16333891021702335
91,1,false,0.012028363005142428,-0.006547471899541302,4,0.012028363005142428
91,2,true,0.004279670225247667,-0.005745774893713085,5,0.275391328378375
91,3,true,0.0036254755549660622,-0.0015995378758683065,1,0.050442774469488194
91,4,true,0.0007780397171479603,-0.0015995378758683065,5,0.07625147434123719
91,7,false,0.004368227501860944,0.012326303926209259,3,-0.3549737729249097
91,9,false,-0.0012564763067315354,-0.0011031594704667969,3,0.030903328715144583
91,10,true,0.0033079015793169297,-0.0003697983018100537,1,0.01413162629075938
91,11,false,-0.00471189047083298,-0.010679402775525593,3,0.30661890095650024
92,0,true,0.023690033466118643,0.004986384290721291,2,-0.11580884537464589
92,1,false,0.00783537001953094,0.008822826646933568,1,-0.2504022863887429
92,2,true,0.01901183452851185,0.004986384290721291,3,-0.1263535009890146
92,3,true,0.0016531501742219623,0.004986384290721291,3,-0.1437121853433045
92,4,true,0.0017240079837919087,0.004986384290721291,4,0.0017240079837919087
92,5,true,-0.0023904184689743646,0.007772114764148852,1,-0.22987450971851828
92,6,true,0.0007879231594669633,0.004143502132682664,2,-0.115130519600575
92,7,true,-0.006922840091357019,0.004143502132682664,5,-0.20243201936354988
92,9,true,-0.010421902376319792,-0.006168574258978654,4,-0.010421902376319792
92,10,false,-1.5596403193929298e-05,-0.006168574258978654,5,0.29104564889938117
92,11,false,-0.00969010543980775,-0.006168574258978654,4,-0.00969010543980775
92,13,false,0.02070382464350662,0.0012166188607879436,5,-0.03670175820476894
92,14,false,0.010789485771739549,0.0012166188607879436,2,-0.023246592709467204
92,15,false,0.010945443249095077,0.008879811143666427,3,-0.24792283704636953
92,16,false,0.15285971384431118,0.048844729424894706,5,-2.151855634630897
93,0,true,-0.011153073103451372,-0.00579919255892114,4,-0.011153073103451372
93,1,false,0.007578919180430743,-0.00579919255892114,3,0.17663960983497565
93,2,false,0.008296155608690015,-0.00579919255892114,1,0.1780342628395043
93,3,true,0.007128877912030096,-0.00579919255892114,4,0.007128877912030096
93,4,true,-0.0001512980627857985,-0.0036010478433594617,5,0.16976243332445667
93,5,false,0.014241336988179532,-0.005687828857751098,4,0.014241336988179532
93,6,false,0.009527490802691885,-0.0036010478433594617,2,0.1102702550006621
93,7,false,0.051219588606304045,-0.0035252213268925914,5,0.2175554818443698
93,8,true,0.9039643036145808,-0.0035252213268925914,2,1.0025857483520328
93,10,true,-0.008225553111239403,-0.008514889041337348,2,0.2299866273920511
93,11,false,0.0006983865691581048,-0.008514889041337348,1,0.24992293541322727
93,12,false,0.002254450156220278,-0.008514889041337348,5,0.4040254435713576
93,14,false,0.00567382621110013,-0.0014556802872776053,5,0.07435940887401872
93,15,false,0.0003564900304556806,-0.001000122946347659,4,0.0003564900304556806
94,0,false,-0.018473829035296263,0.004619732614951633,3,-0.15315036867210854
94,1,false,0.005272791614094774,0.004619732614951633,5,-0.21270709667460952
94,2,false,0.0017890833237054204,0.004619732614951633,5,-0.21619080496499887
94,3,true,-0.0001175531972684718,0.004619732614951633,3,-0.13479409283408075
94,4,false,-0.0010799018760935253,0.004619732614951633,2,-0.13032134873550624
94,5,false,0.0048540705758380875,-0.003353962551775669,1,0.10302209129204336
94,6,false,0.013245873078176262,0.003315496659177297,5,-0.14319426136813435
94,8,true,0.0016967665125797726,-0.0020908815250418877,1,0.06289533319209578
94,9,true,1.0742600330884038,0.0009719308865941967,4,1.0742600330884038
94,11,false,0.0020870390464905464,-0.0011261468780573436,5,0.055223744378988006
94,12,false,-0.0009683192075092828,-0.0011438134876343709,4,-0.0009683192075092828
95,0,true,-0.030962144539941283,-0.008326485908324521,5,0.3619191365670719
95,1,false,0.049046771425726776,-0.0331145580424107,2,0.9754582653853116
95,2,true,0.013723669155588203,-0.008326485908324521,5,0.4066049502626014
95,3,true,0.02642196738595004,-0.0153581243649068,2,0.45608021374056845
95,4,true,0.00019194046164350276,-0.0153581243649068,1,0.44971296150525275
95,5,false,0.17507050006449099,-0.0153581243649068,5,0.8997363005377641
95,6,true,0.004543748543387238,-0.03185265928957337,3,0.9331269131763944
95,7,true,0.02966119654624544,-0.03185265928957337,3,0.9582443611792526
96,0,true,-0.014639222116328954,-0.0012713406180991926,5,0.04534838084866553
96,1,true,0.013381367449053161,-0.0012713406180991926,5,0.07336897041404764
96,2,true,-0.003272838379170473,-0.0012713406180991926,1,0.03393836783088097
96,3,true,0.0015919562229783635,0.00025068234748615303,5,-0.010236371226997634
96,4,true,0.0013166179254497923,0.00025068234748615303,1,-0.006020670282547356
96,5,true,-0.00247487886088249,0.00025068234748615303,4,-0.00247487886088249
96,6,true,-0.0018467943801731002,0.00025068234748615303,4,-0.0018467943801731002
96,7,true,-0.002974620439406439,0.00025068234748615303,5,-0.014802947889382436
96,8,true,-0.0007200045955731982,-0.0015554429587597562,2,0.04279500271172773
96,9,false,0.007651086117088757,0.009770308758724866,2,-0.26568266401252016
96,10,true,1.0301082502572871,0.009770308758724866,1,0.744138488274573
96,12,false,-0.0002861881719159465,-0.002380852838691827,4,-0.0002861881719159465
96,13,false,0.0027681110011067434,-0.0030876769089934752,3,0.09278146811053839
96,14,false,0.00020266943448465913,0.0004874550681572831,5,-0.02279766633360606
97,0,true,0.001585567285216749,0.0012938818077111724,4,0.001585567285216749
97,1,false,0.019272228763970167,0.0015783334629112522,5,-0.0552006857103929
97,2,true,0.006420166832659335,0.0012938818077111724,3,-0.0312996622322504
97,3,true,0.0015948314105302952,0.0012938818077111724,5,-0.0594563668754599
97,4,true,-0.0029283396062029787,-0.0006024638802116788,2,0.013926164766429092
97,5,true,0.0036788929184345953,-0.0006024638802116788,3,0.02124219309309749
97,6,true,-0.004026480288363277,-0.0006024638802116788,4,-0.004026480288363277
97,7,true,0.0005040462512904131,-0.0006024638802116788,3,0.01806734642595331
97,8,true,0.0006770588022025903,-0.0022168850063826184,1,0.06556365484269704
97,9,false,0.0002467618181153375,-0.0022168850063826184,4,0.0002467618181153375
97,11,false,0.0009317587229998869,-0.0016890134885654273,1,0.05036794310963197
97,12,false,0.005409044593485679,-0.0014356469849333697,5,0.07314936540447
97,13,true,0.0060132570239612715,-0.001316993490662055,4,0.0060132570239612715
98,0,false,-0.01476943234533179,0.007635521270190404,3,-0.23736361012617885
98,1,true,-0.00609410116765563,0.005057041107306759,5,-0.24470818287325968
98,2,true,0.027934452828382028,0.002414113111243177,5,-0.08597432721701753
98,3,true,-0.006265376963720426,-0.008199830593728086,2,0.22313274155630358
98,4,true,-0.001661890600067828,-0.008199830593728086,5,0.38524321967022895
98,6,false,0.031774830846072244,0.0019855083546453933,4,0.031774830846072244
98,7,false,0.012396197061770864,0.0019855083546453933,1,-0.045718174307055465
98,8,false,0.011461736116923804,0.0019855083546453933,2,-0.044084762759507214
98,9,false,0.00604175963515674,-0.00010092951828144514,2,0.008865359626918187
98,11,false,0.008256297563912884,-0.0014347815807917996,4,0.008256297563912884
99,0,true,0.016315154320515557,0.0011013665407795248,1,-0.01592103547657652
99,1,true,-0.0006221304891742552,0.0011013665407795248,3,-0.03272966721194743
99,3,true,0.0031263111050233716,0.0067587860596909355,5,-0.31578379756456826
99,4,true,-0.0017281935225478273,0.0067587860596909355,5,-0.32063830219213946
99,5,true,-0.0023962972463729137,0.0067587860596909355,5,-0.32130640591596454
99,6,true,0.001941608332032052,0.0067587860596909355,2,-0.18714190843700743
99,7,true,0.004394184244899124,0.0067587860596909355,4,0.004394184244899124
99,8,true,0.04916526916817099,0.05842023631825777,4,0.04916526916817099
99,11,false,0.016784684743112566,-0.025331165744691297,4,0.016784684743112566
99,12,false,0.0010528051092877355,-0.025331165744691297,3,0.7395184332757994
99,13,true,-0.008824438187842065,-0.025331165744691297,4,-0.008824438187842065
99,14,false,0.015503822785545518,-0.003762287607957937,5,0.1930255758494366
