blind_id,claim,word_orig,word_corrupt,full_prefix_to_pos,token_str,prefix_tokens,context_left_64,label,evidence_passage,note
1,"Historical military encyclopedia article format with detailed narrative describing a British battleship, incorporating quoted historical accounts about the Mediterranean's strategic importance.",British,French," = SMS Zrínyi = 
 
 SMS Zrínyi ( "" His Majesty 's ship Zrínyi "" ) was a Radetzky @-@ class pre @-@ dreadnought battleship ( Schlachtschiff ) of the Austro @-@ Hungarian Navy ( K.u.K. Kriegsmarine ) , named for the Zrinski , a noble Croatian family . Zrínyi and her sisters , Erzherzog Franz Ferdinand and Radetzky , were the last pre @-@ dreadnoughts built by the Austro @-@ Hungarian Navy . 
 During World War I , Zrínyi saw action in the Adriatic Sea . She served with the Second Division of the Austro @-@ Hungarian Navy 's battleships and shelled Senigallia as part of the bombardment of the key seaport of Ancona , Italy , during May 1915 . However , Allied control of the Strait of Otranto meant that the Austro @-@ Hungarian Navy was , for all intents and purposes , effectively bottled up in the Adriatic . Nonetheless , the presence of the Zrínyi and other battleships tied down a substantial force of Allied", ships,252," 1915 . However , Allied control of the Strait of Otranto meant that the Austro @-@ Hungarian Navy was , for all intents and purposes , effectively bottled up in the Adriatic . Nonetheless , the presence of the Zrínyi and other battleships tied down a substantial force of Allied",,,
2,"Wiki article format with numbered list detailing a fictional character's attributes and appearances, listing achievements and media appearances for a fictional Pokémon character named Pikachu.",Pikachu.,Charmander.," = Perry the Platypus = 
 
 Perry the Platypus , also known as Agent P or simply Perry , is an anthropomorphic platypus from the animated series Phineas and Ferb . Perry was created by the series ' co @-@ founders , Dan Povenmire and Jeff "" Swampy "" Marsh . He first appeared along with the majority of the main cast in the pilot episode "" Rollercoaster . "" Perry is featured as the star of the B @-@ plot for every episode of the series , alongside his nemesis Dr. Heinz Doofenshmirtz . A mostly silent character , his lone vocal characteristic ( a rattling of Perry 's beak ) was provided by Dee Bradley Baker . 
 Perry is the pet platypus of the Flynn @-@ Fletcher family , and is perceived as mindless and domesticated . In secret , however , he lives a double life as a member of an all @-@ animal espionage organization referred to as O.W.C.A. ( The Organization Without a Cool Acronym ) . Many secret entrances to his underground lair exist all around the house ; such as the side of the house , most notably the tree that his owners sit under in the backyard , and several other everyday objects that seem to elude the family 's attention . He engages in daily battles with Dr. Heinz Doofenshmirtz , an evil scientist who desires to take over the Tri @-@ state area with obscure contraptions that work perfectly according to his intended function but fail in his application of them every time . 
 Perry was made a platypus because of the animal 's striking appearance and the lack of public knowledge of the animal , which allowed the writers to make things up about the species . Critical reception for the character from both professionals and fans have been considerably positive . Merchandising of the character include plush toys , t @-@ shirts , wooden toys , glasses , and coloring books , along with appearances in literature and", a,407," public knowledge of the animal , which allowed the writers to make things up about the species . Critical reception for the character from both professionals and fans have been considerably positive . Merchandising of the character include plush toys , t @-@ shirts , wooden toys , glasses , and coloring books , along with appearances in literature and",,,
3,"The phrase ""The title 'BMW M3 2005' is a truncated version of the model name, with the text listing 'all except the X @Y' suggesting a parenthetical technical specification about the 'X' series.""",@Y',@Z'," = AIL Storm = 
 
 The AIL Storm ( Hebrew : סופה , Sufa ) is an Israeli manufactured off @-@ road vehicle and the workhorse of the Israeli Security Forces . The series of Jeep Wrangler based vehicles have been produced by Automotive Industries Ltd. in Upper Nazareth under licence from Chrysler since 1990 . The vehicles fill a number of military roles , including that of armoured Infantry Mobility Vehicle , and certain models are available for export as well as for the civilian market . 
 Production of an updated four @-@ door second generation model commenced in 2006 despite some mixed messages from the Storm 's primary customer , the Israel Defense Forces . Development of a third generation vehicle based on the new Jeep Wrangler JK has been completed and significant production for both Israeli and foreign customers is under way . 
 
 = = Storm I = = 
 
 The M @-@ 240 Storm MultiMission Vehicle is the first of three Storm generations . A variant of the 1991 Jeep Wrangler YJ and the older CJ", @,218," JK has been completed and significant production for both Israeli and foreign customers is under way . 
 
 = = Storm I = = 
 
 The M @-@ 240 Storm MultiMission Vehicle is the first of three Storm generations . A variant of the 1991 Jeep Wrangler YJ and the older CJ",,,
4,"The phrase ""Another novel: In the Time of the Butterflies"" mirrors a well-known literary title (""Love in Time""), suggesting a second famous novel title from the same cultural context, likely a famous work about love or hardship.","(""Love","(""War"," = The General in His Labyrinth = 
 
 The General in His Labyrinth ( original Spanish title : El general en su laberinto ) is a novel by the Colombian writer and Nobel laureate Gabriel García Márquez . It is a fictionalized account of the last days of Simón Bolívar , liberator and leader of Gran Colombia . First published in 1989 , the book traces Bolívar 's final journey from Bogotá to the Caribbean coastline of Colombia in his attempt to leave South America for exile in Europe . In this dictator novel about a continental hero , "" despair , sickness , and death inevitably win out over love , health , and life "" . Breaking with the traditional heroic portrayal of Bolívar El Libertador , García Márquez depicts a pathetic protagonist , a prematurely aged man who is physically ill and mentally exhausted . The story explores the labyrinth of Bolívar 's life through the narrative of his memories . 
 Following the success of others of his works such as One Hundred Years of Solitude and Love in the", Time,214," Libertador , García Márquez depicts a pathetic protagonist , a prematurely aged man who is physically ill and mentally exhausted . The story explores the labyrinth of Bolívar 's life through the narrative of his memories . 
 Following the success of others of his works such as One Hundred Years of Solitude and Love in the",,,
5,"Final token "" .",.,!," = Georgian scripts = 
 
 The Georgian scripts are the three writing systems used to write the Georgian language : Asomtavruli , Nuskhuri and Mkhedruli . Although the systems differ in appearance , all three are unicase , their letters share the same names and alphabetical order , and are written horizontally following the standard left @-@ to @-@ right direction . Of the three Georgian writing systems , Mkhedruli ( literally meaning "" cavalry "" or "" military "" script ) was the civilian royal script of the Georgian Kingdom used for charters , historical documents , manuscripts and inscriptions . Mkhedruli is therefore the standard script for modern Georgian and its related Kartvelian languages , whereas Asomtavruli and Nuskhuri are used only in ceremonial religious texts and iconography . 
 Georgian scripts are unique in their appearance and their exact origin has never been established ; however , in strictly structural terms , their alphabetical order largely corresponds to the Greek alphabet , with the exception of letters denoting uniquely Georgian sounds , which are grouped at the end . Originally consisting of 38 letters , Georgian is presently written in a 33 @-@ letter alphabet , as five letters are currently obsolete in that language . The number of Georgian letters used in other Kartvelian languages varies . The Mingrelian language uses 36 , 33 of which are current Georgian letters , one obsolete Georgian letter , and two additional letters specific to Mingrelian and Svan . That same obsolete letter , plus a letter borrowed from Greek ( making 35 letters total ) , are used in writing the Laz language", .,331," Mingrelian language uses 36 , 33 of which are current Georgian letters , one obsolete Georgian letter , and two additional letters specific to Mingrelian and Svan . That same obsolete letter , plus a letter borrowed from Greek ( making 35 letters total ) , are used in writing the Laz language",,,
6,"The sentence ending ""Another television show called 'The Best of the Nineties' was a compilation of music from 1985 to 199"" is mid-quote, completing a numeric range about the decade of Britpop's peak, with a similar trivia about music awards.","199""","1990"""," = West End Girls = 
 
 "" West End Girls "" is a song by British pop duo Pet Shop Boys . Written by Neil Tennant and Chris Lowe , the song was released twice as a single . The song is influenced by hip hop music , with lyrics concerned with class and the pressures of inner @-@ city life which were inspired partly by T. S. Eliot 's poem The Waste Land . It was generally well received by contemporary music critics and has been frequently cited as a highlight in the duo 's career . 
 The first version of the song was produced by Bobby Orlando and was released on Columbia Records ' Bobcat Records imprint in April 1984 , becoming a club hit in the United States and some European countries . After the duo signed with EMI , the song was re @-@ recorded with producer Stephen Hague for their first studio album , Please . In October 1985 , the new version was released , reaching number one in the United Kingdom and the United States in 1986 . 
 In 1987 , the song won Best Single at the Brit Awards , and Best International Hit at the Ivor Novello Awards . In 2005 , 20 years after its release , the song was awarded Song of The Decade between the years 1985 and 19",9,276," 1987 , the song won Best Single at the Brit Awards , and Best International Hit at the Ivor Novello Awards . In 2005 , 20 years after its release , the song was awarded Song of The Decade between the years 1985 and 19",,,
7,"The phrase ""Another theory suggests that Tyrannosaurus was a faster runner than previously thought, including Nip"" suggests a specific named fossil genus or term from another dinosaur language, likely a Japanese or obscure term related to the specimen's characteristics.",Japanese,French," = Corythosaurus = 
 
 Corythosaurus / ˌkɒrᵻθoʊˈsɔːrəs / is a genus of hadrosaurid "" duck @-@ billed "" dinosaur from the Upper Cretaceous Period , about 77 – 75 @.@ 7 million years ago . It lived in what is now North America . Its name means "" helmet lizard "" , derived from Greek κόρυς . It was named and described in 1914 by Barnum Brown . Corythosaurus is now thought to be a lambeosaurine , related to N",ip,130," million years ago . It lived in what is now North America . Its name means "" helmet lizard "" , derived from Greek κόρυς . It was named and described in 1914 by Barnum Brown . Corythosaurus is now thought to be a lambeosaurine , related to N",,,
8,"Wikipedia football club article format with a template structure (""Seasons""), implying a football club's history and founding details.",football,basketball," = 2013 – 14 York City F.C. season = 
 
 The 2013 – 14 season was", the,30," = 2013 – 14 York City F.C. season = 
 
 The 2013 – 14 season was",,,
9,"Final token ""19"" is mid-number in ""in 19,"" part of a date specification clause (""Decision was made in December 19""), strongly expecting ""43"" or ""44"" to complete the year, likely followed by ""43, the Ministry delayed the test.""","""43,","""42,"," = Blackburn Firecrest = 
 
 The Blackburn B @-@ 48 Firecrest , given the SBAC designation YA.1 , was a single @-@ engine naval strike fighter built by Blackburn Aircraft for service with the British Fleet Air Arm during World War II . It was a development of the troubled Firebrand , designed to Air Ministry Specification S.28 / 43 , for an improved aircraft more suited to carrier operations . Three prototypes were ordered with the company designation of B @-@ 48 and the informal name of "" Firecrest "" , but only two of them actually flew . The development of the aircraft was prolonged by significant design changes and slow deliveries of components , but the determination by the Ministry of Supply in 1",9,150," operations . Three prototypes were ordered with the company designation of B @-@ 48 and the informal name of "" Firecrest "" , but only two of them actually flew . The development of the aircraft was prolonged by significant design changes and slow deliveries of components , but the determination by the Ministry of Supply in 1",,,
10,"The sentence structure ""The singer's vocal style was compared to Madonna's, with her debut single receiving positive reviews"" suggests a list of musical influences or comparisons, specifically a celebrity comparison or vocal characteristics like Madonna or other pop icons.",Madonna,Eminem," = Yo @-@ Yo ( Nicola Roberts song ) = 
 
 "" Yo @-@ Yo "" is a song by British recording artist Nicola Roberts , released as the third and final single from Roberts ' debut solo album Cinderella 's Eyes on 6 January 2012 . Originally , "" Yo @-@ Yo "" was set to be Roberts ' debut single , but "" Beat of My Drum "" was selected in its place . "" Beat of My Drum "" and "" Lucky Day "" , Roberts ' previous singles , garnered positive comments from critics , but failed to impact commercially . "" Yo @-@ Yo "" was written by Roberts , Maya Von Doll and Dimitri Tikovoi while it was produced by latter , and was the first song to be composed by the group . Roberts also claimed the track had defined her musical style . 
 "" Yo @-@ Yo "" is a 1950s @-@ themed electropop and synthpop song in which Roberts sings about an undecided lover . The song received positive reviews from critics , who compared Roberts ' vocals", to,218," by the group . Roberts also claimed the track had defined her musical style . 
 "" Yo @-@ Yo "" is a 1950s @-@ themed electropop and synthpop song in which Roberts sings about an undecided lover . The song received positive reviews from critics , who compared Roberts ' vocals",,,
11,"Final token ""a"" is an indefinite article mid-clause (""maintain up kept up a""), part of a clause listing constraints (""While struggling to maintain a pace, he couldn't keep up a""), expecting a noun like ""consistent plot"" or ""monthly output rate"" or ""daily writing.""","plot""","silence"""," = Stop ! ! Hibari @-@ kun ! = 
 
 Stop ! ! Hibari @-@ kun ! ( ストップ ! ! ひばりくん ! , Sutoppu ! ! Hibari @-@ kun ! ) is a Japanese manga series written and illustrated by Hisashi Eguchi . It was serialized in Weekly Shōnen Jump from October 1981 to November 1983 , and the chapters were published in four tankōbon volumes by Shueisha from November 1982 to January 1984 . The series was adapted into a 35 @-@ episode anime television series by Toei Animation that aired on Fuji Television from May 1983 to January 1984 . The story focuses on Kōsaku Sakamoto , a high school student who goes to live with yakuza boss Ibari Ōzora and his four children — Tsugumi , Tsubame , Hibari and Suzume — after the death of his mother . Kōsaku is shocked to learn that Hibari , who looks and behaves as a girl , was assigned male at birth . 
 Eguchi wanted to create a romantic comedy manga where the main female character is a cross @-@ dressing boy so as to poke fun at the genre . He took more time to draw the chapters compared to his earlier manga , and as the serialization continued , he found it increasingly difficult to keep up", a,300," male at birth . 
 Eguchi wanted to create a romantic comedy manga where the main female character is a cross @-@ dressing boy so as to poke fun at the genre . He took more time to draw the chapters compared to his earlier manga , and as the serialization continued , he found it increasingly difficult to keep up",,,
12,"British historical article format with structured entries describing a medieval English county's castle, detailing architectural and administrative history.",architectural,biological," = Elgin Cathedral = 
 
 Elgin Cathedral is a historic ruin in Elgin , Moray , north @-@ east Scotland . The cathedral — dedicated to the Holy Trinity — was established in 1224 on land granted by King Alexander II outside the burgh of Elgin and close to the River Lossie . It replaced the cathedral at Spynie , 3 kilometres ( 1 @.@ 9 mi ) to the north , that was served by a small chapter of eight clerics . The new and bigger cathedral was staffed with 18 canons in 1226 and then increased to 23 by 1242 . After a damaging fire in 1270 , a rebuilding programme greatly enlarged the building . It was unaffected by the Wars of Scottish Independence but again suffered extensive fire damage in 1390 following an attack by Robert III 's brother Alexander Stewart , Earl of Buchan , also known as the Wolf of Badenoch . In 1402 the cathedral precinct again suffered an incendiary attack by the followers of the Lord of the Isles . The number of clerics required to staff the cathedral continued to grow , as did the number of craftsmen needed to maintain the buildings and surrounds . The number of canons had increased to 25 by the time of the Scottish Reformation", in,278," suffered an incendiary attack by the followers of the Lord of the Isles . The number of clerics required to staff the cathedral continued to grow , as did the number of craftsmen needed to maintain the buildings and surrounds . The number of canons had increased to 25 by the time of the Scottish Reformation",,,
13,"The sentence structure ""While she was married to her first husband (2005) she never legally married her partner, Sarah.",never,always," = Sister Wives = 
 
 Sister Wives is an American reality television series broadcast on TLC that began airing in 2010 . The show documents the life of a polygamist family , which includes patriarch Kody Brown , his four wives , and their 18 children . The family began the series living in Lehi , Utah , but has since moved to Las Vegas , Nevada in 2011 . 
 Brown and his wives have said they participated with the show to make the public more aware of polygamist families and to combat societal prejudices . Brown believes his polygamist arrangement is legal because he is legally married only to one woman , and the other marriages are spiritual unions . The series led to the Brown family being investigated for possible prosecution . 
 
 = = Concept = = 
 
 The show follows the lives of advertising salesman Kody Brown , his wives Meri , Janelle , Christine , and Robyn , and their 18 children . In the first season the show televised Brown 's courting and marriage of his fourth wife , Robyn Sullivan , in 2010 . Sullivan was the first new wife to enter the family in 16 years . 
 The only legal marriage was between Kody and his first wife Meri , until their legal divorce in September 2014 . ( He legally married fourth wife Rob",yn,277," wife , Robyn Sullivan , in 2010 . Sullivan was the first new wife to enter the family in 16 years . 
 The only legal marriage was between Kody and his first wife Meri , until their legal divorce in September 2014 . ( He legally married fourth wife Rob",,,
14,"Final token ""defended"" ends an incomplete clause (""where the team had successfully defended""), part of a list of accomplishments (""when the team also when Korea had successfully defended their World Championship title...""), expecting ""their gold medal"" or ""their previous championship title"" or ""their championship points.""",successfully,unsuccessfully," = Leanne Del Toso = 
 
 Leanne Del Toso ( born 12 August 1980 ) is a 3 @.@ 5 point wheelchair basketball player who represented Australia at the 2012 Summer Paralympics in London , where she won a silver medal . Diagnosed with chronic inflammatory demyelinating polyneuropathy at the age of nineteen , Del Toso started playing wheelchair basketball in 2006 . Playing in the local Victorian competition , she was named the league 's most valuable player in 2007 . That year started playing for the Knox Ford Raiders in the Women 's National Wheelchair Basketball League ( WNWBL ) . The following year , she was named the team 's Players ' Player and Most Valuable Player ( MVP ) . 
 Del Toso has played for the Dandenong Rangers in the WNWBL since 2008 . In the semifinal between her Dandenong Rangers and the Goudkamp Gladiators in 2009 , she scored 31 points while pulling down 19 rebounds that saw the Rangers win 81 – 42 . The Dandenong Rangers won back to back titles in 2011 and 2012 . 
 Del Toso made her debut with the Australia women 's national wheelchair basketball team , known as the Gliders , at the 2009 Osaka Cup in Japan . Since winning a silver medal in London , she has participated in the 2013 Osaka Cup in Japan , where the Gliders successfully", defended,332," 
 Del Toso made her debut with the Australia women 's national wheelchair basketball team , known as the Gliders , at the 2009 Osaka Cup in Japan . Since winning a silver medal in London , she has participated in the 2013 Osaka Cup in Japan , where the Gliders successfully",,,
15,"The phrase ""The city of Muskegon Township is a small industrial city located in the western part of the Lower Peninsula, part of the Grand Rapids metropolitan area of the"" mirrors a geographic description, suggesting continuation of the historical context about Michigan's western region.",western,eastern," = M @-@ 47 ( Michigan highway ) = 
 
 M @-@ 47 is a north – south state trunkline highway in the US state of Michigan . It runs near Saginaw and Midland in the Tri @-@ Cities area of", the,55," = M @-@ 47 ( Michigan highway ) = 
 
 M @-@ 47 is a north – south state trunkline highway in the US state of Michigan . It runs near Saginaw and Midland in the Tri @-@ Cities area of",,,
16,"British football article format with Wikipedia-style statistics listing, detailing a player's career progression and managerial career.",managerial,culinary," = Richard Cresswell = 
 
 Richard Paul Wesley Cresswell ( born 20 September 1977 ) is an English semi @-@ professional footballer who plays for Northern Counties East League Premier Division club Tadcaster Albion . He primarily plays as a striker but can also play as a winger . 
 Cresswell started his career with York City in their youth system , making his first team debut in a Second Division match in 1996 . Having scored 19 goals for York in the 1998 – 99 season he signed for Premier League team Sheffield Wednesday in 1999 . After their relegation the following year he joined Leicester City of", the,144, making his first team debut in a Second Division match in 1996 . Having scored 19 goals for York in the 1998 – 99 season he signed for Premier League team Sheffield Wednesday in 1999 . After their relegation the following year he joined Leicester City of,,,
17,"Final token ""he"" is mid-clause (""During this time, he""), continuing a specific event clause describing Muhammad's personal spiritual journey (""While in India, he...""), expecting a verb phrase like ""meets and learns the teachings of"" or ""becomes disillusioned with his own name"" or similar.","India,","Antarctica,"," = Sang Pencerah = 
 
 Sang Pencerah ( The Enlightener ) is a 2010 Indonesian film directed by Hanung Bramantyo and starring Lukman Sardi , Zaskia Adya Mecca , and Slamet Rahardjo . It is a biopic of Ahmad Dahlan which describes how he came to found the Islamic organisation Muhammadiyah . 
 Sang Pencerah , produced to coincide with Muhammadiyah 's centenary , was announced in November 2009 . It was meant to be historically accurate , with much of the Rp . 12 billion ( US $ 1 @.@ 3 million ) budget paying for period costumes and sets . However , as documentation on the early years of Dahlan 's life is lacking , those scenes were fictionalised . Sang Pencerah marks the feature film debut of Ihsan Tarore and Giring Ganesha . 
 The film , released on 8 September 2010 during the Eid ul @-@ Fitr holiday , was meant to show different views of Islam ; however , it has also been interpreted as a critique of the current Muhammadiyah leadership . It was seen in theatres by over 1 million people – the only Indonesian film of 2010 to do so . It also received favourable critical reception , winning the 2011 Bandung Film Festival after being refused a nomination at the 2010 Indonesian Film Festival . However , some Muslim critics decried it as being too liberal . 
 
 = = Plot = = 
 
 Muhammad Darwis ( Ihsan Tarore ) is a youth in 19th @-@ century Kauman , Yogyakarta , and the son of Kyai Abubakar , the imam of the area 's mosque . Displeased with the mixture of Islam and animistic Javanese mysticism , which leads to poor Javanese spending exorbitant amounts of money on religious ceremonies , Darwis decides to go on the hajj to Mecca in Saudi Arabia . While there ,", he,433," imam of the area 's mosque . Displeased with the mixture of Islam and animistic Javanese mysticism , which leads to poor Javanese spending exorbitant amounts of money on religious ceremonies , Darwis decides to go on the hajj to Mecca in Saudi Arabia . While there ,",,,
18,"The sentence structure ""Some studies have shown that the city of Los Angeles is one of the dirtiest in the US...",dirtiest,cleanest," = Sarnia = 
 
 Sarnia is a city in Southwestern Ontario , Canada , and had a 2011 population of 72 @,@ 366 . It is the largest city on Lake Huron and in Lambton County . Sarnia is located on the eastern bank of the junction between the Upper and Lower Great Lakes where Lake Huron flows into the St. Clair River , which forms the Canada @-@ United States border , directly across from Port Huron , Michigan . The city 's natural harbour first attracted the French explorer La Salle , who named the site "" The Rapids "" when he had horses and men pull his 45 tonnes ( 50 short tons ; 44 long tons ) barque "" Le Griffon "" up the almost four @-@ knot current of the St. Clair River on 23 August 1679 . 
 This was the first time anything other than a canoe or other oar @-@ powered vessel had sailed into Lake Huron , and La Salle 's voyage was thus germinal in the development of commercial shipping on the Great Lakes . Located in the natural harbour , the Sarnia port remains an important centre for lake freighters and oceangoing ships carrying cargoes of grain and petroleum products . The natural port and the salt caverns that exist in the surrounding areas , together with the oil discovered in nearby Oil Springs in 1858 led to the massive growth of the petroleum industry in this area . Because Oil Springs was the first place in Canada and North America to drill commercially for oil , the knowledge that was acquired there led to oil drillers from Sarnia travelling the world teaching other nations how to drill for oil . 
 The complex of refining and chemical companies is called Chemical Valley and located south of downtown Sarnia . The city has the highest level of particulates air pollution of any Canadian city because of its reliance on the petrochemical industry . About 60 percent of the particulate", matter,413," other nations how to drill for oil . 
 The complex of refining and chemical companies is called Chemical Valley and located south of downtown Sarnia . The city has the highest level of particulates air pollution of any Canadian city because of its reliance on the petrochemical industry . About 60 percent of the particulate",,,
19,"Final token ""with"" ends an incomplete phrase (""met with""), part of a reception clause listing accolades (""The album received mixed reviews that met with""), strongly expecting a noun like ""positive critical acclaim"" or ""wide critical praise"" or ""a generally favorable reception and commercial success.""","""positive","""negative"," = Lost Horizons ( Lemon Jelly album ) = 
 
 Lost Horizons is the second studio album from the British electronic duo Lemon Jelly , released on 7 October 2002 . Released by XL Recordings and produced by Nick Franglen , the album generated two charting singles in the UK , "" Space Walk "" and "" Nice Weather for Ducks "" ; the latter has often been called the album 's stand @-@ out track . The album , which is built around a mix of organic instrumentation and idiosyncratic samples , was met", with,113,"len , the album generated two charting singles in the UK , "" Space Walk "" and "" Nice Weather for Ducks "" ; the latter has often been called the album 's stand @-@ out track . The album , which is built around a mix of organic instrumentation and idiosyncratic samples , was met",,,
20,"Trilingual (English/Creole) language format with a search result or dictionary entry structure, presenting a Haitian phrase about earthquake.",Haitian,Japanese," = 2010 Haiti earthquake = 
 
 The 2010 Haiti earthquake ( French : Séisme de 2010 à Haïti ; Haitian Creole : Tran",ble,40," = 2010 Haiti earthquake = 
 
 The 2010 Haiti earthquake ( French : Séisme de 2010 à Haïti ; Haitian Creole : Tran",,,
21,"Final token ""such"" ends an incomplete noun phrase (""15 such""), part of a clause listing discovered temporary satellites (""At least 15 such objects...""), expecting ""companions have been recorded"" or ""objects have been identified as temporary satellites.""",temporary,permanent," = 10 @.@ 6 ° compared to 7 ° for Mercury and 17 ° for Pluto ) and moderately eccentric ( e = 
 0 @.@ 08 compared to 0 @.@ 09 for Mars ) . 
 The diagram illustrates the orbits of Ceres ( blue ) and several planets ( white and gray ) . The segments of orbits below the ecliptic are plotted in darker colors , and the orange plus sign is the Sun 's location . The top left diagram is a polar view that shows the location of Ceres in the gap between Mars and Jupiter . The top right is a close @-@ up demonstrating the locations of the perihelia ( q ) and aphelia ( Q ) of Ceres and Mars . In this diagram ( but not in general ) , the perihelion of Mars is on the opposite side of the Sun from those of Ceres and several of the large main @-@ belt asteroids , including 2 Pallas and 10 Hygiea . The bottom diagram is a side view showing the inclination of the orbit of Ceres compared to the orbits of Mars and Jupiter . 
 Ceres was once thought to be a member of an asteroid family . The asteroids of this family share similar proper orbital elements , which may indicate a common origin through an asteroid collision some time in the past . Ceres was later found to have spectral properties different from other members of the family , which is now called the Gefion family after the next @-@ lowest @-@ numbered family member , 1272 Gefion . Ceres appears to be merely an interloper in the Gefion family , coincidentally having similar orbital elements but not a common origin . 
 
 = = = Resonances = = = 
 
 Ceres is in a near @-@ 1 : 1 mean @-@ motion orbital resonance with Pallas ( their proper orbital periods differ by 0 @.@ 2 % ) . However , a true resonance between the two would be unlikely ; due to their small masses relative to their large separations , such relationships among asteroids are very rare . Nevertheless , Ceres is able to capture other asteroids into temporary 1 : 1 resonant orbital relationships ( making them temporary trojans ) for periods up to 2 million years or more ; fifty", such,476," be unlikely ; due to their small masses relative to their large separations , such relationships among asteroids are very rare . Nevertheless , Ceres is able to capture other asteroids into temporary 1 : 1 resonant orbital relationships ( making them temporary trojans ) for periods up to 2 million years or more ; fifty",,,
22,"Final token ""pioneer"" ends mid-phrase (""a American pioneer""), part of a parenthetical attribution clause (""her husband was a Scottish immigrant pioneer""), strongly expecting continuation like ""farmer"" or ""and businessman"" or ""of Honolulu"" or ""who converted to Mormonism.""","Mormonism.""","Islam""."," = Henry Hoʻolulu Pitman = 
 
 Timothy Henry Hoʻolulu Pitman ( March 18 , 1845 – February 27 , 1863 ) was an American Union Army soldier of Native Hawaiian descent . Considered one of the "" Hawaiʻi Sons of the Civil War "" , he was among a group of more than one hundred documented Native Hawaiian and Hawaii @-@ born combatants who fought in the American Civil War while the Kingdom of Hawaiʻi was still an independent nation . 
 Born and raised in Hilo , Hawaiʻi , he was the eldest son of Kinoʻoleoliliha , a Hawaiian high chiefess , and Benjamin Pitman , an American", pioneer,146,"-@ born combatants who fought in the American Civil War while the Kingdom of Hawaiʻi was still an independent nation . 
 Born and raised in Hilo , Hawaiʻi , he was the eldest son of Kinoʻoleoliliha , a Hawaiian high chiefess , and Benjamin Pitman , an American",,,
23,"Wiki-style fan fiction article listing comedic moments from a television show, with numbered entries detailing character behavior and dialogue.",comedic,tragic," = Maggie Simpson = 
 
 Margaret "" Maggie "" Simpson is a fictional character in the animated television series The Simpsons . She first appeared on television in the Tracey Ullman Show short "" Good Night "" on April 19 , 1987 . Maggie was created and designed by cartoonist Matt Groening while he was waiting in the lobby of James L. Brooks ' office . She received her first name from Groening 's youngest sister . After appearing on The Tracey Ullman Show for three years , the Simpson family was given their own series on the Fox Broadcasting Company which debuted December 17 , 1989 . 
 Maggie is the youngest child of Marge and Homer , and sister to Bart and Lisa . She is often seen sucking on her red pacifier and , when she walks , she trips over her clothing and falls on her face ( this running gag is used much more in earlier seasons ) . Being an infant , she cannot talk . She is a counterpart to Lisa Simpson . However , she did appear to talk in the first Tracy Ullman short . Therefore , she is the least seen and heard member of the Simpson family . 
 Maggie 's squeaking and occasional speaking parts are currently provided by Nancy Cartwright , but she has also been voiced by guest stars James Earl Jones , Elizabeth Taylor and Jodie Foster , and by series regulars Yeardley Smith and Harry Shearer . Maggie has appeared in various media relating to The Simpsons – including video games , The Simpsons Movie , The Simpsons Ride , commercials and comic books – and has inspired an entire line of merchandise . 
 
 = = Role in The Simpsons = = 
 
 The Simpsons uses a floating timeline in which the characters do not physically age , and as such the show is assumed to be set in the current year . In several episodes , events have been linked to specific times , though sometimes this timeline has been contradicted in subsequent episodes . Maggie is the youngest child of Marge and Homer , and sister to Bart and Lisa . When Marge became pregnant with Bart , she and Homer got married at a chapel", in,423," set in the current year . In several episodes , events have been linked to specific times , though sometimes this timeline has been contradicted in subsequent episodes . Maggie is the youngest child of Marge and Homer , and sister to Bart and Lisa . When Marge became pregnant with Bart , she and Homer got married at a chapel",,,
24,"Final token "" )"" closes a parenthetical date expression mid-sentence (""Winston Churchill ( November 2 , 1885 – January 24 , 1965 )""), strongly expecting ""was an American politician"" or ""is a famous German.""",American,Australian," = Laurence Olivier = 
 
 Laurence Kerr Olivier , Baron Olivier , OM ( / ˈlɒrəns kɜːr ɒˈlɪvieɪ / ; 22 May 1907 – 11 July 1989", ),56," = Laurence Olivier = 
 
 Laurence Kerr Olivier , Baron Olivier , OM ( / ˈlɒrəns kɜːr ɒˈlɪvieɪ / ; 22 May 1907 – 11 July 1989",,,
25,"Final token ""in"" ends an incomplete clause (""She took over the lease of the grocery store business in""), directly continuing the property transfer narrative about Anna's acquisition of the landlord's business, expecting ""1825"" or ""the house and then sold it to her"" or similar.","""1825""","""1925"""," = Wilhelm Busch = 
 
 Heinrich Christian Wilhelm Busch ( 15 April 1832 – 9 January 1908 ) was a German humorist , poet , illustrator and painter . He published comic illustrated cautionary tales from 1859 , achieving his most notable works in the 1870s . Busch 's illustrations used wood engraving , and later , zincography . 
 Busch drew on contemporary parochial and city life , satirizing Catholicism , Philistinism , strict religious morality and bigotry . His comic text was colourful and entertaining , using onomatopoeia , neologisms and other figures of speech , and led to some work being banned by the authorities . 
 Busch was influential in both poetry and illustration , and became a source for future generations of comic artists . The Katzenjammer Kids was inspired by Busch 's Max and Moritz , one of a number of imitations produced in Germany and the United States . The Wilhelm Busch Prize and the Wilhelm Busch Museum help maintain his legacy . His 175th anniversary in 2007 was celebrated throughout Germany . Busch remains one of the most influential poets and artists in Western Europe . 
 
 = = Family background = = 
 
 In the late 18th century Johann Georg Kleine , Wilhelm Busch 's maternal grandfather , settled in the small village of Wiedensahl . There , in 1817 , he bought a thatched half @-@ timbered house , where Wilhelm Busch was to be born about 15 years later . Amalie Kleine , Johann 's wife and Wilhelm Busch 's grandmother , kept a shop in which Busch 's mother Henriette assisted while her two brothers attended high school . When Johann Georg Kleine died in 1820 , his widow continued to run the shop with Henriette . 
 At the age of 19 Henriette Kleine married surgeon Friedrich Wilhelm Stümpe . Henriette became widowed at the age of 26 , with her three children to Stümpe dying as infants . About 1830 Friedrich Wilhelm Busch , the illegitimate son of a farmer , settled in Wiedensahl after completing a business apprenticeship in the nearby village of Loccum . He took over the Kleine shop", in,487," age of 26 , with her three children to Stümpe dying as infants . About 1830 Friedrich Wilhelm Busch , the illegitimate son of a farmer , settled in Wiedensahl after completing a business apprenticeship in the nearby village of Loccum . He took over the Kleine shop",,,
26,"Scientific article format with taxonomic description listing dinosaur species names and historical attribution, mixing paleontological evidence and naming conventions.",paleontological,culinary," = Species of Allosaurus = 
 
 There have been a number of potential species assigned to the carnosaurian dinosaur genus Allosaurus since its description in 1877 by Othniel Charles Marsh , but only a handful are still regarded as valid . Allosaurus was originally described from material from the Upper Jurassic Morrison Formation of the western United States of America ; the type species A. fragilis became one of the best @-@ known species of dinosaur . 
 The genus Allosaurus was part of the Marsh / Cope "" Bone Wars "" of the late 19th century , and its taxonomy became increasingly confused due to the competition , with several genera and species named by Cope and Marsh now regarded as synonyms of Allosaurus or A. fragilis . Since the description of Allosaurus , scientists have proposed additional species from such far @-@ flung locales as Portugal , Siberia , and Tanzania . 
 
 = = Query about type specimen = = 
 
 The issue of synonyms is complicated by the type specimen of Allosaurus fragillis ( catalogue number YPM 1930 ) being extremely fragmentary , consisting of a few incomplete vertebrae , limb bone fragments , rib fragments , and a tooth . Because of this , several scientists have noted that the type specimen , and thus the genus Allosaurus itself or at least the species A. fragillis , is technically a nomen dubium ( "" dubious name "" , based on a specimen too incomplete to compare to other specimens or to classify ) . In an attempt to fix this situation , Gregory S. Paul and Kenneth Carpenter ( 2010 ) submitted a petition to the ICZN to have the name A. fragillis officially transferred to the more complete specimen", US,359," dubious name "" , based on a specimen too incomplete to compare to other specimens or to classify ) . In an attempt to fix this situation , Gregory S. Paul and Kenneth Carpenter ( 2010 ) submitted a petition to the ICZN to have the name A. fragillis officially transferred to the more complete specimen",,,
27,"Final token ""scoreless"" ends mid-clause (""held the Red Sox scoreless""), part of a list of specific game events (""The Indians pitchers shut the Red Sox out, holding them scoreless""), strongly expecting continuation like ""for the final five innings"" or ""in the last four innings"" or ""on errors.""","scoreless""),","scoreboardless""),"," = 1998 National League Wild Card tie @-@ breaker game = 
 
 The 1998 National League wild @-@ card tie @-@ breaker game was a one @-@ game extension to Major League Baseball 's ( MLB ) 1998 regular season , played between the Chicago Cubs and San Francisco Giants to determine the winner of the National League ( NL ) wild card . The game took place at Wrigley Field in Chicago , on September 28 , 1998 . The Cubs won the game 5 – 3 , holding the Giants score",less,124," season , played between the Chicago Cubs and San Francisco Giants to determine the winner of the National League ( NL ) wild card . The game took place at Wrigley Field in Chicago , on September 28 , 1998 . The Cubs won the game 5 – 3 , holding the Giants score",,,
28,"Final token ""also"" ends mid-phrase ("" ( also""), part of a parenthetical qualifier clause (""a dramatic opera ( also""), completing a compound noun or genre descriptor list, likely ""called 'opera comique'"" or ""called dramatic fiction"") or ""called 'form'""), continuing the scholarly attribution.","fiction"")","non-fiction"")"," = The Fox , the Wolf and the Husbandman = 
 
 The Fox , the Wolf and the Husbandman is a poem by the 15th @-@ century Scottish poet Robert Henryson and part of his collection of moral fables known as the Morall Fabillis of Esope the Phrygian . It is written in Middle Scots . As with the other tales in the collection , appended to it is a moralitas which elaborates on the moral that the fable is supposed to contain . However , the appropriateness of the moralitas for the tale itself has been questioned . 
 The tale combines two motifs . Firstly , a husbandman tilling the fields with his new oxen makes a rash oath aloud to give them to the wolf ; when the wolf overhears this , he attempts to make sure that the man fulfills his promise . The fox mediates a solution by speaking to them individually ; eventually he fools the wolf into following him to claim his supposed reward for dropping the case , and tricks him into a draw @-@ well . The moralitas connects the wolf to the wicked man , the fox to the devil , and the husbandman to the godly man . A probable source for the tale is Petrus Alfonsi 's Disciplina Clericalis , containing the same motifs , and William Caxton 's Aesop 's Fables — though the tale is a beast fable , not Aesopic . 
 
 = = Source = = 
 
 A probable source of the tale is Petrus Alfonsi 's Disciplina clericalis , which has the same three motifs : the rash promise of the husbandman ; the wolf mistaking the moon for cheese ; and the wolf that descends into the well via a bucket , thereby trapping himself and freeing the fox . However , the discussion of legality and the questioning of language that take place alongside these motifs are entirely Henryson 's invention . Whereas the moral of Alfonsi 's tale explains that the wolf lost both the oxen and the cheese because he "" relinquished what was present for what was to come "" ( Latin : pro futuro quod presens erat dimisit ) , Henryson 's moralitas more fully involves the husbandman . 
 Another source may be Aesop 's Fables as published by William Caxton — scholar John MacQueen considers this more likely than Disciplina clericalis — although the tale itself is not Aesopic but rather of the beast fable (", also,510,"son 's moralitas more fully involves the husbandman . 
 Another source may be Aesop 's Fables as published by William Caxton — scholar John MacQueen considers this more likely than Disciplina clericalis — although the tale itself is not Aesopic but rather of the beast fable (",,,
29,"Final token ""Av"" is a truncated word mid-sentence (""in the village of Av""), part of a specific example list item describing a location (""During the siege of Av...""), strongly expecting completion like ""ignon"" or ""ille,"" or ""Armentières,"" or ""two neighboring areas.""","""Armentières,""","""Zimbabwe,"""," = Le souper de Beaucaire = 
 
 Le souper de Beaucaire was a political pamphlet written by Napoleon Bonaparte in 1793 . With the French Revolution into its fourth year , civil war had spread across France between various rival political factions . Napoleon was involved in military action , on the government 's side , against some rebellious cities of southern France . It was during these events , in 1793 , that he spoke with four merchants from the Midi and heard their views . As a loyal soldier of the Republic he responded in turn , set on dispelling the fears of the merchants and discouraging their beliefs . He later wrote about his conversation in the form of a pamphlet , calling for an end to the civil war . 
 
 = = Background = = 
 
 During the French Revolution the National Convention became the executive power of France , following the execution of King Louis XVI . With powerful members , such as Maximilien Robespierre and Georges Danton , the Jacobin Club , a French political party established in 1790 , at the birth of the revolution , managed to secure control of the government and pursue the revolution to their own ends , culminating in a "" Reign of Terror "" . Its repressive policies resulted in insurrection across much of France , including the three largest cities after Paris , namely Lyon , Marseille and Toulon , in the south of France . 
 Citizens in the south were opposed to a centralised government , and to the decrees of its rule , which resulted in rebellion . Prior to the revolution France had been divided into provinces with local governments . In 1790 the government , the National Constituent Assembly , reorganised France into administrative departments in order to rebalance the uneven distribution of French wealth , which had been subject to feudalism under the monarchical Ancien Régime . 
 
 = = Rebellion in Southern France = = 
 
 In July 1793 Captain Napoleon Bonaparte , an artillery officer , was placed under the command of Jean @-@ Baptiste Carteaux to deal with rebels from Marseille situated in", Av,430," subject to feudalism under the monarchical Ancien Régime . 
 
 = = Rebellion in Southern France = = 
 
 In July 1793 Captain Napoleon Bonaparte , an artillery officer , was placed under the command of Jean @-@ Baptiste Carteaux to deal with rebels from Marseille situated in",,,
30,"The sentence ending ""The Tigers took a 14-0 lead early in the fourth quarter, but Ohio State fumbled on their first possession"" continues a sequence of turnovers and scoring plays, detailing a specific defensive blunder.",defensive,offensive," = 1986 Peach Bowl = 
 
 The 1986 Peach Bowl was a post @-@ season American college football bowl game at Fulton County Stadium in Atlanta , Georgia between the Virginia Tech Hokies and the North Carolina State Wolfpack from on December 31 , 1986 . The game was the final contest of the 1986 NCAA Division I @-@ A football season for both teams , and ended in a 25 – 24 victory for Virginia Tech , the first bowl victory in school history . 
 Virginia Tech came into the game with a 9 – 1 – 1 record that included an unusual win over the Temple Owls , who were forced to forfeit a victory to Virginia Tech after using an ineligible player . Facing the Hokies in the Peach Bowl were the 18th @-@ ranked Wolfpack from North Carolina State University . N.C. State was led by head coach Dick Sheridan and had a regular @-@ season record of 8 – 2 – 1 that included five wins over Atlantic Coast Conference teams . 
 The 1986 Peach Bowl kicked off five years minus one day since Virginia Tech had last played in Atlanta — during the 1981 Peach Bowl . Virginia Tech scored first in the game , but NC State 's Bulluck blocked a Tech punt in the Tech end zone and recovered it for a tying touchdown . Virginia Tech kicked a field goal at the end of the quarter to take a 10 – 7 lead , but NC State fought back , scoring 14 unanswered points in the second quarter to take a 21 – 10 lead by halftime . In the third quarter , the game turned into a defensive battle . Neither side scored until late in the third quarter , when Tech took advantage of a State fumble to score the first touchdown of the second half . Tech failed to convert a two @-@ point conversion , but NC State fumbled again", on,405," lead by halftime . In the third quarter , the game turned into a defensive battle . Neither side scored until late in the third quarter , when Tech took advantage of a State fumble to score the first touchdown of the second half . Tech failed to convert a two @-@ point conversion , but NC State fumbled again",,,
