row,idx,sentence_no,k,stratum,is_last,sentence,random_row,same_row,d_norm,cos_dhat_hhat,proj,cos_z,cos_zc,n_atomic_mapped,ref_quoted_token_ok,complete,own_persist_claim,own_jaccard_expl,own_parse_ok,own_cjk,own_format_break,own_cos_new,own_cos_hprime_h,own_quoted_token_ok,own_n_tokens,own_skipped,own_n_atomic_true_persist,own_n_atomic_true,own_n_atomic_false_persist,own_n_atomic_false,own_n_atomic_unsupported_persist,own_n_atomic_unsupported,random_persist_claim,random_jaccard_expl,random_parse_ok,random_cjk,random_format_break,random_cos_new,random_cos_hprime_h,random_quoted_token_ok,random_n_tokens,random_skipped,random_n_atomic_true_persist,random_n_atomic_true,random_n_atomic_false_persist,random_n_atomic_false,random_n_atomic_unsupported_persist,random_n_atomic_unsupported,same_persist_claim,same_jaccard_expl,same_parse_ok,same_cjk,same_format_break,same_cos_new,same_cos_hprime_h,same_quoted_token_ok,same_n_tokens,same_skipped,same_n_atomic_true_persist,same_n_atomic_true,same_n_atomic_false_persist,same_n_atomic_false,same_n_atomic_unsupported_persist,same_n_atomic_unsupported
1,0,1,3,non-last,False,"Indian machinery/steel product seller website with multiple product listing images and text blocks, mixing product details and contact info.",52,2,33.8309211730957,0.24915745854377747,0.24915745854377747,0.9088961757839298,0.890321344445386,6,True,True,0.11764705882352941,0.43243243243243246,1.0,0.0,0.0,0.8727160311477729,0.9540688469228139,1.0,144,False,0,4,0,0,0,2,0.1724137931034483,0.3875,1.0,0.0,0.0,0.8715615522939634,0.9544285488012473,1.0,144,False,0,4,0,0,0,2,0.2857142857142857,0.4342105263157895,1.0,0.0,0.0,0.8871463405017197,0.9554749191182563,1.0,142,False,0,4,0,0,1,2
3,0,3,3,positive_control_last,True,"Final token ""for"" ends an incomplete phrase (""price list price list price for""), part of a third listing item (""price list price list price list""), expecting a noun phrase like ""cement block plant"" or ""all cement product"" or ""old machinery parts"" or similar product details.",43,2,110.1749267578125,0.36089834570884705,0.36089834570884705,0.9088961757839298,0.7140879398170084,4,True,True,0.5384615384615384,0.5205479452054794,1.0,0.0,0.0,0.898226960520206,0.9541394673079812,1.0,147,False,2,2,0,0,0,2,0.6216216216216216,0.65625,1.0,0.0,0.0,0.9065604926131389,0.9575733312631637,1.0,144,False,2,2,0,0,1,2,0.5833333333333334,0.4342105263157895,1.0,0.0,0.0,0.8871463405017197,0.9554749191182563,1.0,142,False,2,2,0,0,1,2
2,0,2,3,non-last,False,"The phrase ""price list for cement block machine"" and ""price list for cement block machine in bangalore"" suggests a third listing or query format with ""price list"" or ""product parts"" or ""steel mill machinery"" entries, likely a query or contact listing format.",71,1,30.59685516357422,0.11775921285152435,0.11775921285152435,0.9088961757839298,0.9016245521842046,7,True,True,0.375,0.4342105263157895,1.0,0.0,0.0,0.8871463405017197,0.9554749191182563,1.0,142,False,0,3,0,4,0,0,0.46153846153846156,0.6176470588235294,1.0,0.0,0.0,0.8894414039646299,0.9567366382318345,1.0,147,False,0,3,1,4,0,0,0.37142857142857144,0.43243243243243246,1.0,0.0,0.0,0.8727160311477729,0.9540688469228139,1.0,144,False,0,3,0,4,0,0
13,1,3,3,positive_control_last,True,"Final token ""Promoted"" is mid-sentence mid-list (""Promoted... Promoted""), part of a sequence of career promotions (""Promoted Captain, promoted""), expecting continuation like ""Lieutenant Colonel in 1915"" or ""Major General in April 1916, he took command.""",63,12,48.838592529296875,0.3990787863731384,0.3990787863731384,0.941033116536216,0.9104201158680113,6,False,True,0.37209302325581395,0.45,1.0,0.0,0.0,0.9191529664030437,0.9544834835022807,0.0,144,False,2,3,0,2,0,1,0.7096774193548387,0.581081081081081,1.0,0.0,0.0,0.9385208020720553,0.9575099525799036,0.0,144,False,3,3,0,2,0,1,0.4473684210526316,0.35106382978723405,1.0,0.0,0.0,0.9009241182318474,0.9541042497618616,0.0,144,False,2,3,0,2,0,1
11,1,1,3,non-last,False,"British Military History account of Captain Agnew's career, with biographical narrative detailing postings and service during WWI.",21,12,26.469478607177734,0.16433630883693695,0.16433630883693695,0.941033116536216,0.9317072661715674,5,False,True,0.15625,0.3146067415730337,1.0,0.0,0.0,0.8984208454992842,0.954814527755339,0.0,146,False,0,5,0,0,0,0,0.21428571428571427,0.358695652173913,1.0,0.0,0.0,0.9191034673843569,0.9561255641893683,0.0,146,False,1,5,0,0,0,0,0.4074074074074074,0.35106382978723405,1.0,0.0,0.0,0.9009241182318474,0.9541042497618616,0.0,144,False,3,5,0,0,0,0
23,2,3,3,positive_control_last,True,"Final token ""has"" is mid-sentence (""Hannah has""), part of a second attribute listing (""Sara has""), expecting a noun phrase like ""a strong connection to"" or ""multiple passions including"" or ""travelled internationally and has recently completed various projects/degrees"" or ""a strong desire to contribute to environmental causes.""",13,22,168.7183837890625,0.39669448137283325,0.39669448137283325,0.9530373426150267,0.6415700652161006,4,True,True,0.3103448275862069,0.44339622641509435,1.0,0.0,0.0,0.952607460376175,0.9544567467548377,1.0,142,False,1,2,0,1,0,1,0.4230769230769231,0.37962962962962965,1.0,0.0,0.0,0.9488293802773103,0.95720264716968,1.0,143,False,2,2,0,1,0,1,0.3269230769230769,0.38317757009345793,1.0,0.0,0.0,0.915366981109246,0.9545736626119451,1.0,145,False,1,2,0,1,0,1
12,1,2,3,non-last,False,"The paragraph structure ""His career continued with Captaincy and he was posted to the Royal Marines. Promoted to Major, promoted"" lists career promotions with dates and details, continuing the sequence of military rank progression and service history.",41,11,26.559368133544922,0.24251072108745575,0.24251072108745575,0.941033116536216,0.9292575302922266,5,False,True,0.24,0.35106382978723405,1.0,0.0,0.0,0.9009241182318474,0.9541042497618616,0.0,144,False,0,3,0,1,1,1,0.37209302325581395,0.358695652173913,1.0,0.0,0.0,0.919185638568008,0.9573576824517988,0.0,143,False,2,3,0,1,1,1,0.19047619047619047,0.3146067415730337,1.0,0.0,0.0,0.8984208454992842,0.954814527755339,0.0,146,False,0,3,0,1,1,1
33,3,3,3,positive_control_last,True,"Final token ""of"" ends an incomplete noun phrase (""citation rates of""), part of a citation study title (""Gender bias in citation rates of""), expecting a noun like ""scientific papers"" or ""developing country journals"" or ""international health research papers"" or ""academic publications in developing countries.""",74,32,62.68140411376953,0.5536661148071289,0.5536661148071289,0.9432012090612775,0.8870513465756477,4,True,True,0.6585365853658537,0.64,1.0,0.0,0.0,0.9346732838729517,0.9579363778088746,1.0,144,False,2,3,0,0,0,1,0.43478260869565216,0.5176470588235295,1.0,0.0,0.0,0.9313454645664546,0.9562891757647138,1.0,142,False,2,3,0,0,0,1,0.6046511627906976,0.49411764705882355,1.0,0.0,0.0,0.9253337797073417,0.9566040556111448,1.0,140,False,2,3,0,0,0,1
21,2,1,3,non-last,False,"British Adventure Sports Photographer with eco-conservation focus, listing her outdoor experiences and qualifications for the UK Wildlife Conservation event.",72,22,65.92874908447266,0.2720445394515991,0.2720445394515991,0.9530373426150267,0.9017142289151412,6,True,True,0.12121212121212122,0.3394495412844037,1.0,0.0,0.0,0.9016843471956446,0.9539789780026842,1.0,145,False,0,3,1,2,0,1,0.2857142857142857,0.35714285714285715,1.0,0.0,0.0,0.95227650320779,0.9569952512391692,1.0,145,False,1,3,1,2,1,1,0.2,0.38317757009345793,1.0,0.0,0.0,0.915366981109246,0.9545736626119451,1.0,145,False,2,3,0,2,1,1
43,4,3,3,positive_control_last,True,"Final token ""annual"" is mid-phrase (""the annual""), part of a clause listing activities (""The annual""), directly continuing the sentence about the student's fundraising event's purpose or a specific year's event, expecting ""Charity Fair"" or ""India Day competition is held to raise funds.""",3,42,122.39741516113281,0.45620056986808777,0.45620056986808777,0.9200446926568321,0.6844526135031992,5,True,True,0.4375,0.47474747474747475,1.0,0.0,0.0,0.9359771360118135,0.9553481576186442,1.0,145,False,2,2,1,2,0,1,0.3877551020408163,0.38461538461538464,1.0,0.0,0.0,0.9286949912711449,0.9569811973100634,1.0,145,False,2,2,0,2,0,1,0.3,0.308411214953271,1.0,0.0,0.0,0.9200328520791996,0.9553237800368917,1.0,144,False,2,2,0,2,0,1
22,2,2,3,non-last,False,"The structure ""Sara is an enthusiastic Wildlife Photographer with a passion for adventure and conservation work"" signals a concluding section listing additional attributes or career highlights, continuing the bio format with ""Her recent projects and goals.""",12,21,32.670806884765625,0.18524019420146942,0.18524019420146942,0.9530373426150267,0.9407048574198051,6,True,True,0.32653061224489793,0.38317757009345793,1.0,0.0,0.0,0.915366981109246,0.9545736626119451,1.0,145,False,1,4,0,2,0,0,0.2558139534883721,0.43,1.0,0.0,0.0,0.9332831021980846,0.9558054320380779,1.0,135,False,2,4,0,2,0,0,0.2916666666666667,0.3394495412844037,1.0,0.0,0.0,0.9016843471956446,0.9539789780026842,1.0,145,False,1,4,0,2,0,0
53,5,3,3,positive_control_last,True,"Final token ""to"" ends an incomplete numerical comparison clause (""from an average count of 1,450 per litre, decreasing from... to""), immediately requiring a numeric value or range like ""a mean of 150"" or ""zero during the monitoring period,"" completing the trend.",33,52,102.08675384521484,0.5646399259567261,0.5646399259567261,0.9466821579800019,0.7849180272945778,4,True,True,0.4888888888888889,0.47959183673469385,1.0,0.0,0.0,0.9022038205713762,0.9583269300535171,1.0,145,False,2,2,0,1,0,1,0.46808510638297873,0.5698924731182796,1.0,0.0,0.0,0.950002429171637,0.9551378855693547,1.0,144,False,2,2,1,1,0,1,0.4883720930232558,0.5052631578947369,1.0,0.0,0.0,0.9267830464839134,0.9543680298277637,1.0,146,False,2,2,0,1,0,1
31,3,1,3,non-last,False,"Scientific journal article format with academic metadata and abstracts, mixing scholarly content about ecology and citation metrics with a second item about publication bias.",73,32,38.383480072021484,0.2305295616388321,0.2305295616388321,0.9432012090612775,0.9128811072175105,7,True,True,0.21212121212121213,0.39080459770114945,1.0,0.0,0.0,0.881423706513501,0.9541783971068308,1.0,141,False,1,5,0,2,0,0,0.4827586206896552,0.6,1.0,0.0,0.0,0.9401052078217104,0.9560204765766357,1.0,140,False,4,5,0,2,0,0,0.4375,0.49411764705882355,1.0,0.0,0.0,0.9253337797073417,0.9566040556111448,1.0,140,False,4,5,2,2,0,0
63,6,3,3,positive_control_last,True,"Final token ""after"" is mid-word (""the cold afterglow after""), part of a parallel noun phrase structure (""the observed GRB optical afterglow's delayed decay""), expecting ""glow flux"" or ""afterglow light curve"" or ""glow decay is detected.""",53,62,123.89297485351562,0.4505496323108673,0.4505496323108673,0.9237379227184127,0.6639572306839462,5,True,True,0.43243243243243246,0.5125,1.0,0.0,0.0,0.9263052896626185,0.9552427222586816,1.0,143,False,1,1,0,2,0,2,0.47058823529411764,0.5316455696202531,1.0,0.0,0.0,0.918441089170277,0.9555867092311072,1.0,143,False,1,1,0,2,1,2,0.4864864864864865,0.3723404255319149,1.0,0.0,0.0,0.9083498728239606,0.9544534047238953,1.0,147,False,1,1,0,2,1,2
32,3,2,3,non-last,False,"The phrase ""Gender bias in citation counts of"" suggests a citation analysis or academic paper metadata study, likely a journal or country ranking study, implying a third item or data visualization about international research output or publication quality.",11,31,27.415836334228516,0.05550574138760567,0.05550574138760567,0.9432012090612775,0.9439146137811575,5,True,True,0.3023255813953488,0.49411764705882355,1.0,0.0,0.0,0.9253337797073417,0.9566040556111448,1.0,140,False,0,2,0,1,0,2,0.4418604651162791,0.5662650602409639,1.0,0.0,0.0,0.9373056627530746,0.9592696363929849,1.0,142,False,1,2,1,1,0,2,0.3333333333333333,0.39080459770114945,1.0,0.0,0.0,0.881423706513501,0.9541783971068308,1.0,141,False,0,2,0,1,0,2
74,7,4,4,positive_control_last,True,"Final token ""electrolytes"" ends mid-clause (""release of corrosive electrolutes""), part of a parenthetical example listing consequences (""The presence of leaked electrolytes""), strongly expecting continuation like ""and smoke,"" ""into the vehicle"" or ""and other materials, and fire"" or similar.",23,73,61.90098571777344,0.4147091805934906,0.4147091805934906,0.8984201505886318,0.8681592356058603,4,False,True,0.3541666666666667,0.4205607476635514,1.0,0.0,0.0,0.8284311958031819,0.9546768292381693,0.0,143,False,1,2,0,1,0,1,0.4883720930232558,0.5520833333333334,1.0,0.0,0.0,0.8831607767889715,0.957917838151608,0.0,145,False,2,2,0,1,0,1,0.4878048780487805,0.4,1.0,0.0,0.0,0.8217524971605396,0.9545996276881995,0.0,146,False,0,2,0,1,0,1
41,4,1,3,non-last,False,"Student blog post written in informal tone with personal perspective on Indian culture and service, detailing a high school student's involvement with the Jewish community's charity event.",62,42,49.18564224243164,0.1903103142976761,0.1903103142976761,0.9200446926568321,0.8867040522976292,9,True,True,0.225,0.3425925925925926,1.0,0.0,0.0,0.8929207396537391,0.9545206645933654,1.0,146,False,1,5,0,1,0,3,0.4411764705882353,0.45454545454545453,1.0,0.0,0.0,0.9213150115974107,0.9548238309628847,1.0,146,False,2,5,0,1,1,3,0.24324324324324326,0.308411214953271,1.0,0.0,0.0,0.9200328520791996,0.9553237800368917,1.0,144,False,0,5,0,1,0,3
42,4,2,3,non-last,False,"The sentence structure ""Her passion for the event has grown over the years and the annual"" signals a second piece of information about the fundraising event's purpose or the charity's chosen charity, likely referencing the charity fair's fundraising event.",2,41,21.606266021728516,0.12746098637580872,0.12746098637580872,0.9200446926568321,0.9225136182909612,2,True,True,0.18867924528301888,0.308411214953271,1.0,0.0,0.0,0.9200328520791996,0.9553237800368917,1.0,144,False,0,0,0,1,0,1,0.23076923076923078,0.3619047619047619,1.0,0.0,0.0,0.9206937973223694,0.9567095744877209,1.0,147,False,0,0,0,1,0,1,0.4090909090909091,0.3425925925925926,1.0,0.0,0.0,0.8929207396537391,0.9545206645933654,1.0,146,False,0,0,1,1,0,1
51,5,1,3,non-last,False,"Australian environmental/technical report format with scientific data presented in a structured abstract format, detailing water quality monitoring results for a dairy farm.",61,52,31.638954162597656,0.1795741468667984,0.1795741468667984,0.9466821579800019,0.9417854989939576,5,True,True,0.2,0.35294117647058826,1.0,0.0,0.0,0.925706381802514,0.9546354223615723,1.0,143,False,0,3,0,1,0,1,0.3448275862068966,0.39805825242718446,1.0,0.0,0.0,0.9462656103629322,0.95882904819801,1.0,142,False,0,3,1,1,1,1,0.75,0.5052631578947369,1.0,0.0,0.0,0.9267830464839134,0.9543680298277637,1.0,146,False,2,3,1,1,1,1
52,5,2,3,non-last,False,"The sentence structure ""The mean E. coli levels prior to the implementation of the BMP program had increased from a high level, however following the implementation the levels had reduced from"" establishes a numerical comparison showing pre/post reduction data, with a specific range expected.",32,51,40.42732238769531,0.3882765471935272,0.3882765471935272,0.9466821579800019,0.9261756808691266,6,True,True,0.2653061224489796,0.5052631578947369,1.0,0.0,0.0,0.9267830464839134,0.9543680298277637,1.0,146,False,0,2,0,3,0,1,0.30612244897959184,0.5154639175257731,1.0,0.0,0.0,0.9304427034104127,0.9553057884621867,0.0,147,False,1,2,1,3,0,1,0.40425531914893614,0.35294117647058826,1.0,0.0,0.0,0.925706381802514,0.9546354223615723,1.0,143,False,0,2,1,3,0,1
61,6,1,3,non-last,False,"Scientific paper abstract format with LaTeX formatting, discussing GRB jet models using numerical simulations and observational constraints on GRB afterglow emission.",42,62,21.241750717163086,0.09626388549804688,0.09626388549804688,0.9237379227184127,0.9171853311668121,6,True,True,0.21428571428571427,0.29545454545454547,1.0,0.0,0.0,0.8942624501412068,0.9558342310279647,1.0,147,False,0,4,0,1,0,1,0.48148148148148145,0.38144329896907214,1.0,0.0,0.0,0.9151127301877048,0.9558506705624995,1.0,147,False,3,4,0,1,0,1,0.5384615384615384,0.3723404255319149,1.0,0.0,0.0,0.9083498728239606,0.9544534047238953,1.0,147,False,4,4,0,1,0,1
62,6,2,3,non-last,False,"The phrase ""Thus the model predicts the time-dependent polarization of the progenitor's cold dust during the GRB optical afterglow"" implies a concluding question about the afterglow light curve, strongly suggesting ""afterglow flux"" or similar term.",1,61,25.428085327148438,0.19706642627716064,0.19706642627716064,0.9237379227184127,0.9169201134645217,4,True,True,0.14583333333333334,0.3723404255319149,1.0,0.0,0.0,0.9083498728239606,0.9544534047238953,1.0,147,False,0,1,0,2,0,1,0.2608695652173913,0.42168674698795183,1.0,0.0,0.0,0.9098454678991452,0.959006775469274,1.0,145,False,0,1,0,2,0,1,0.23809523809523808,0.29545454545454547,1.0,0.0,0.0,0.8942624501412068,0.9558342310279647,1.0,147,False,0,1,0,2,0,1
71,7,1,4,non-last,False,Technical corporate news release format with U.S.,51,72,14.849736213684082,0.05380978807806969,0.05380978807806969,0.8984201505886318,0.8940959013989469,2,False,True,0.09090909090909091,0.4444444444444444,1.0,0.0,0.0,0.8495376751262593,0.9566385002720662,0.0,142,False,0,1,0,0,0,1,0.16666666666666666,0.4117647058823529,1.0,0.0,0.0,0.8799323550251869,0.95595645319697,0.0,148,False,1,1,0,0,0,1,0.125,0.33962264150943394,1.0,0.0,0.0,0.8388932611387896,0.9545761089640192,0.0,144,False,0,1,0,0,0,1
72,7,2,4,non-last,False,"government safety announcement describing a Boeing aircraft event, establishing factual details about autonomous vehicle testing.",22,73,25.349119186401367,0.18501156568527222,0.18501156568527222,0.8984201505886318,0.8896337983535735,3,False,True,0.09375,0.33962264150943394,1.0,0.0,0.0,0.8388932611387896,0.9545761089640192,0.0,144,False,0,2,0,1,0,0,0.38461538461538464,0.49019607843137253,1.0,0.0,0.0,0.8852437063212346,0.9601668935282314,0.0,146,False,0,2,1,1,0,0,0.13333333333333333,0.4,1.0,0.0,0.0,0.8217524971605396,0.9545996276881995,0.0,146,False,1,2,0,1,0,0
73,7,3,4,non-last,False,"The sentence structure ""The incidents also resulted in the release of heated electrolytic fluids"" lists a specific observed failure symptom (""release of corrosive liquids""), continuing a description of physical damage or chemical hazards from the battery cell rupture.",31,71,44.83868408203125,0.4087684452533722,0.4087684452533722,0.8984201505886318,0.8653885974227435,4,False,True,0.3,0.4,1.0,0.0,0.0,0.8217524971605396,0.9545996276881995,0.0,146,False,1,2,0,1,0,1,0.27450980392156865,0.46875,1.0,0.0,0.0,0.8821945683587604,0.9589045766014406,0.0,146,False,1,2,0,1,0,1,0.37777777777777777,0.4444444444444444,1.0,0.0,0.0,0.8495376751262593,0.9566385002720662,0.0,142,False,1,2,1,1,0,1
