stim_idx,split,cos_own,cos_empty,cos_own_round1,cos_empty_round1,act_norm,act_norm_round1
0,pilot,0.9037843794874333,0.189612725178903,0.9037843794874332,0.189612725178903,126.24312591552734,126.24312591552734
1,pilot,0.8197721761736144,0.15344474756965285,0.8197721761736144,0.1534447475696528,107.1145248413086,107.1145248413086
2,pilot,0.9551085174545655,0.3769455391194011,0.9551085174545656,0.3769455391194011,105.75189971923828,105.75189971923828
3,pilot,0.8738534404539006,0.1789672315352897,0.8738534404539006,0.1789672315352897,112.0785140991211,112.0785140991211
4,pilot,0.9391552864990333,0.3708906821022327,0.9391552864990332,0.3708906821022327,123.80754089355469,123.80754089355467
5,pilot,0.9065484872402003,0.24209452590399638,0.9065484872402004,0.2420945259039963,114.8030014038086,114.8030014038086
6,pilot,0.8088752239783188,0.13482763744489176,0.8088752239783188,0.1348276374448917,115.86563110351562,115.86563110351562
7,pilot,0.8796824805517404,0.32588674576573023,0.8796824805517404,0.3258867457657302,118.75248718261719,118.7524871826172
8,pilot,0.9146871224114556,0.28164476500717567,0.9146871224114556,0.2816447650071756,126.89373779296875,126.89373779296876
9,pilot,0.7848176541400378,0.1809722545629569,0.7848176541400378,0.1809722545629569,104.84342193603516,104.84342193603516
10,pilot,0.8584160898919533,0.34517484663307,0.8584160898919533,0.34517484663307,108.72740936279297,108.72740936279295
11,pilot,0.8938113981180289,0.3099190765861841,0.8938113981180289,0.3099190765861841,117.63195037841797,117.63195037841795
12,pilot,0.9401713122204303,0.4565237350408099,0.9401713122204304,0.4565237350408099,116.78839111328125,116.78839111328124
13,pilot,0.9221163383205818,0.41157627810174974,0.9221163383205818,0.4115762781017497,97.16009521484375,97.16009521484376
14,pilot,0.9349974426457643,0.4553495194949969,0.9349974426457645,0.4553495194949969,107.90790557861328,107.90790557861328
15,pilot,0.8982661786648177,0.2045919564390511,0.8982661786648177,0.2045919564390511,123.5247573852539,123.5247573852539
16,pilot,0.8820226317726803,0.44869358819824845,0.8820226317726803,0.4486935881982484,107.3158187866211,107.3158187866211
17,pilot,0.9275991143947511,0.4218450495331077,0.9275991143947512,0.4218450495331077,115.06069946289062,115.06069946289062
18,pilot,0.8913616395173302,0.24476225312407446,0.8913616395173302,0.2447622531240744,109.40339660644531,109.40339660644533
19,pilot,0.9093434584934846,0.2538552006392791,0.9093434584934846,0.2538552006392791,127.88361358642578,127.88361358642578
20,pilot,0.8866964212357636,0.3002390754426556,0.8866964212357636,0.3002390754426556,109.47537231445312,109.47537231445312
21,pilot,0.8840700223043975,0.47209075697727915,0.8840700223043975,0.4720907569772791,115.42202758789062,115.42202758789062
22,pilot,0.853309744571527,0.3808807713476936,0.853309744571527,0.3808807713476936,113.88827514648438,113.88827514648438
23,pilot,0.9224282416131006,0.3190551163506699,0.9224282416131006,0.3190551163506699,119.04147338867188,119.04147338867188
24,pilot,0.9041422427443225,0.43679032454883415,0.9041422427443224,0.4367903245488341,105.91378784179688,105.91378784179688
25,pilot,0.9126156837004097,0.3311145374103458,0.9126156837004096,0.3311145374103458,124.42381286621094,124.42381286621094
26,pilot,0.9058118201207965,0.31853758427980616,0.9058118201207964,0.3185375842798061,116.15201568603516,116.15201568603516
27,pilot,0.9131462232734604,0.350401460563363,0.9131462232734604,0.350401460563363,115.64543914794922,115.64543914794922
28,pilot,0.8619692295153444,0.38855278653303876,0.8619692295153444,0.3885527865330387,112.84396362304688,112.84396362304688
29,pilot,0.7934917735082035,0.23962722967438171,0.7934917735082035,0.2396272296743817,103.76177215576172,103.76177215576172
30,pilot,0.8849677179886848,0.12664831035161314,0.8849677179886848,0.1266483103516131,123.33782196044922,123.33782196044922
31,pilot,0.9395076679533975,0.4778324278361696,0.9395076679533976,0.4778324278361696,103.10995483398438,103.10995483398438
32,pilot,0.9637360001133245,0.3959777421241626,0.9637360001133244,0.3959777421241626,103.4765853881836,103.4765853881836
33,pilot,0.9256380498548303,0.41813658877849075,0.9256380498548304,0.4181365887784907,111.1321029663086,111.1321029663086
34,pilot,0.8721292975890945,0.3832546237103641,0.8721292975890945,0.3832546237103641,122.31005096435547,122.31005096435548
35,pilot,0.9355693404990043,0.42423467579801954,0.9355693404990044,0.4242346757980195,111.77217102050781,111.7721710205078
36,pilot,0.8776994557850186,0.39376389861355227,0.8776994557850186,0.3937638986135522,114.5987548828125,114.5987548828125
37,pilot,0.8578541046282586,0.3515523421649009,0.8578541046282586,0.3515523421649009,104.79086303710938,104.79086303710938
38,pilot,0.9057941825241568,0.4608515262113237,0.9057941825241568,0.4608515262113237,129.5709228515625,129.5709228515625
39,pilot,0.8895330079303785,0.2832617778496775,0.8895330079303785,0.2832617778496775,115.55781555175781,115.5578155517578
40,eval,0.8764560881634189,0.31508149870954455,0.8764560881634189,0.3150814987095445,119.75593566894531,119.75593566894533
41,eval,0.8451522502372644,0.5117262745363628,0.8451522502372644,0.5117262745363628,104.7372817993164,104.7372817993164
42,eval,0.9022261455224687,0.298296919470521,0.9022261455224688,0.298296919470521,111.78105926513672,111.78105926513672
43,eval,0.8973881994501998,0.3324820607724267,0.8973881994501998,0.3324820607724267,119.54602813720703,119.54602813720705
44,eval,0.8839904725358461,0.32691525211062217,0.8839904725358461,0.3269152521106221,107.0245361328125,107.0245361328125
45,eval,0.8848661629056508,0.42346047267391806,0.8848661629056508,0.423460472673918,101.81363677978516,101.81363677978516
46,eval,0.9126302376390062,0.35789290685500086,0.9126302376390062,0.3578929068550008,123.77147674560547,123.77147674560548
47,eval,0.8929812449451633,0.3542080002511649,0.8929812449451633,0.3542080002511649,103.33445739746094,103.33445739746094
48,eval,0.8996911309373561,0.45127342894233957,0.8996911309373561,0.4512734289423395,100.0970687866211,100.0970687866211
49,eval,0.8391334933586021,0.35788814722482953,0.8391334933586021,0.3578881472248295,118.66777801513672,118.66777801513672
50,eval,0.8940764736951006,0.3744466482442854,0.8940764736951006,0.3744466482442854,118.33050537109375,118.33050537109376
51,eval,0.8991241584243834,0.3344392745782137,0.8991241584243834,0.3344392745782137,120.10110473632812,120.10110473632812
52,eval,0.8549496520398193,0.32384763328192473,0.8549496520398193,0.3238476332819247,114.92878723144531,114.92878723144533
53,eval,0.9140736077258251,0.4358817204496998,0.9140736077258252,0.4358817204496998,101.49183654785156,101.49183654785156
54,eval,0.8647387305511626,0.28793070709742846,0.8647387305511626,0.2879307070974284,109.68121337890625,109.68121337890624
55,eval,0.7994054719400961,0.43969957622995126,0.7994054719400961,0.4396995762299512,95.41879272460938,95.41879272460938
56,eval,0.8189734233163892,0.4567057788704074,0.8189734233163892,0.4567057788704074,80.00147247314453,80.00147247314453
57,eval,0.8977141976973927,0.3404552560868106,0.8977141976973927,0.3404552560868106,137.43704223632812,137.43704223632812
58,eval,0.8961252919911622,0.36240867669272586,0.8961252919911622,0.3624086766927258,117.90853881835938,117.90853881835938
59,eval,0.8633531194606237,0.31230926302414896,0.8633531194606237,0.3123092630241489,102.5267333984375,102.5267333984375
60,eval,0.8909317153231097,0.3003787798552016,0.8909317153231097,0.3003787798552016,119.33595275878906,119.33595275878906
61,eval,0.8937795982447434,0.34461530827441766,0.8937795982447434,0.3446153082744176,119.87686920166016,119.87686920166016
62,eval,0.925907818840253,0.32799700617486705,0.925907818840253,0.327997006174867,106.54206085205078,106.54206085205078
63,eval,0.9020529767698311,0.34836937429736126,0.9020529767698312,0.3483693742973612,116.00274658203125,116.00274658203124
64,eval,0.9069603518111161,0.31293170299656503,0.906960351811116,0.312931702996565,130.31068420410156,130.31068420410156
65,eval,0.8709104170652038,0.31888991310501,0.8709104170652038,0.31888991310501,113.7861328125,113.7861328125
66,eval,0.8872040192986572,0.37626630612723067,0.8872040192986572,0.3762663061272306,111.60987091064453,111.60987091064452
67,eval,0.8152549859747157,0.5006135001273221,0.8152549859747157,0.5006135001273221,80.7308120727539,80.7308120727539
68,eval,0.8677497710112528,0.22310716664104557,0.8677497710112528,0.2231071666410455,121.04952239990234,121.04952239990234
69,eval,0.8693632494104001,0.40349399000958597,0.8693632494104001,0.4034939900095859,102.15807342529297,102.15807342529295
70,eval,0.9241751918755847,0.4718854174918755,0.9241751918755848,0.4718854174918755,106.40249633789062,106.40249633789062
71,eval,0.8892084802435517,0.3666096782703893,0.8892084802435517,0.3666096782703893,103.50291442871094,103.50291442871094
72,eval,0.9243353654254957,0.3967756806169788,0.9243353654254955,0.3967756806169788,104.15827941894531,104.15827941894533
73,eval,0.8158129468330602,0.5170844806200575,0.8158129468330602,0.5170844806200575,92.76123046875,92.76123046875
74,eval,0.9384561350386859,0.3881760024805071,0.938456135038686,0.3881760024805071,132.8726806640625,132.8726806640625
75,eval,0.7981617598261463,0.21153252402010445,0.7981617598261463,0.2115325240201044,114.38236236572266,114.38236236572266
76,eval,0.8165510187590126,0.09474201818706096,0.8165510187590126,0.0947420181870609,137.17677307128906,137.17677307128906
77,eval,0.8530178711007769,0.34282556261837765,0.8530178711007769,0.3428255626183776,114.97297668457031,114.97297668457033
78,eval,0.7967841481608959,0.4877148834090785,0.7967841481608959,0.4877148834090785,106.09453582763672,106.09453582763672
79,eval,0.8839908756785633,0.39980173680966746,0.8839908756785633,0.3998017368096674,116.27408599853516,116.27408599853516
80,eval,0.9421320718734909,0.387839075474186,0.9421320718734908,0.387839075474186,106.13996887207031,106.13996887207033
81,eval,0.6792819898977669,0.304817349610305,0.6792819898977669,0.304817349610305,113.91838836669922,113.91838836669922
82,eval,0.8091214132469876,0.3772451021128541,0.8091214132469876,0.3772451021128541,110.98174285888672,110.98174285888672
83,eval,0.9288348398295974,0.3429283363429786,0.9288348398295974,0.3429283363429786,122.36223602294922,122.36223602294922
84,eval,0.935528297211703,0.45799350878623457,0.935528297211703,0.4579935087862345,110.29837036132812,110.29837036132812
85,eval,0.9251781633958069,0.4007854167814476,0.9251781633958068,0.4007854167814476,111.60870361328125,111.60870361328124
86,eval,0.8538310523407067,0.26510317810794365,0.8538310523407067,0.2651031781079436,120.7758560180664,120.7758560180664
87,eval,0.905171649212226,0.35776205612339573,0.905171649212226,0.3577620561233957,120.93568420410156,120.93568420410156
88,eval,0.8836902098915548,0.4103747370919629,0.8836902098915548,0.4103747370919629,118.47649383544922,118.47649383544922
89,eval,0.8916832463944765,0.26999136552487807,0.8916832463944765,0.269991365524878,112.02400970458984,112.02400970458984
90,eval,0.8885074572422635,0.3505516955213771,0.8885074572422635,0.3505516955213771,113.31953430175781,113.3195343017578
91,eval,0.8898315713225826,0.29928353150828363,0.8898315713225826,0.2992835315082836,117.78365325927734,117.78365325927734
92,eval,0.9057902970912707,0.3109660244151329,0.9057902970912708,0.3109660244151329,123.19778442382812,123.19778442382812
93,eval,0.8981409504146745,0.39819035629228505,0.8981409504146745,0.398190356292285,113.55548858642578,113.55548858642578
94,eval,0.871936969390669,0.15475879862595274,0.871936969390669,0.1547587986259527,107.28668212890625,107.28668212890624
95,eval,0.9066623617733167,0.3263442934093443,0.9066623617733168,0.3263442934093443,120.15164947509766,120.15164947509766
96,eval,0.8597305561292348,0.2812211387257781,0.8597305561292348,0.2812211387257781,107.54816436767578,107.54816436767578
97,eval,0.8639323374532557,0.3265730339467289,0.8639323374532557,0.3265730339467289,103.3329086303711,103.3329086303711
98,eval,0.8670939832591201,0.45631356820143787,0.8670939832591201,0.4563135682014378,117.62220764160156,117.62220764160156
99,eval,0.9029124553877792,0.40566437437271907,0.9029124553877792,0.405664374372719,104.62156677246094,104.62156677246094
100,eval,0.8851544892279158,0.24366702213233266,0.8851544892279158,0.2436670221323326,129.5963134765625,129.5963134765625
101,eval,0.9157015132497454,0.43003182087925634,0.9157015132497454,0.4300318208792563,117.41099548339844,117.41099548339844
102,eval,0.9017038694486287,0.30909091294416347,0.9017038694486288,0.3090909129441634,129.4025115966797,129.4025115966797
103,eval,0.8927301864260383,0.1939235189586074,0.8927301864260383,0.1939235189586074,123.93675994873047,123.93675994873048
104,eval,0.8688086894865119,0.3409714243517994,0.8688086894865119,0.3409714243517994,115.90921783447266,115.90921783447266
105,eval,0.9197639529033973,0.28907532199726954,0.9197639529033972,0.2890753219972695,118.92169952392578,118.92169952392578
106,eval,0.9022210723336441,0.3811671061919525,0.902221072333644,0.3811671061919525,112.32169342041016,112.32169342041016
107,eval,0.9074540899319065,0.3773480534891382,0.9074540899319063,0.3773480534891382,110.15665435791016,110.15665435791016
108,eval,0.879589613575141,0.30630022940242885,0.879589613575141,0.3063002294024288,111.7647933959961,111.7647933959961
109,eval,0.8641835947990718,0.2043951121030827,0.8641835947990718,0.2043951121030827,122.94449615478516,122.94449615478516
110,eval,0.8688460975130029,0.28512936540200834,0.8688460975130029,0.2851293654020083,124.51284790039062,124.51284790039062
111,eval,0.8324446589130039,0.35928336655228926,0.8324446589130039,0.3592833665522892,105.94225311279297,105.94225311279295
112,eval,0.9158290738245534,0.4269652333327536,0.9158290738245534,0.4269652333327536,103.09983825683594,103.09983825683594
113,eval,0.9019248050295584,0.4299521137526375,0.9019248050295584,0.4299521137526375,99.9455337524414,99.9455337524414
114,eval,0.9010468338847171,0.2493185584521854,0.9010468338847172,0.2493185584521854,115.06259155273438,115.06259155273438
115,eval,0.9051700277289001,0.3371410551229172,0.9051700277289,0.3371410551229172,119.643310546875,119.643310546875
116,eval,0.9133378872134441,0.3315977846432798,0.913337887213444,0.3315977846432798,109.2662124633789,109.2662124633789
117,eval,0.8959252553986603,0.4278951415879727,0.8959252553986603,0.4278951415879727,99.85723876953125,99.85723876953124
118,eval,0.8628375938735265,0.3531728903025998,0.8628375938735265,0.3531728903025998,115.703125,115.703125
119,eval,0.8769603088237321,0.3341580931873554,0.8769603088237321,0.3341580931873554,121.02581787109375,121.02581787109376
120,eval,0.8793253036354206,0.2128084718590695,0.8793253036354206,0.2128084718590695,131.31605529785156,131.31605529785156
121,eval,0.9021923295943186,0.36527544764193753,0.9021923295943186,0.3652754476419375,126.22636413574219,126.2263641357422
122,eval,0.8471802088303045,0.27360541638008984,0.8471802088303045,0.2736054163800898,110.60575103759766,110.60575103759766
123,eval,0.9114355866431232,0.39142888325035097,0.9114355866431232,0.3914288832503509,109.25508880615234,109.25508880615234
124,eval,0.8840491072969107,0.3594247076414759,0.8840491072969107,0.3594247076414759,109.73383331298828,109.73383331298828
125,eval,0.8533871672516117,0.26713029683675843,0.8533871672516117,0.2671302968367584,112.69075775146484,112.69075775146484
126,eval,0.87194837729231,0.18191707081621716,0.87194837729231,0.1819170708162171,123.39217376708984,123.39217376708984
127,eval,0.9152670107783298,0.33804974457740505,0.9152670107783298,0.338049744577405,115.44890594482422,115.44890594482422
128,eval,0.918499494198178,0.3913660638392414,0.918499494198178,0.3913660638392414,119.81548309326172,119.81548309326172
129,eval,0.8332392602637032,0.28416277873325424,0.8332392602637032,0.2841627787332542,107.41468811035156,107.41468811035156
130,eval,0.9160329404056763,0.4535976805948304,0.9160329404056764,0.4535976805948304,107.33540344238281,107.3354034423828
131,eval,0.8193717256599727,0.2802740573078682,0.8193717256599727,0.2802740573078682,104.41064453125,104.41064453125
132,eval,0.9329782556800509,0.4359744602976276,0.9329782556800508,0.4359744602976276,140.20823669433594,140.20823669433594
133,eval,0.9142826284386373,0.3643482752395804,0.9142826284386372,0.3643482752395804,117.60519409179688,117.60519409179688
134,eval,0.8971884566463244,0.24208005178407338,0.8971884566463244,0.2420800517840733,107.86257934570312,107.86257934570312
135,eval,0.9020259253976409,0.3421126645179287,0.9020259253976408,0.3421126645179287,121.12425231933594,121.12425231933594
136,eval,0.7847762112434621,0.480914385168052,0.7847762112434621,0.480914385168052,106.82110595703125,106.82110595703124
137,eval,0.8901798521815971,0.41273009038693237,0.8901798521815971,0.4127300903869323,106.53231811523438,106.53231811523438
138,eval,0.8127081133470961,0.44264877710797,0.8127081133470961,0.44264877710797,108.12117767333984,108.12117767333984
139,eval,0.9621672875997088,0.4071675359287015,0.9621672875997088,0.4071675359287015,106.52153778076172,106.52153778076172
140,eval,0.8914699055144052,0.38577906055912,0.8914699055144052,0.38577906055912,112.18790435791016,112.18790435791016
141,eval,0.8873071523390885,0.3697868757737562,0.8873071523390885,0.3697868757737562,99.94479370117188,99.94479370117188
142,eval,0.8936654440042254,0.3463134494897061,0.8936654440042254,0.3463134494897061,110.92594909667969,110.92594909667967
143,eval,0.9083740210407427,0.49860507839998824,0.9083740210407428,0.4986050783999882,111.85863494873047,111.85863494873048
144,eval,0.8247890184424578,0.5055422517114466,0.8247890184424578,0.5055422517114466,82.888671875,82.888671875
145,eval,0.8646711882143121,0.2844018836867996,0.8646711882143121,0.2844018836867996,109.97348022460938,109.97348022460938
146,eval,0.9341455002882673,0.4716659835689495,0.9341455002882671,0.4716659835689495,119.47953033447266,119.47953033447266
147,eval,0.9067909056946184,0.3426384845715628,0.9067909056946184,0.3426384845715628,112.16368865966797,112.16368865966795
148,eval,0.8263336908754233,0.43038335843234027,0.8263336908754233,0.4303833584323402,97.3639907836914,97.3639907836914
149,eval,0.9625658066153824,0.41496986372162303,0.9625658066153824,0.414969863721623,99.62068939208984,99.62068939208984
150,eval,0.9289029653903451,0.3025929510726095,0.9289029653903452,0.3025929510726095,127.70670318603516,127.70670318603516
151,eval,0.9096310777940992,0.40255734811232896,0.9096310777940992,0.4025573481123289,109.50712585449219,109.5071258544922
152,eval,0.8977440975216446,0.30507877796004645,0.8977440975216446,0.3050787779600464,129.692138671875,129.692138671875
153,eval,0.8859772861442085,0.28574124769056314,0.8859772861442085,0.2857412476905631,106.49421691894531,106.49421691894533
154,eval,0.7939600912485353,0.2550616708810103,0.7939600912485353,0.2550616708810103,110.49213409423828,110.49213409423828
155,eval,0.9005202260376267,0.10584210961684765,0.9005202260376267,0.1058421096168476,117.95494842529297,117.95494842529295
156,eval,0.8424208733745383,0.32270668512880757,0.8424208733745383,0.3227066851288075,110.52971649169922,110.52971649169922
157,eval,0.9179487936400337,0.40726959405769103,0.9179487936400336,0.407269594057691,112.61274719238281,112.6127471923828
158,eval,0.8667564623040475,0.2134610138504858,0.8667564623040475,0.2134610138504858,118.7383804321289,118.7383804321289
159,eval,0.9033892069465512,0.35772250288163326,0.9033892069465512,0.3577225028816332,119.33451080322266,119.33451080322266
160,eval,0.8889499505732108,0.35849524047288245,0.8889499505732108,0.3584952404728824,108.11918640136719,108.1191864013672
161,eval,0.9365982715743219,0.39341477133606867,0.936598271574322,0.3934147713360686,117.71552276611328,117.71552276611328
162,eval,0.932809381344513,0.42038519376887373,0.932809381344513,0.4203851937688737,124.15046691894531,124.15046691894533
163,eval,0.8839294496882174,0.3719288564261016,0.8839294496882174,0.3719288564261016,107.91551208496094,107.91551208496094
164,eval,0.7185959653579632,0.40246474754558403,0.7185959653579632,0.402464747545584,98.92487335205078,98.92487335205078
165,eval,0.896738184698408,0.23741750332892375,0.896738184698408,0.2374175033289237,121.09281158447266,121.09281158447266
166,eval,0.8138459147205434,0.20470897894870535,0.8138459147205434,0.2047089789487053,119.52457427978516,119.52457427978516
167,eval,0.9109389179188779,0.3482022591814391,0.910938917918878,0.3482022591814391,97.40978240966797,97.40978240966795
168,eval,0.9160499448691369,0.3669378575845188,0.9160499448691368,0.3669378575845188,118.4527816772461,118.4527816772461
169,eval,0.9533332633883294,0.3997943737569566,0.9533332633883294,0.3997943737569566,100.79705810546875,100.79705810546876
170,eval,0.906095090841974,0.40388665487814024,0.906095090841974,0.4038866548781402,105.89189910888672,105.89189910888672
171,eval,0.8652746646088209,0.2639211247862556,0.8652746646088209,0.2639211247862556,111.26226806640625,111.26226806640624
172,eval,0.9240371641915289,0.42129322559934007,0.9240371641915288,0.42129322559934,109.39692687988281,109.3969268798828
173,eval,0.9019273420170179,0.35611839963888214,0.901927342017018,0.3561183996388821,116.94354248046875,116.94354248046876
174,eval,0.8163772489571718,0.17523215255379815,0.8163772489571718,0.1752321525537981,113.04022979736328,113.04022979736328
175,eval,0.8492495845878457,0.5449742630355391,0.8492495845878457,0.5449742630355391,86.83792114257812,86.83792114257812
176,eval,0.8908611083702643,0.3270504341078523,0.8908611083702643,0.3270504341078523,116.9784164428711,116.9784164428711
177,eval,0.9284301856371583,0.29324182697155227,0.9284301856371584,0.2932418269715522,122.28251647949219,122.2825164794922
178,eval,0.8345001342402306,0.2908108786727368,0.8345001342402306,0.2908108786727368,111.54690551757812,111.54690551757812
179,eval,0.8712666771788659,0.2790732316702873,0.8712666771788659,0.2790732316702873,121.43421936035156,121.43421936035156
180,eval,0.8138537163815842,0.2112337463615996,0.8138537163815842,0.2112337463615996,108.1277847290039,108.1277847290039
181,eval,0.9028918830772029,0.3576349821072844,0.9028918830772028,0.3576349821072844,127.29190826416016,127.29190826416016
182,eval,0.8931599333133075,0.30924396584973113,0.8931599333133075,0.3092439658497311,119.89396667480469,119.89396667480467
183,eval,0.9427064972307378,0.4287703019096302,0.9427064972307378,0.4287703019096302,108.62506103515625,108.62506103515624
184,eval,0.8872834227206049,0.2135047391653818,0.8872834227206049,0.2135047391653818,113.21903991699219,113.2190399169922
185,eval,0.8713721687769267,0.43764918811277986,0.8713721687769267,0.4376491881127798,108.66349029541016,108.66349029541016
186,eval,0.8894164536086431,0.3242543271572232,0.8894164536086431,0.3242543271572232,124.03287506103516,124.03287506103516
187,eval,0.9419940667536388,0.410797836986397,0.9419940667536388,0.410797836986397,115.60584259033203,115.60584259033205
188,eval,0.7689345928145156,0.4540795953428253,0.7689345928145156,0.4540795953428253,103.39204406738281,103.3920440673828
189,eval,0.8944654821075234,0.31498661293878677,0.8944654821075234,0.3149866129387867,112.33624267578125,112.33624267578124
190,eval,0.9288441812885642,0.26699216598082864,0.9288441812885642,0.2669921659808286,126.6823959350586,126.6823959350586
191,eval,0.8108748146967543,0.24974801780867387,0.8108748146967543,0.2497480178086738,114.14299011230469,114.14299011230467
192,eval,0.9396834343563953,0.41475017148938864,0.9396834343563952,0.4147501714893886,125.16253662109375,125.16253662109376
193,eval,0.8979559908642112,0.31339235574005336,0.8979559908642112,0.3133923557400533,122.38057708740234,122.38057708740234
194,eval,0.7998918292842319,0.3278236029264171,0.7998918292842319,0.3278236029264171,113.66902923583984,113.66902923583984
195,eval,0.8510677382603385,0.2581490560191835,0.8510677382603385,0.2581490560191835,96.65884399414062,96.65884399414062
196,eval,0.8834351287941226,0.31630870094016783,0.8834351287941226,0.3163087009401678,116.04150390625,116.04150390625
197,eval,0.9311390985379839,0.408816770807808,0.931139098537984,0.408816770807808,129.8829345703125,129.8829345703125
198,eval,0.8918385403594774,0.3667922489079138,0.8918385403594774,0.3667922489079138,115.9244155883789,115.9244155883789
199,eval,0.9201978505110014,0.334804731984811,0.9201978505110014,0.334804731984811,114.81585693359375,114.81585693359376
