stim_idx,doc_idx,pos,variant,cos,cos_minus_V0
0,391,437,V0,0.9037843794874333,0.0
1,358,269,V0,0.8197721761736144,0.0
2,601,168,V0,0.9551085174545655,0.0
3,452,53,V0,0.8738534404539006,0.0
4,354,102,V0,0.9391552864990333,0.0
5,147,338,V0,0.9065484872402003,0.0
6,553,265,V0,0.8088752239783188,0.0
7,293,497,V0,0.8796824805517404,0.0
8,42,329,V0,0.9146871224114556,0.0
9,229,293,V0,0.7848176541400378,0.0
10,74,153,V0,0.8584160898919533,0.0
11,399,348,V0,0.8938113981180289,0.0
12,457,211,V0,0.9401713122204303,0.0
13,117,290,V0,0.9221163383205818,0.0
14,472,395,V0,0.9349974426457643,0.0
15,454,435,V0,0.8982661786648177,0.0
16,167,60,V0,0.8820226317726803,0.0
17,100,26,V0,0.9275991143947511,0.0
18,353,55,V0,0.8913616395173302,0.0
19,592,254,V0,0.9093434584934846,0.0
20,270,216,V0,0.8866964212357636,0.0
21,459,18,V0,0.8840700223043975,0.0
22,536,20,V0,0.853309744571527,0.0
23,83,276,V0,0.9224282416131006,0.0
24,524,143,V0,0.9041422427443225,0.0
25,18,394,V0,0.9126156837004097,0.0
26,134,244,V0,0.9058118201207965,0.0
27,265,415,V0,0.9131462232734604,0.0
28,109,204,V0,0.8619692295153444,0.0
29,111,487,V0,0.7934917735082035,0.0
30,126,432,V0,0.8849677179886848,0.0
31,442,365,V0,0.9395076679533975,0.0
32,545,450,V0,0.9637360001133245,0.0
33,168,303,V0,0.9256380498548303,0.0
34,152,435,V0,0.8721292975890945,0.0
35,228,202,V0,0.9355693404990043,0.0
36,64,225,V0,0.8776994557850186,0.0
37,171,372,V0,0.8578541046282586,0.0
38,244,52,V0,0.9057941825241568,0.0
39,51,279,V0,0.8895330079303785,0.0
0,391,437,V1,0.9036305941885097,-0.00015378529892362547
1,358,269,V1,0.830515901601137,0.010743725427522555
2,601,168,V1,0.9563938570030517,0.0012853395484861974
3,452,53,V1,0.881054604603776,0.007201164149875483
4,354,102,V1,0.935969246298216,-0.003186040200817364
5,147,338,V1,0.906461989810277,-8.649742992328235e-05
6,553,265,V1,0.8245670002477461,0.015691776269427304
7,293,497,V1,0.8721215582653873,-0.007560922286353078
8,42,329,V1,0.9147865201545973,9.93977431417159e-05
9,229,293,V1,0.7514325478887562,-0.03338510625128155
10,74,153,V1,0.8492577158573968,-0.009158374034556438
11,399,348,V1,0.8876779712312642,-0.006133426886764659
12,457,211,V1,0.9427560258659702,0.0025847136455399156
13,117,290,V1,0.9207922805505869,-0.0013240577699948908
14,472,395,V1,0.9300759034270863,-0.004921539218677995
15,454,435,V1,0.901701698825992,0.0034355201611743214
16,167,60,V1,0.8834633009591226,0.001440669186442367
17,100,26,V1,0.9290554989640942,0.001456384569343161
18,353,55,V1,0.8931047601483415,0.0017431206310113412
19,592,254,V1,0.9071275428087079,-0.002215915684776748
20,270,216,V1,0.8651301250742487,-0.021566296161514953
21,459,18,V1,0.880068332297359,-0.004001690007038428
22,536,20,V1,0.8440757177033568,-0.009234026868170209
23,83,276,V1,0.9318415656341583,0.009413324021057767
24,524,143,V1,0.9044104117377889,0.0002681689934663778
25,18,394,V1,0.9122030260358546,-0.0004126576645551161
26,134,244,V1,0.9044326540164198,-0.0013791661043767167
27,265,415,V1,0.913100929268374,-4.529400508634929e-05
28,109,204,V1,0.8525716973741222,-0.009397532141222187
29,111,487,V1,0.8030733528293476,0.009581579321144007
30,126,432,V1,0.871258322683958,-0.013709395304726812
31,442,365,V1,0.9295815576270698,-0.00992611032632762
32,545,450,V1,0.9636064719402955,-0.00012952817302902542
33,168,303,V1,0.9260243716784063,0.00038632182357600797
34,152,435,V1,0.8820463910277718,0.009917093438677305
35,228,202,V1,0.937518369871409,0.0019490293724047092
36,64,225,V1,0.8746350163320332,-0.0030644394529854013
37,171,372,V1,0.8583703265567337,0.0005162219284751135
38,244,52,V1,0.9047311146409877,-0.001063067883169122
39,51,279,V1,0.8969316967984927,0.007398688868114234
0,391,437,V2,0.900331368773715,-0.0034530107137182853
1,358,269,V2,0.8050056092696151,-0.014766566903999356
2,601,168,V2,0.953301629451072,-0.0018068880034934898
3,452,53,V2,0.8761015057852543,0.002248065331353688
4,354,102,V2,0.9390981174301367,-5.71690688966342e-05
5,147,338,V2,0.9078587607171821,0.0013102734769817603
6,553,265,V2,0.836107244704464,0.027232020726145167
7,293,497,V2,0.8838224175834876,0.004139937031747198
8,42,329,V2,0.9150415147811186,0.0003543923696630591
9,229,293,V2,0.762965477859324,-0.021852176280713786
10,74,153,V2,0.8631056386813946,0.004689548789441278
11,399,348,V2,0.8921064709921772,-0.0017049271258516852
12,457,211,V2,0.9390999552081688,-0.0010713570122614646
13,117,290,V2,0.9155077087995613,-0.0066086295210204815
14,472,395,V2,0.9396432855370708,0.004645842891306429
15,454,435,V2,0.9065172689535655,0.00825109028874782
16,167,60,V2,0.8858582972638424,0.003835665491162099
17,100,26,V2,0.9311402962154994,0.0035411818207483625
18,353,55,V2,0.8914468959365739,8.525641924372884e-05
19,592,254,V2,0.9021727501201543,-0.007170708373330337
20,270,216,V2,0.8753160997313024,-0.011380321504461222
21,459,18,V2,0.8802752491838258,-0.0037947731205716373
22,536,20,V2,0.8433883038141975,-0.00992144075732948
23,83,276,V2,0.9304751411767554,0.008046899563654897
24,524,143,V2,0.9041817303053431,3.948756102056805e-05
25,18,394,V2,0.9143953973028582,0.0017797136024485516
26,134,244,V2,0.9130439131402868,0.007232093019490238
27,265,415,V2,0.915661332782114,0.0025151095086536346
28,109,204,V2,0.8544050131962686,-0.007564216319075778
29,111,487,V2,0.8237415016842833,0.030249728176079738
30,126,432,V2,0.879150388433731,-0.005817329554953843
31,442,365,V2,0.9376862053649863,-0.0018214625884112046
32,545,450,V2,0.9628248837130243,-0.0009111164003001715
33,168,303,V2,0.9292347011584846,0.0035966513036542747
34,152,435,V2,0.856420100294205,-0.01570919729488951
35,228,202,V2,0.9400326012680104,0.00446326076900605
36,64,225,V2,0.8786693068764223,0.000969851091403684
37,171,372,V2,0.8612591824305343,0.0034050778022757244
38,244,52,V2,0.8994001664262764,-0.006394016097880373
39,51,279,V2,0.89996362429309,0.010430616362711476
0,391,437,V3,0.9015626241308402,-0.0022217553565930803
1,358,269,V3,0.8180292574542952,-0.0017429187193191975
2,601,168,V3,0.9495817380118966,-0.005526779442668883
3,452,53,V3,0.86874391446563,-0.005109525988270525
4,354,102,V3,0.9376021213806734,-0.0015531651183599005
5,147,338,V3,0.907351032910715,0.0008025456705146317
6,553,265,V3,0.8230999502943769,0.01422472631605809
7,293,497,V3,0.8841848237480312,0.004502343196290837
8,42,329,V3,0.9134129268104993,-0.0012741956009562072
9,229,293,V3,0.6767723277796142,-0.10804532636042363
10,74,153,V3,0.8626360539228553,0.004219964030901968
11,399,348,V3,0.891784964847483,-0.0020264332705458576
12,457,211,V3,0.9417434142153457,0.0015721019949154202
13,117,290,V3,0.9109726972022407,-0.011143641118341097
14,472,395,V3,0.9366495783361533,0.0016521356903889117
15,454,435,V3,0.8971794212545111,-0.0010867574103066158
16,167,60,V3,0.8700542486717311,-0.011968383100949165
17,100,26,V3,0.9298341747938859,0.0022350603991347917
18,353,55,V3,0.8945653535523723,0.00320371403504216
19,592,254,V3,0.9087042416238479,-0.0006392168696367495
20,270,216,V3,0.8770668297355496,-0.00962959150021403
21,459,18,V3,0.873183047505017,-0.0108869747993805
22,536,20,V3,0.8519591679317161,-0.0013505766398108632
23,83,276,V3,0.927306299374101,0.004878057761000476
24,524,143,V3,0.907221379727516,0.003079136983193509
25,18,394,V3,0.9206355114488628,0.008019827748453112
26,134,244,V3,0.9034867568758569,-0.0023250632449396402
27,265,415,V3,0.9122946554416018,-0.0008515678318585795
28,109,204,V3,0.8678726614417809,0.005903431926436498
29,111,487,V3,0.7980992482426364,0.004607474734432904
30,126,432,V3,0.8806019952936979,-0.004365722694986918
31,442,365,V3,0.9344367527041327,-0.005070915249264729
32,545,450,V3,0.9631591322886551,-0.0005768678246693693
33,168,303,V3,0.927186811028973,0.0015487611741427099
34,152,435,V3,0.8626373776808816,-0.009491919908212965
35,228,202,V3,0.9420541624800247,0.0064848219810204055
36,64,225,V3,0.8831875408001975,0.005488085015178834
37,171,372,V3,0.8411772901133427,-0.016676814514915872
38,244,52,V3,0.902262003144489,-0.003532179379667766
39,51,279,V3,0.8958433380788731,0.006310330148494581
0,391,437,V4,0.902269007366408,-0.0015153721210252602
1,358,269,V4,0.8038260619597587,-0.015946114213855722
2,601,168,V4,0.9463655972870009,-0.008742920167564616
3,452,53,V4,0.8696014028614538,-0.004252037592446745
4,354,102,V4,0.9414404164808847,0.002285129981851375
5,147,338,V4,0.9007218295791021,-0.005826657661098245
6,553,265,V4,0.8232879149407867,0.014412690962467889
7,293,497,V4,0.8714093768760616,-0.008273103675678795
8,42,329,V4,0.9180013008802664,0.00331417846881088
9,229,293,V4,0.7394301729531672,-0.04538748118687064
10,74,153,V4,0.8577955752947047,-0.0006205145972485449
11,399,348,V4,0.8845250323224099,-0.009286365795619034
12,457,211,V4,0.9419790957477714,0.0018077835273411225
13,117,290,V4,0.9161324110453514,-0.0059839272752304495
14,472,395,V4,0.9341227561537806,-0.0008746864919837449
15,454,435,V4,0.9026135524308863,0.00434737376606853
16,167,60,V4,0.8804273547621697,-0.001595277010510543
17,100,26,V4,0.9311448208749361,0.00354570648018504
18,353,55,V4,0.890513417228684,-0.0008482222886461166
19,592,254,V4,0.9080838440098118,-0.001259614483672844
20,270,216,V4,0.8642409365887168,-0.02245548464704683
21,459,18,V4,0.8649158433513535,-0.019154178953043943
22,536,20,V4,0.8528126049589253,-0.0004971396126016714
23,83,276,V4,0.9235171903632362,0.0010889487501356543
24,524,143,V4,0.8935133370467493,-0.010628905697573243
25,18,394,V4,0.9184370362334751,0.0058213525330653715
26,134,244,V4,0.8979382983867614,-0.007873521734035105
27,265,415,V4,0.9083844079070531,-0.004761815366407296
28,109,204,V4,0.8648334888937075,0.0028642593783630987
29,111,487,V4,0.8194656517112061,0.025973878203002565
30,126,432,V4,0.8771622652296782,-0.00780545275900657
31,442,365,V4,0.9380397574565937,-0.001467910496803726
32,545,450,V4,0.9647792729099485,0.001043272796623973
33,168,303,V4,0.9281623643790667,0.002524314524236404
34,152,435,V4,0.8650172446912443,-0.0071120528978502184
35,228,202,V4,0.9400331715206272,0.004463831021622844
36,64,225,V4,0.8820847309468829,0.004385275161864266
37,171,372,V4,0.8408153334996793,-0.017038771128579322
38,244,52,V4,0.8955222543155495,-0.010271928208607228
39,51,279,V4,0.9014802891486827,0.01194728121830424
0,391,437,V5,0.9013527251129191,-0.0024316543745142027
1,358,269,V5,0.8144169000211928,-0.005355276152421595
2,601,168,V5,0.9525546515157571,-0.002553865938808353
3,452,53,V5,0.8727544414218731,-0.0010989990320274812
4,354,102,V5,0.9420903809443891,0.0029350944453557792
5,147,338,V5,0.9068405674347573,0.000292080194556954
6,553,265,V5,0.8215128288514327,0.012637604873113939
7,293,497,V5,0.8714879675458357,-0.00819451300590468
8,42,329,V5,0.9194338300841248,0.00474670767266927
9,229,293,V5,0.7719798036943792,-0.01283785044565855
10,74,153,V5,0.853608672883199,-0.004807417008754311
11,399,348,V5,0.8824569741507786,-0.011354423967250282
12,457,211,V5,0.9381387428141813,-0.002032569406248963
13,117,290,V5,0.9193627024096453,-0.0027536359109364694
14,472,395,V5,0.9295387735208288,-0.0054586691249355335
15,454,435,V5,0.896268040607709,-0.0019981380571086893
16,167,60,V5,0.8893912728257569,0.007368641053076663
17,100,26,V5,0.9279550055049197,0.00035589111016864905
18,353,55,V5,0.8901740244105463,-0.0011876151067838903
19,592,254,V5,0.9092806478636422,-6.28106298424802e-05
20,270,216,V5,0.8642189737692042,-0.02247744746655944
21,459,18,V5,0.8814298621299375,-0.0026401601744600045
22,536,20,V5,0.8528368160604911,-0.00047292851103586386
23,83,276,V5,0.9216949475792848,-0.0007332940338157234
24,524,143,V5,0.9087044984114854,0.00456225566716284
25,18,394,V5,0.9069817235884413,-0.005633960111968372
26,134,244,V5,0.9152031497448216,0.009391329624025113
27,265,415,V5,0.9091291096915338,-0.004017113581926579
28,109,204,V5,0.8525060635736599,-0.009463165941684504
29,111,487,V5,0.812711746194168,0.019219972685964426
30,126,432,V5,0.8833122414740803,-0.0016554765146045147
31,442,365,V5,0.9267052785773583,-0.01280238937603917
32,545,450,V5,0.9640425905229468,0.00030659040962233153
33,168,303,V5,0.9286932420599795,0.00305519220514916
34,152,435,V5,0.8789818092935456,0.006852511704451114
35,228,202,V5,0.9384801183804324,0.002910777881428128
36,64,225,V5,0.8793366688015674,0.001637213016548733
37,171,372,V5,0.8605388274595949,0.0026847228313362503
38,244,52,V5,0.9019241567856223,-0.003870025738534455
39,51,279,V5,0.8947925012256179,0.005259493295239448
