stim_idx,doc_idx,pos,split,token_str,token_type,seq_len,entropy_nats,top1_prob,top1_id,top1_str,top5_str,top5_prob,next_actual_id,next_actual_str,next_actual_prob,next_actual_rank,top1_matches_actual,error
0,391,437,pilot,fall,word_piece,512,2.2600488662719727,0.2630232870578766,3143, near,"["" near"", "" in"", "" over"", "" along"", "" on""]","[0.26302, 0.18077, 0.14079, 0.14079, 0.10964]",389, on,0.10964442789554596,5,False,
1,358,269,pilot, of,word_initial,512,0.016440482810139656,0.9977473616600037,9700, schedule,"["" schedule"", "" the"", "" its"", "" sched"", ""schedule""]","[0.99775, 0.00218, 2e-05, 2e-05, 1e-05]",9700, schedule,0.9977473616600037,1,True,
2,601,168,pilot,ym,word_piece,512,4.562889575958252,0.12965352833271027,292,ic,"[""ic"", ""ops"", ""io"", ""ich"", ""osc""]","[0.12965, 0.09486, 0.07864, 0.04481, 0.03715]",3721,ops,0.09485654532909393,2,False,
3,452,53,pilot,ats,word_piece,512,0.0004315572732593864,0.9999643564224243,4554,ka,"[""ka"", ""ke"", ""ка"", ""k"", ""ki""]","[0.99996, 2e-05, 1e-05, 0.0, 0.0]",4554,ka,0.9999643564224243,1,True,
4,354,102,pilot, plot,word_initial,512,1.5777641534805298,0.5676732659339905,78376, revolves,"["" revolves"", "" of"", "" is"", "" follows"", "" centers""]","[0.56767, 0.14353, 0.11178, 0.0678, 0.01942]",78376, revolves,0.5676732659339905,1,True,
5,147,338,pilot, Up,word_initial,512,1.0472400188446045,0.6507105231285095,279, the,"["" the"", "" The"", "" Your"", "" Where"", "" Re""]","[0.65071, 0.27126, 0.03043, 0.0112, 0.00928]",279, the,0.6507105231285095,1,True,
6,553,265,pilot, Atlantic,word_initial,512,0.6736147999763489,0.649621307849884,311, to,"["" to"", "" Ocean"", "" coast"", "" seab"", "" through""]","[0.64962, 0.34772, 0.00046, 0.00032, 0.00022]",311, to,0.649621307849884,1,True,
7,293,497,pilot, practices,word_initial,512,1.4981670379638672,0.4929230809211731,448, with,"["" with"", "" ."", "" in"", "" to"", "" (""]","[0.49292, 0.33878, 0.04046, 0.02166, 0.02166]",311, to,0.02165752649307251,4,False,
8,42,329,pilot, those,word_initial,512,0.0505593940615654,0.9944583177566528,315, of,"["" of"", "" from"", "" belonging"", "" primarily"", "" ,""]","[0.99446, 0.00218, 0.00091, 0.00026, 0.00018]",315, of,0.9944583177566528,1,True,
9,229,293,pilot," ,",punctuation,512,0.08214955031871796,0.9840564727783203,220, ,"["" "", "" or"", ""1"", "" respectively"", ""or""]","[0.98406, 0.01591, 2e-05, 0.0, 0.0]",220, ,0.9840564727783203,1,True,
10,74,153,pilot,on,word_piece,512,2.0102651119232178,0.5152744650840759,572, was,"["" was"", "" is"", "" Island"", "" has"", "" '""]","[0.51527, 0.16729, 0.06154, 0.06154, 0.03733]",364, ',0.03732636198401451,5,False,
11,399,348,pilot, and,word_initial,512,2.725916624069214,0.2919479310512543,304, in,"["" in"", "" was"", "" internationally"", "" gross"", "" received""]","[0.29195, 0.17708, 0.08364, 0.07382, 0.06514]",3949, received,0.06514239311218262,5,False,
12,457,211,pilot, and,word_initial,512,3.95900559425354,0.19003772735595703,46113, theat,"["" theat"", "" book"", "" hotels"", "" in"", "" other""]","[0.19004, 0.08977, 0.07922, 0.06991, 0.0617]",90135, tavern,0.0451379120349884,6,False,
13,117,290,pilot,1,word_piece,512,0.3701225519180298,0.9318063259124756,11,",","["","", "" ,"", ""1"", ""5"", ""2""]","[0.93181, 0.02814, 0.01173, 0.00914, 0.00628]",569, @,2.386625510553131e-06,16,False,
14,472,395,pilot, the,word_initial,512,2.158792495727539,0.482130765914917,4752, building,"["" building"", "" Assembly"", "" Bath"", "" assembly"", "" complex""]","[0.48213, 0.12976, 0.11452, 0.06525, 0.04485]",4752, building,0.482130765914917,1,True,
15,454,435,pilot, way,word_initial,512,0.9287801384925842,0.7803570628166199,315, of,"["" of"", "" \"""", "" to"", "" that"", "" for""]","[0.78036, 0.11967, 0.03885, 0.01261, 0.01261]",315, of,0.7803570628166199,1,True,
16,167,60,pilot," ,",punctuation,512,1.9025710821151733,0.4528270363807678,16893, communications,"["" communications"", "" communication"", "" economic"", "" economics"", "" culture""]","[0.45283, 0.31122, 0.03717, 0.03717, 0.02254]",10535, communication,0.31122317910194397,2,False,
17,100,26,pilot, ap,word_initial,512,0.007332025561481714,0.9992210865020752,68648,ocalyptic,"[""ocalyptic"", ""oc"", ""ocal"", ""ocaly"", ""olo""]","[0.99922, 0.00055, 7e-05, 5e-05, 5e-05]",68648,ocalyptic,0.9992210865020752,1,True,
18,353,55,pilot, as,word_initial,512,0.9795437455177307,0.6917588710784912,315, of,"["" of"", "" part"", "" well"", "" a"", "" managed""]","[0.69176, 0.22458, 0.03444, 0.02089, 0.00598]",949, part,0.22458121180534363,2,False,
19,592,254,pilot, support,word_initial,512,3.5610437393188477,0.2699418067932129,572, was,"["" was"", "" among"", "" in"", "" from"", "" for""]","[0.26994, 0.12751, 0.07734, 0.04691, 0.0414]",42478, slipped,0.0007122732931748033,87,False,
20,270,216,pilot," ,",punctuation,512,2.0040857791900635,0.573467493057251,1532, New,"["" New"", "" Vermont"", "" where"", "" but"", "" while""]","[0.57347, 0.12021, 0.05334, 0.04154, 0.03666]",1393, while,0.03666054829955101,5,False,
21,459,18,pilot, ,punctuation,512,0.01130974106490612,0.9987207055091858,16,1,"[""1"", "" "", ""2"", "" ____"", ""8""]","[0.99872, 0.00063, 0.00059, 1e-05, 1e-05]",16,1,0.9987207055091858,1,True,
22,536,20,pilot, Baltimore,word_initial,512,2.6546504497528076,0.2423190027475357,284, =,"["" ="", "" ("", "" was"", ""\n\n"", ""\n""]","[0.24232, 0.16654, 0.14697, 0.07867, 0.0739]",320, (,0.16654324531555176,2,False,
23,83,276,pilot, heavy,word_initial,512,2.0269291400909424,0.4743763506412506,16362, guns,"["" guns"", "" cannon"", "" cannons"", "" sw"", "" artillery""]","[0.47438, 0.17451, 0.13591, 0.04412, 0.03033]",16362, guns,0.4743763506412506,1,True,
24,524,143,pilot, the,word_initial,512,0.34721681475639343,0.9585904479026794,1879, world,"["" world"", "" city"", "" future"", "" people"", "" modern""]","[0.95859, 0.00732, 0.00688, 0.00238, 0.00223]",1879, world,0.9585904479026794,1,True,
25,18,394,pilot, was,word_initial,512,2.9643795490264893,0.3092239201068878,264, a,"["" a"", "" the"", "" "", "" drafted"", "" also""]","[0.30922, 0.11376, 0.07818, 0.069, 0.06089]",6509, considered,0.0018387122545391321,30,False,
26,134,244,pilot, between,word_initial,512,2.4979560375213623,0.2783614993095398,279, the,"["" the"", "" Mega"", "" Bass"", "" playing"", "" either""]","[0.27836, 0.149, 0.13149, 0.11604, 0.07492]",2987, either,0.07491996884346008,5,False,
27,265,415,pilot, IOC,word_initial,512,0.08435391634702682,0.9838617444038391,9164, Session,"["" Session"", "" session"", "" General"", "" sessions"", "" Sessions""]","[0.98386, 0.0159, 9e-05, 2e-05, 2e-05]",9164, Session,0.9838617444038391,1,True,
28,109,204,pilot,ess,word_piece,512,0.009710153564810753,0.9991324543952942,315, of,"["" of"", "" and"", "" "", "" ,"", "" de""]","[0.99913, 0.00022, 0.00011, 8e-05, 7e-05]",315, of,0.9991324543952942,1,True,
29,111,487,pilot, mi,word_initial,512,0.0005905817379243672,0.9999544620513916,873, ),"["" )"", "")"", "" ;"", "" @"", "" ))""]","[0.99995, 2e-05, 0.0, 0.0, 0.0]",873, ),0.9999544620513916,1,True,
30,126,432,pilot, of,word_initial,512,0.7587460875511169,0.7352622747421265,2009, All,"["" All"", "" all"", "" Them"", "" them"", "" the""]","[0.73526, 0.21066, 0.03661, 0.01526, 0.00067]",2009, All,0.7352622747421265,1,True,
31,442,365,pilot, The,word_initial,512,2.536816120147705,0.38552820682525635,25265, snake,"["" snake"", "" white"", "" priest"", "" black"", "" next""]","[0.38553, 0.24892, 0.06294, 0.05218, 0.04063]",41863, priests,0.01919431798160076,6,False,
32,545,450,pilot, Gi,word_initial,512,0.4540977478027344,0.9159618020057678,92003,useppe,"[""useppe"", ""ac"", ""rol"", ""org"", ""amb""]","[0.91596, 0.03552, 0.01678, 0.01307, 0.00617]",92003,useppe,0.9159618020057678,1,True,
33,168,303,pilot, a,word_initial,512,2.9224278926849365,0.2237372100353241,26183, mud,"["" mud"", "" landslide"", "" cave"", "" car"", "" vehicle""]","[0.22374, 0.19745, 0.1357, 0.11976, 0.03888]",95702, landslide,0.19744738936424255,2,False,
34,152,435,pilot,o,word_piece,512,4.544137482298538e-05,0.9999971389770508,1047,ys,"[""ys"", ""ats"", ""ies"", ""yst"", ""ays""]","[1.0, 0.0, 0.0, 0.0, 0.0]",1047,ys,0.9999971389770508,1,True,
35,228,202,pilot, ,punctuation,512,1.0943089723587036,0.49572044610977173,16,1,"[""1"", ""2"", ""3"", ""8"", ""4""]","[0.49572, 0.38607, 0.08614, 0.00908, 0.00624]",16,1,0.49572044610977173,1,True,
36,64,225,pilot,all,word_piece,512,1.365152359008789,0.5475308895111084,659, .,"["" ."", "" ,"", "" ("", "" and"", "" .\n""]","[0.54753, 0.22824, 0.10782, 0.0741, 0.00885]",659, .,0.5475308895111084,1,True,
37,171,372,pilot," ,",punctuation,512,2.430962324142456,0.465893030166626,279, the,"["" the"", "" on"", "" in"", "" a"", "" Operation""]","[0.46589, 0.17139, 0.04613, 0.04071, 0.01923]",279, the,0.465893030166626,1,True,
38,244,52,pilot,2,word_piece,512,6.668844889645698e-07,1.0,15,0,"[""0"", ""1"", ""O"", "" \n"", "" ""]","[1.0, 0.0, 0.0, 0.0, 0.0]",15,0,1.0,1,True,
39,51,279,pilot, though,word_initial,512,3.080897808074951,0.405274361371994,279, the,"["" the"", "" it"", "" Best"", "" a"", "" in""]","[0.40527, 0.11611, 0.05485, 0.04547, 0.04013]",279, the,0.405274361371994,1,True,
40,598,225,eval,ium,word_piece,327,1.4529850482940674,0.5131252408027649,525, are,"["" are"", "" metal"", "" include"", "" :"", "" in""]","[0.51313, 0.31123, 0.03717, 0.03717, 0.0199]",525, are,0.5131252408027649,1,True,
41,351,142,eval," 
",punctuation,512,2.383472442626953,0.3440355062484741,3838,What,"[""What"", ""Do"", ""You"", ""In"", ""Output""]","[0.34404, 0.18415, 0.18415, 0.04374, 0.0386]",576, The,2.419146039756015e-05,260,False,
42,377,372,eval, game,word_initial,512,1.9166477918624878,0.49652019143104553,1879, world,"["" world"", "" area"", "" '"", "" when"", "" once""]","[0.49652, 0.12554, 0.12554, 0.04076, 0.04076]",364, ',0.12553995847702026,2,False,
43,512,266,eval, book,word_initial,512,0.8250468373298645,0.8883256912231445,4013, series,"["" series"", "" min"", "" ,"", "" ."", "" spin""]","[0.88833, 0.01528, 0.00637, 0.00637, 0.00599]",76665, adaptations,0.0014216788113117218,19,False,
44,554,393,eval, of,word_initial,512,1.139962077140808,0.7733356952667236,279, the,"["" the"", "" a"", "" his"", "" Springfield"", "" Kr""]","[0.77334, 0.06348, 0.05963, 0.03398, 0.01605]",264, a,0.06347926706075668,2,False,
45,202,178,eval,0,word_piece,512,0.12094758450984955,0.9740098118782043,16,1,"[""1"", ""0"", ""2"", "" "", "" -""]","[0.97401, 0.02596, 1e-05, 0.0, 0.0]",16,1,0.9740098118782043,1,True,
46,493,146,eval, pioneer,word_initial,512,3.138413667678833,0.2466432750225067,323, and,"["" and"", "" who"", "" ."", "" of"", "" merchant""]","[0.24664, 0.11651, 0.09073, 0.07066, 0.05503]",8227, sett,0.04286017268896103,7,False,
47,436,370,eval, Sm,word_initial,512,0.0002889754541683942,0.999980092048645,473,ack,"[""ack"", ""ac"", ""acked"", ""ak"", ""acks""]","[0.99998, 0.0, 0.0, 0.0, 0.0]",473,ack,0.999980092048645,1,True,
48,32,40,eval, in,word_initial,512,0.8085936307907104,0.6619076132774353,279, the,"["" the"", "" Mumbai"", "" Maharashtra"", "" Mah"", "" Bombay""]","[0.66191, 0.31266, 0.0107, 0.00446, 0.00145]",34712, Mumbai,0.3126630187034607,2,False,
49,606,203,eval, who,word_initial,512,0.17041854560375214,0.9754687547683716,19314, investigate,"["" investigate"", "" work"", "" are"", "" investigates"", "" solve""]","[0.97547, 0.01084, 0.00352, 0.00274, 0.00129]",975, work,0.010836480185389519,2,False,
50,611,214,eval, Time,word_initial,512,0.0006557432352565229,0.9999505281448364,315, of,"["" of"", "" Of"", "" "", "" ,"", ""of""]","[0.99995, 2e-05, 1e-05, 1e-05, 0.0]",315, of,0.9999505281448364,1,True,
51,571,172,eval,ological,word_piece,512,1.5931264162063599,0.3687428832054138,21517, Summary,"["" Summary"", "" History"", "" history"", "" summary"", "" Discussion""]","[0.36874, 0.25343, 0.17418, 0.15371, 0.0208]",3840, history,0.17418181896209717,3,False,
52,154,408,eval, Unit,word_initial,512,1.4152908325195312,0.7088471055030823,572, was,"["" was"", "" consisted"", "" had"", "" ("", "" '""]","[0.70885, 0.09593, 0.04532, 0.03999, 0.01667]",572, was,0.7088471055030823,1,True,
53,575,55,eval, the,word_initial,512,1.254785418510437,0.5004655718803406,1584, state,"["" state"", "" Lower"", "" Thumb"", "" central"", "" lower""]","[0.50047, 0.38976, 0.03199, 0.01511, 0.01177]",27536, Lower,0.3897629678249359,2,False,
54,316,348,eval, Carter,word_initial,512,1.5541678667068481,0.7458299398422241,1154," ,","["" ,"", "" of"", "" ("", "" and"", "" '""]","[0.74583, 0.03713, 0.03277, 0.02892, 0.02717]",13914, writes,0.000513373059220612,34,False,
55,395,300,eval, ',punctuation,512,0.0022126410622149706,0.9998475313186646,82,s,"[""s"", ""d"", ""ve"", "" #"", ""ll""]","[0.99985, 3e-05, 2e-05, 1e-05, 1e-05]",82,s,0.9998475313186646,1,True,
56,214,442,eval, ',punctuation,512,0.005064080469310284,0.9996567964553833,82,s,"[""s"", "" became"", "" s"", ""d"", "" grew""]","[0.99966, 4e-05, 3e-05, 2e-05, 2e-05]",82,s,0.9996567964553833,1,True,
57,309,459,eval, are,word_initial,512,2.347626209259033,0.2692330479621887,3204, possible,"["" possible"", "" a"", "" included"", "" available"", "" present""]","[0.26923, 0.18504, 0.14411, 0.09905, 0.08741]",3204, possible,0.2692330479621887,1,True,
58,107,365,eval, towards,word_initial,512,1.1735230684280396,0.5733717083930969,279, the,"["" the"", "" Rachel"", "" An"", "" Jennifer"", "" her""]","[0.57337, 0.18615, 0.18615, 0.04153, 0.00562]",31432, Rachel,0.1861465573310852,2,False,
59,437,396,eval, aforementioned,word_initial,512,1.6282777786254883,0.6712231040000916,64405, creek,"["" creek"", "" branch"", "" trib"", "" O"", "" lake""]","[0.67122, 0.12416, 0.02297, 0.02297, 0.01904]",506, O,0.02296799048781395,3,False,
60,133,298,eval, American,word_initial,512,0.3820071816444397,0.8946942687034607,66579, Revolutionary,"["" Revolutionary"", "" Revolution"", "" Civil"", "" War"", "" revolutionary""]","[0.89469, 0.0943, 0.00774, 0.00251, 0.00023]",66579, Revolutionary,0.8946942687034607,1,True,
61,330,510,eval,s,word_piece,512,1.4649159908294678,0.6189698576927185,7042, population,"["" population"", "" residents"", "" registered"", "" voters"", "" electorate""]","[0.61897, 0.1565, 0.05081, 0.05081, 0.03957]",9681, registered,0.0508081428706646,3,False,
62,215,485,eval, Saul,word_initial,512,0.08770552277565002,0.989667534828186,425, B,"["" B"", "" Stein"", "" Bass"", "" Al"", "" Bell""]","[0.98967, 0.00458, 0.00158, 0.00058, 0.00051]",425, B,0.989667534828186,1,True,
63,311,325,eval, and,word_initial,512,4.461923122406006,0.09471162408590317,1181, its,"["" its"", "" was"", "" the"", "" had"", "" market""]","[0.09471, 0.09471, 0.08358, 0.04474, 0.03948]",6116, became,0.0271353330463171,9,False,
64,431,461,eval, met,word_initial,512,1.3895195722579956,0.46823373436927795,304, in,"["" in"", "" at"", "" on"", "" again"", "" the""]","[0.46823, 0.284, 0.15201, 0.06337, 0.00589]",304, in,0.46823373436927795,1,True,
65,505,463,eval, Destiny,word_initial,512,0.07814061641693115,0.9903867244720459,364, ',"["" '"", "" F"", ""'s"", "" "", "" :""]","[0.99039, 0.0038, 0.0018, 0.0009, 0.0008]",364, ',0.9903867244720459,1,True,
66,487,457,eval, but,word_initial,512,3.708322048187256,0.20597341656684875,279, the,"["" the"", "" that"", "" he"", "" these"", "" she""]","[0.20597, 0.20597, 0.04892, 0.0381, 0.02967]",1340, she,0.029673287644982338,5,False,
67,24,392,eval,1,word_piece,512,0.2918754518032074,0.9148362874984741,23,8,"[""8"", ""9"", ""7"", ""6"", "" ""]","[0.91484, 0.08509, 4e-05, 2e-05, 0.0]",24,9,0.08509302139282227,2,False,
68,248,40,eval,gi,word_piece,512,0.0010782397584989667,0.99991774559021,18123,eland,"[""eland"", ""edom"", ""el"", ""emy"", "" nation""]","[0.99992, 3e-05, 1e-05, 1e-05, 1e-05]",18123,eland,0.99991774559021,1,True,
69,595,331,eval, .,punctuation,512,2.909104108810425,0.26459550857543945,576, The,"["" The"", "" S"", "" \n"", "" \n\n"", "" In""]","[0.2646, 0.18185, 0.18185, 0.05904, 0.0521]",576, The,0.26459550857543945,1,True,
70,329,268,eval, an,word_initial,512,1.588242530822754,0.48890864849090576,18657, Illinois,"["" Illinois"", "" unnamed"", "" "", "" evangelical"", "" American""]","[0.48891, 0.29654, 0.05839, 0.05839, 0.02758]",18657, Illinois,0.48890864849090576,1,True,
71,513,394,eval, with,word_initial,512,2.6275594234466553,0.37125593423843384,1008, other,"["" other"", "" several"", "" I"", "" the"", "" In""]","[0.37126, 0.16474, 0.0731, 0.06451, 0.05024]",358, I,0.073104627430439,3,False,
72,238,219,eval, spinner,word_initial,512,4.831153869628906,0.06353077292442322,7607, Jack,"["" Jack"", "" Ryan"", "" Tom"", "" Sam"", "" James""]","[0.06353, 0.05968, 0.05267, 0.03001, 0.03001]",7487, Max,0.0008513128850609064,120,False,
73,104,251,eval," 
",punctuation,512,4.192230701446533,0.13292917609214783,576, The,"["" The"", "" In"", "" What"", "" \n\n"", "" Given""]","[0.13293, 0.10353, 0.06684, 0.06279, 0.05541]",4329, Some,0.03577740117907524,6,False,
74,115,113,eval, with,word_initial,512,2.9642763137817383,0.23990920186042786,9023, critical,"["" critical"", "" generally"", "" positive"", "" mixed"", "" a""]","[0.23991, 0.12841, 0.11333, 0.10001, 0.10001]",13771, largely,0.03246818110346794,6,False,
75,129,40,eval,ble,word_piece,512,1.758276343345642,0.7662817239761353,264, a,"["" a"", "" nan"", "" sou"", "" "", "" yo""]","[0.76628, 0.04061, 0.01802, 0.01239, 0.00906]",1515,man,0.0008428636938333511,37,False,
76,622,484,eval, from,word_initial,512,0.20612435042858124,0.9593889117240906,71518, collapsing,"["" collapsing"", "" further"", "" collapse"", "" coll"", ""坍""]","[0.95939, 0.02897, 0.00941, 0.0006, 0.00028]",71518, collapsing,0.9593889117240906,1,True,
77,169,189,eval, ores,word_initial,512,1.1904951333999634,0.5879597663879395,323, and,"["" and"", "" ,"", "" ."", "" ;"", "" (""]","[0.58796, 0.2163, 0.11578, 0.06197, 0.00653]",323, and,0.5879597663879395,1,True,
78,87,315,eval, =,punctuation,512,0.06664697825908661,0.9919118881225586,284, =,"["" ="", "" =\n"", "" The"", "" \n"", "" \n \n""]","[0.99191, 0.00358, 0.00116, 0.00096, 0.00052]",284, =,0.9919118881225586,1,True,
79,60,24,eval, as,word_initial,512,0.9385846257209778,0.855753481388092,393, P,"["" P"", "" PT"", "" Paul"", "" Tony"", "" T""]","[0.85575, 0.03532, 0.01299, 0.01147, 0.01077]",393, P,0.855753481388092,1,True,
80,528,430,eval, Av,word_initial,512,0.02182043343782425,0.9980878233909607,61699,ignon,"[""ignon"", ""ign"", ""r"", ""iles"", ""i""]","[0.99809, 0.00067, 0.0003, 5e-05, 5e-05]",61699,ignon,0.9980878233909607,1,True,
81,149,218,eval, @,punctuation,512,0.0030776176135987043,0.9996799230575562,12,-,"[""-"", "" -"", ""\\-"", "" "", "",-""]","[0.99968, 0.0003, 1e-05, 0.0, 0.0]",12,-,0.9996799230575562,1,True,
82,207,224,eval, in,word_initial,512,0.02209608070552349,0.9972820281982422,873, ),"["" )"", ""."", "")"", "" ."", "".)""]","[0.99728, 0.00193, 0.00033, 0.00012, 0.00011]",873, ),0.9972820281982422,1,True,
83,497,130,eval, served,word_initial,512,1.549921989440918,0.4421021342277527,438, as,"["" as"", "" in"", "" with"", "" under"", "" on""]","[0.4421, 0.34431, 0.11178, 0.01714, 0.01513]",438, as,0.4421021342277527,1,True,
84,69,54,eval, New,word_initial,512,0.016495952382683754,0.9980225563049316,4882, South,"["" South"", "" Guinea"", "" Zealand"", "" south"", ""South""]","[0.99802, 0.0015, 0.00016, 8e-05, 7e-05]",4882, South,0.9980225563049316,1,True,
85,173,155,eval, the,word_initial,512,0.5974832773208618,0.8714507222175598,8017, album,"["" album"", "" compilation"", "" final"", "" release"", "" record""]","[0.87145, 0.07153, 0.01809, 0.01243, 0.00854]",3255, record,0.008543401025235653,5,False,
86,425,387,eval, formed,word_initial,512,0.24083489179611206,0.959275484085083,304, in,"["" in"", "" by"", "" on"", "" to"", "" as""]","[0.95928, 0.02256, 0.00646, 0.00305, 0.0021]",304, in,0.959275484085083,1,True,
87,413,474,eval, significant,word_initial,512,1.716650366783142,0.5539160370826721,47056, backlash,"["" backlash"", "" amount"", "" increase"", "" number"", "" response""]","[0.55392, 0.23091, 0.08495, 0.01673, 0.00895]",3311, amount,0.23090657591819763,2,False,
88,537,73,eval, .,punctuation,512,4.08516263961792,0.19099511206150055,576, The,"["" The"", "" In"", "" This"", "" However"", "" After""]","[0.191, 0.11584, 0.04829, 0.04537, 0.04262]",12969, Those,0.0006078954902477562,116,False,
89,272,377,eval, typical,word_initial,512,3.8678550720214844,0.20700235664844513,13959, banks,"["" banks"", "" Banks"", "" yellow"", "" cone"", "" golden""]","[0.207, 0.18268, 0.08629, 0.04076, 0.03597]",37766, Banks,0.1826789379119873,2,False,
90,549,476,eval, such,word_initial,512,2.167982578277588,0.33161547780036926,6171, objects,"["" objects"", "" asteroids"", "" temporary"", "" tro"", "" reson""]","[0.33162, 0.25826, 0.12199, 0.09501, 0.05085]",6171, objects,0.33161547780036926,1,True,
91,219,496,eval, of,word_initial,512,0.04757719486951828,0.9948154091835022,1059, her,"["" her"", "" the"", "" both"", "" a"", "" herself""]","[0.99482, 0.00103, 0.00091, 0.0008, 0.00071]",1059, her,0.9948154091835022,1,True,
92,531,23,eval, Wings,word_initial,512,2.2687408924102783,0.3313552737236023,2550, output,"["" output"", "" work"", "" material"", "" and"", "" albums""]","[0.33136, 0.22774, 0.17736, 0.04484, 0.03492]",569, @,5.775449452016801e-08,8643,False,
93,416,444,eval, .,punctuation,512,2.8696203231811523,0.37692931294441223,758, In,"["" In"", "" He"", "" Kh"", "" After"", "" During""]","[0.37693, 0.10799, 0.07901, 0.04229, 0.03506]",715," 
",0.0040584770031273365,25,False,
94,576,502,eval, on,word_initial,512,1.965761423110962,0.5387152433395386,279, the,"["" the"", "" track"", "" trail"", "" his"", "" road""]","[0.53872, 0.19818, 0.07291, 0.03039, 0.02224]",279, the,0.5387152433395386,1,True,
95,297,490,eval, the,word_initial,512,0.04048888012766838,0.9950457811355591,1156, first,"["" first"", "" very"", "" next"", "" fist"", "" second""]","[0.99505, 0.00317, 0.00033, 0.00023, 0.00018]",1156, first,0.9950457811355591,1,True,
96,62,89,eval, in,word_initial,512,0.29179900884628296,0.9553833603858948,279, the,"["" the"", "" their"", "" relief"", "" starting"", "" both""]","[0.95538, 0.01983, 0.00937, 0.00237, 0.00163]",279, the,0.9553833603858948,1,True,
97,5,498,eval, .,punctuation,512,3.177055835723877,0.27245643734931946,24563, Carter,"["" Carter"", "" The"", "" This"", "" In"", "" Jeff""]","[0.27246, 0.21219, 0.05711, 0.04735, 0.03687]",576, The,0.21218928694725037,2,False,
98,550,457,eval,ymology,word_piece,512,0.9751981496810913,0.6970856189727783,284, =,"["" ="", "" of"", "" and"", "" :"", "":""]","[0.69709, 0.15554, 0.12114, 0.00532, 0.00415]",284, =,0.6970856189727783,1,True,
99,337,423,eval, in,word_initial,512,4.527798652648926,0.32365140318870544,52424, Springfield,"["" Springfield"", "" the"", "" a"", "" Santa"", "" Las""]","[0.32365, 0.07222, 0.01826, 0.01826, 0.01715]",15755, Las,0.017152899876236916,5,False,
100,379,254,eval, serve,word_initial,512,0.22097404301166534,0.963945209980011,264, a,"["" a"", "" five"", "" as"", "" for"", "" ""]","[0.96395, 0.01375, 0.01213, 0.00239, 0.00211]",264, a,0.963945209980011,1,True,
101,538,131,eval, and,word_initial,512,0.6954081058502197,0.9069049954414368,553, by,"["" by"", "" the"", "" also"", "" a"", "" ultimately""]","[0.9069, 0.01377, 0.00574, 0.00539, 0.00476]",1496, even,0.00036697465111501515,32,False,
102,75,413,eval, matter,word_initial,512,2.0288679599761963,0.44198256731033325,304, in,"["" in"", "" is"", "" comes"", "" that"", "" (""]","[0.44198, 0.20878, 0.1626, 0.02493, 0.01942]",1154," ,",0.00382389803417027,14,False,
103,95,474,eval, sing,word_initial,512,1.6044440269470215,0.460409939289093,911, about,"["" about"", "" it"", "" this"", "" that"", "" the""]","[0.46041, 0.27925, 0.11641, 0.06231, 0.02023]",537, not,2.8570448193931952e-05,85,False,
104,469,148,eval, characters,word_initial,512,1.5631734132766724,0.6893309354782104,1154," ,","["" ,"", "" that"", "" who"", "" with"", "" from""]","[0.68933, 0.09329, 0.04993, 0.02082, 0.01431]",879, who,0.04993496462702751,3,False,
105,99,283,eval, NBC,word_initial,512,1.5631064176559448,0.6136959195137024,1473, show,"["" show"", "" program"", "" prim"", "" comedy"", "" episode""]","[0.6137, 0.13693, 0.06468, 0.03923, 0.02696]",2025, program,0.1369340717792511,2,False,
106,381,235,eval, for,word_initial,512,0.7533829808235168,0.8640279769897461,279, the,"["" the"", "" both"", "" several"", "" two"", "" Walter""]","[0.86403, 0.06259, 0.01397, 0.01088, 0.0096]",279, the,0.8640279769897461,1,True,
107,280,477,eval,9,word_piece,512,0.6757218837738037,0.7641422152519226,20,5,"[""5"", ""6"", ""7"", ""8"", ""4""]","[0.76414, 0.19321, 0.03804, 0.00354, 0.00079]",20,5,0.7641422152519226,1,True,
108,91,36,eval, debut,word_initial,512,1.2194268703460693,0.36380118131637573,8017, album,"["" album"", "" studio"", "" solo"", "" self"", "" full""]","[0.3638, 0.3638, 0.25004, 0.01169, 0.0043]",13529, solo,0.25003665685653687,3,False,
109,303,379,eval, used,word_initial,512,1.2978155612945557,0.3958549499511719,369, for,"["" for"", "" as"", "" by"", "" to"", "" in""]","[0.39585, 0.34934, 0.21189, 0.02233, 0.00498]",553, by,0.21188589930534363,3,False,
110,160,320,eval, activity,word_initial,512,0.5697596669197083,0.8136385083198547,1154," ,","["" ,"", "","", "" and"", "" or"", "" of""]","[0.81364, 0.16021, 0.02168, 0.00427, 7e-05]",1154," ,",0.8136385083198547,1,True,
111,55,30,eval, the,word_initial,512,0.9519456624984741,0.7413548231124878,220, ,"["" "", "" club"", "" first"", "" York"", "" second""]","[0.74135, 0.18744, 0.01539, 0.01198, 0.00824]",220, ,0.7413548231124878,1,True,
112,591,372,eval, the,word_initial,512,0.9206724762916565,0.588740348815918,220, ,"["" "", "" battalion"", "" unit"", "" machine"", "" same""]","[0.58874, 0.35709, 0.04265, 0.00187, 0.00089]",90416, battalion,0.3570890724658966,2,False,
113,52,23,eval, ,punctuation,512,1.4477505683898926,0.4693260192871094,16,1,"[""1"", ""2"", ""3"", ""9"", ""7""]","[0.46933, 0.32256, 0.05605, 0.03, 0.02648]",20,5,0.023366369307041168,7,False,
114,47,391,eval, on,word_initial,512,0.9361627697944641,0.7740042805671692,6652, December,"["" December"", "" Christmas"", "" the"", "" a"", "" its""]","[0.774, 0.07199, 0.06353, 0.03854, 0.03401]",6652, December,0.7740042805671692,1,True,
115,415,270,eval," """,punctuation,512,2.0692484378814697,0.5000041127204895,572, was,"["" was"", "" is"", "" came"", "" started"", "" has""]","[0.5, 0.26763, 0.02489, 0.02197, 0.01711]",572, was,0.5000041127204895,1,True,
116,212,476,eval, portrayed,word_initial,512,1.9339425563812256,0.4329724907875061,8436, Che,"["" Che"", "" Pavel"", "" Number"", "" the"", "" Lieutenant""]","[0.43297, 0.20452, 0.19213, 0.03339, 0.02156]",2925, En,0.0015615428565070033,21,False,
117,221,48,eval, on,word_initial,512,2.419208288192749,0.2578885853290558,6122, September,"["" September"", "" January"", "" October"", "" February"", "" March""]","[0.25789, 0.13804, 0.12182, 0.1075, 0.07389]",6527, October,0.12181796133518219,3,False,
118,567,433,eval, he,word_initial,512,2.426762819290161,0.49062579870224,20027, meets,"["" meets"", "" is"", "" studies"", "" encounters"", "" comes""]","[0.49063, 0.12405, 0.0664, 0.03554, 0.03136]",7822, studies,0.0663989782333374,3,False,
119,296,49,eval, locally,word_initial,512,0.21323932707309723,0.9666415452957153,438, as,"["" as"", "" in"", "" by"", "" and"", "" simply""]","[0.96664, 0.00948, 0.00651, 0.00651, 0.00575]",438, as,0.9666415452957153,1,True,
120,393,186,eval, promised,word_initial,512,1.48235285282135,0.6141273379325867,311, to,"["" to"", "" Under"", "" him"", "" that"", "" a""]","[0.61413, 0.19938, 0.06473, 0.02698, 0.02101]",311, to,0.6141273379325867,1,True,
121,373,229,eval,ulation,word_piece,512,1.6819289922714233,0.5487661361694336,659, .,"["" ."", "" as"", "" :"", "" in"", "" ,""]","[0.54877, 0.17816, 0.07427, 0.04505, 0.03508]",659, .,0.5487661361694336,1,True,
122,281,495,eval,8,word_piece,512,0.2711125314235687,0.9656451940536499,82,s,"[""s"", "" aircraft"", "" into"", "" s"", "" in""]","[0.96565, 0.00889, 0.00693, 0.00271, 0.00136]",82,s,0.9656451940536499,1,True,
123,517,294,eval, in,word_initial,512,1.4360129833221436,0.4906732439994812,279, the,"["" the"", "" "", "" July"", "" North"", "" America""]","[0.49067, 0.33723, 0.07525, 0.01679, 0.01482]",279, the,0.4906732439994812,1,True,
124,419,144,eval," ,",punctuation,512,1.2758471965789795,0.618771493434906,566, he,"["" he"", "" We"", "" including"", "" the"", "" in""]","[0.61877, 0.25794, 0.01869, 0.01649, 0.01649]",1205, We,0.2579423487186432,2,False,
125,465,119,eval,8,word_piece,512,0.047810669988393784,0.9944033622741699,13136, km,"["" km"", "" kilometers"", ""km"", "" )"", "" ...""]","[0.9944, 0.00279, 0.0008, 0.00028, 0.0002]",13136, km,0.9944033622741699,1,True,
126,464,124,eval,less,word_piece,512,1.335012435913086,0.4562287926673889,304, in,"["" in"", "" for"", "" until"", "" over"", "" after""]","[0.45623, 0.35531, 0.1018, 0.03745, 0.01561]",369, for,0.3553113043308258,2,False,
127,557,77,eval,ed,word_piece,512,2.957185745239258,0.401785284280777,3908, young,"["" young"", "" British"", "" member"", "" woman"", "" middle""]","[0.40179, 0.10159, 0.07912, 0.06559, 0.02734]",8167, squ,9.861002763500437e-05,191,False,
128,331,159,eval, ware,word_initial,512,1.0283615589141846,0.6154062747955322,1154," ,","["" ,"", "" and"", "" ("", "","", "" pottery""]","[0.61541, 0.3294, 0.0164, 0.00684, 0.00303]",1154," ,",0.6154062747955322,1,True,
129,98,306,eval, Club,word_initial,512,0.964145302772522,0.702376663684845,1154," ,","["" ,"", "" ."", "" ("", "" and"", "" ;""]","[0.70238, 0.22803, 0.01652, 0.01458, 0.0078]",659, .,0.2280283272266388,2,False,
130,26,290,eval, The,word_initial,512,4.6618523597717285,0.16217157244682312,12720, reaction,"["" reaction"", "" sulf"", "" product"", "" first"", "" resulting""]","[0.16217, 0.0766, 0.05265, 0.03619, 0.02818]",17201, attempted,3.9801721868570894e-05,737,False,
131,435,417,eval, (,punctuation,512,3.871659278869629,0.145909383893013,1186, sub,"["" sub"", "" a"", "" or"", "" cl"", "" subgroup""]","[0.14591, 0.14591, 0.07337, 0.05368, 0.0445]",9419, species,0.030584271997213364,8,False,
132,426,293,eval,ers,word_piece,512,2.6471736431121826,0.46897879242897034,614, have,"["" have"", "" praised"", "" noted"", "" found"", "" generally""]","[0.46898, 0.09235, 0.07192, 0.03397, 0.02998]",614, have,0.46897879242897034,1,True,
133,223,159,eval,ed,word_piece,512,1.6524819135665894,0.4646284580230713,279, the,"["" the"", "" Anthony"", "" its"", "" it"", "" his""]","[0.46463, 0.28181, 0.10367, 0.046, 0.03583]",9857, George,9.45371575653553e-05,58,False,
134,97,220,eval,iac,word_piece,512,0.009693085215985775,0.9990320205688477,23353,enza,"[""enza"", ""en"", ""ena"", ""entine"", ""enz""]","[0.99903, 0.00049, 0.00012, 0.0001, 5e-05]",23353,enza,0.9990320205688477,1,True,
135,33,421,eval, sound,word_initial,512,1.688603162765503,0.43011435866355896,1154," ,","["" ,"", "" and"", "" with"", "" that"", "" created""]","[0.43011, 0.29561, 0.1793, 0.00893, 0.00653]",1154," ,",0.43011435866355896,1,True,
136,96,368,eval, =,punctuation,512,0.1070789247751236,0.9826038479804993,284, =,"["" ="", "" =\n"", "" \n \n"", "" \n"", "" =\n\n""]","[0.9826, 0.01092, 0.00313, 0.00276, 0.00014]",284, =,0.9826038479804993,1,True,
137,540,331,eval, the,word_initial,512,3.4534332752227783,0.27244821190834045,3082, area,"["" area"", "" land"", "" site"", "" Falls"", "" South""]","[0.27245, 0.10669, 0.05711, 0.05365, 0.04448]",9959, Water,0.026976024731993675,10,False,
138,384,56,eval, ),punctuation,512,0.14075450599193573,0.974965512752533,572, was,"["" was"", "" ,"", "" ;"", "" "", ""  ""]","[0.97497, 0.02023, 0.00166, 0.00147, 0.00025]",572, was,0.974965512752533,1,True,
139,579,130,eval,ip,word_piece,512,0.8721409440040588,0.790145218372345,618,pon,"[""pon"", ""hat"", ""it"", ""han"", ""on""]","[0.79015, 0.13731, 0.03064, 0.00995, 0.00567]",618,pon,0.790145218372345,1,True,
140,315,28,eval,5,word_piece,512,0.010031234472990036,0.9990850687026978,339,th,"[""th"", "" th"", ""^{"", ""^"", ""rd""]","[0.99909, 0.00034, 0.00012, 0.00012, 3e-05]",339,th,0.9990850687026978,1,True,
141,317,484,eval," ,",punctuation,512,1.2495945692062378,0.7072787284851074,55047, Dip,"["" Dip"", "" and"", "" Pis"", "" Gy"", "" Ph""]","[0.70728, 0.11546, 0.05806, 0.04521, 0.0242]",328, S,0.00890332367271185,6,False,
142,77,422,eval, the,word_initial,512,3.3341848850250244,0.3206658959388733,72176, Warsaw,"["" Warsaw"", "" Auschwitz"", "" B"", "" Buch"", "" Maj""]","[0.32067, 0.12557, 0.05932, 0.0434, 0.04077]",72176, Warsaw,0.3206658959388733,1,True,
143,105,36,eval,1,word_piece,512,0.0002400887169642374,0.9999819993972778,24,9,"[""9"", "" "", ""0"", ""5"", ""8""]","[0.99998, 1e-05, 0.0, 0.0, 0.0]",24,9,0.9999819993972778,1,True,
144,216,482,eval,1,word_piece,512,0.5313752889633179,0.7772226333618164,24,9,"[""9"", ""8"", ""7"", "" "", ""6""]","[0.77722, 0.22268, 8e-05, 0.0, 0.0]",24,9,0.7772226333618164,1,True,
145,359,310,eval," ,",punctuation,512,2.5072638988494873,0.2595648467540741,323, and,"["" and"", "" Texas"", "" while"", "" with"", "" one""]","[0.25956, 0.25956, 0.09549, 0.0897, 0.05111]",825, one,0.05111134797334671,5,False,
146,623,407,eval, a,word_initial,512,4.7125043869018555,0.18478603661060333,2766, video,"["" video"", "" line"", "" comic"", "" series"", "" few""]","[0.18479, 0.082, 0.04973, 0.03211, 0.02662]",220, ,0.011812976561486721,14,False,
147,289,442,eval, Ou,word_initial,512,0.0004535032785497606,0.9999650716781616,380,ist,"[""ist"", ""ister"", ""isto"", ""iste"", ""ism""]","[0.99997, 2e-05, 0.0, 0.0, 0.0]",380,ist,0.9999650716781616,1,True,
148,475,72,eval," """,punctuation,512,0.16244521737098694,0.9815743565559387,9536, Road,"["" Road"", "" The"", "" \"""", ""Road"", "" Family""]","[0.98157, 0.00484, 0.00401, 0.00139, 0.00079]",9536, Road,0.9815743565559387,1,True,
149,376,66,eval, Che,word_initial,512,0.014572792686522007,0.9987257122993469,17184,boy,"[""boy"", ""qu"", ""y"", ""ekt"", ""b""]","[0.99873, 0.00046, 0.00023, 0.00012, 3e-05]",17184,boy,0.9987257122993469,1,True,
150,530,70,eval, solution,word_initial,512,2.1713080406188965,0.36023759841918945,3080, until,"["" until"", "" to"", "" for"", "" before"", "" while""]","[0.36024, 0.2185, 0.10321, 0.05524, 0.05524]",3080, until,0.36023759841918945,1,True,
151,346,144,eval, the,word_initial,512,1.9690685272216797,0.3778873383998871,5512, First,"["" First"", "" Football"", "" Championship"", "" Second"", "" second""]","[0.37789, 0.25972, 0.13902, 0.05114, 0.02416]",19637, Premier,0.012147166766226292,11,False,
152,172,275,eval, condemned,word_initial,512,0.2683050036430359,0.9499626159667969,311, to,"["" to"", "" in"", "" for"", "" by"", "" as""]","[0.94996, 0.02234, 0.0174, 0.0064, 0.00162]",311, to,0.9499626159667969,1,True,
153,617,487,eval, in,word_initial,512,0.9608709812164307,0.5941264033317566,220, ,"["" "", "" W"", "" the"", "" which"", "" order""]","[0.59413, 0.36036, 0.01583, 0.00353, 0.00275]",467, W,0.36035585403442383,2,False,
154,348,330,eval, air,word_initial,512,0.22057561576366425,0.9663551449775696,659, .,"["" ."", "" ,"", "" and"", "" in"", "" ;""]","[0.96636, 0.01216, 0.00947, 0.00271, 0.0024]",659, .,0.9663551449775696,1,True,
155,184,405,eval, on,word_initial,512,1.2354724407196045,0.4118027687072754,862, their,"["" their"", "" the"", "" its"", "" a"", "" Virginia""]","[0.4118, 0.36341, 0.19452, 0.00968, 0.00666]",279, the,0.3634146451950073,2,False,
156,458,34,eval, overall,word_initial,512,0.6489278674125671,0.8602908849716187,659, .,"["" ."", "" .\n"", ""."", "" of"", "" .\n\n""]","[0.86029, 0.06232, 0.0378, 0.01576, 0.00512]",659, .,0.8602908849716187,1,True,
157,501,218,eval, to,word_initial,512,3.2978053092956543,0.5041120052337646,1846, those,"["" those"", "" that"", "" the"", "" singers"", "" Annie""]","[0.50411, 0.06021, 0.03652, 0.0143, 0.01343]",1846, those,0.5041120052337646,1,True,
158,23,252,eval, ships,word_initial,512,2.50343656539917,0.28527456521987915,323, and,"["" and"", "" ,"", "" in"", "" that"", "" .""]","[0.28527, 0.17303, 0.13475, 0.10495, 0.09262]",659, .,0.09261508285999298,5,False,
159,490,229,eval, was,word_initial,512,1.598610758781433,0.4083672761917114,15540, directed,"["" directed"", "" filmed"", "" released"", "" shot"", "" premiered""]","[0.40837, 0.21858, 0.21858, 0.10325, 0.0096]",1062, co,0.00044917932245880365,19,False,
160,603,258,eval, in,word_initial,512,3.090803623199463,0.3243800103664398,264, a,"["" a"", "" the"", "" "", "" an"", "" three""]","[0.32438, 0.19675, 0.12703, 0.02834, 0.02501]",220, ,0.12702901661396027,3,False,
161,58,359,eval, US,word_initial,512,0.029862413182854652,0.9970198273658752,37325,NM,"[""NM"", ""VP"", ""NH"", ""U"", ""M""]","[0.99702, 0.00075, 0.00043, 0.00031, 0.00028]",37325,NM,0.9970198273658752,1,True,
162,264,19,eval, du,word_initial,512,0.0013271761126816273,0.9998905658721924,295,et,"[""et"", ""ett"", ""ets"", ""etting"", ""eling""]","[0.99989, 4e-05, 4e-05, 1e-05, 1e-05]",295,et,0.9998905658721924,1,True,
163,529,503,eval, others,word_initial,512,0.8257675766944885,0.8242555856704712,659, .,"["" ."", "" in"", "" ,"", "" that"", "" against""]","[0.82426, 0.07667, 0.03196, 0.02489, 0.00713]",659, .,0.8242555856704712,1,True,
164,486,268,eval,-,punctuation,512,0.0008356854668818414,0.9999380111694336,31,@,"[""@"", ""@@"", "" @"", "",@"", ""=@""]","[0.99994, 2e-05, 2e-05, 0.0, 0.0]",31,@,0.9999380111694336,1,True,
165,85,332,eval, defended,word_initial,512,0.17885896563529968,0.9667021036148071,862, their,"["" their"", "" the"", "" its"", "" her"", "" that""]","[0.9667, 0.02576, 0.00349, 0.00211, 0.00032]",279, the,0.025761736556887627,2,False,
166,498,97,eval," ,",punctuation,512,0.7299540638923645,0.7099871635437012,582, we,"["" we"", "" a"", "" one"", "" DAG"", "" these""]","[0.70999, 0.26119, 0.02144, 0.00329, 0.00083]",264, a,0.26118969917297363,2,False,
167,424,331,eval, ,punctuation,512,1.8428657054901123,0.3636420965194702,16,1,"[""1"", ""2"", ""3"", ""4"", ""5""]","[0.36364, 0.22056, 0.11806, 0.07161, 0.05577]",22,7,0.04343084990978241,7,False,
168,205,300,eval, a,word_initial,512,3.282506227493286,0.27045708894729614,12966, consistent,"["" consistent"", "" steady"", "" weekly"", "" regular"", "" high""]","[0.27046, 0.0995, 0.0878, 0.07749, 0.06035]",17059, weekly,0.08780454844236374,3,False,
169,263,381,eval, Bal,word_initial,512,5.231433868408203,0.11358849704265594,1073,ask,"[""ask"", ""de"", ""ars"", ""is"", ""aban""]","[0.11359, 0.0608, 0.0504, 0.0504, 0.04448]",766,ink,0.0011135827517136931,76,False,
170,282,47,eval,0,word_piece,512,0.08702991157770157,0.9846315383911133,24,9,"[""9"", ""8"", ""7"", "" September"", "" December""]","[0.98463, 0.01405, 0.00042, 0.00026, 0.00012]",23,8,0.014045015908777714,2,False,
171,21,150,eval, release,word_initial,512,1.3703656196594238,0.6225173473358154,279, the,"["" the"", "" it"", "" Reign"", "" any"", "" Slayer""]","[0.62252, 0.2595, 0.01766, 0.01214, 0.01071]",975, work,7.848141649446916e-06,367,False,
172,448,150,eval,9,word_piece,512,0.009339365176856518,0.9989200830459595,19,4,"[""4"", ""5"", ""3"", ""6"", ""7""]","[0.99892, 0.00091, 6e-05, 5e-05, 1e-05]",19,4,0.9989200830459595,1,True,
173,474,151,eval, diss,word_initial,512,0.0006899486761540174,0.9999489784240723,62232,ipated,"[""ipated"", ""ape"", ""appeared"", ""olver"", ""u""]","[0.99995, 1e-05, 1e-05, 0.0, 0.0]",62232,ipated,0.9999489784240723,1,True,
174,155,277,eval,yn,word_piece,512,1.12004554271698,0.7724728584289551,304, in,"["" in"", "" on"", "" Sullivan"", "" after"", "" later""]","[0.77247, 0.08142, 0.03394, 0.01415, 0.01415]",304, in,0.7724728584289551,1,True,
175,125,296,eval,1,word_piece,512,2.153231620788574,0.25129076838493347,18,3,"[""3"", ""2"", ""5"", ""1"", ""4""]","[0.25129, 0.15242, 0.10475, 0.10475, 0.09244]",18,3,0.25129076838493347,1,True,
176,429,493,eval, Death,word_initial,512,4.115546703338623,0.32709795236587524,659, .,"["" ."", ""trap"", "" Machine"", "" in"", "" of""]","[0.3271, 0.10619, 0.0367, 0.02685, 0.02685]",659, .,0.32709795236587524,1,True,
177,273,327,eval, election,word_initial,512,0.7049641013145447,0.831855058670044,311, to,"["" to"", "" in"", "" as"", "" ,"", "" into""]","[0.83186, 0.05318, 0.05318, 0.04693, 0.0056]",311, to,0.831855058670044,1,True,
178,61,510,eval, also,word_initial,512,1.1072348356246948,0.6992820501327515,3881, known,"["" known"", "" called"", "" non"", "" sometimes"", "" termed""]","[0.69928, 0.22702, 0.0088, 0.00827, 0.00502]",31136, beast,0.0001514581381343305,47,False,
179,382,295,eval, arcade,word_initial,512,3.4263205528259277,0.15624253451824188,553, by,"["" by"", "" ,"", "" because"", "" for"", "" due""]","[0.15624, 0.12953, 0.11079, 0.09777, 0.06513]",369, for,0.09777408838272095,4,False,
180,122,53,eval, US,word_initial,376,0.6141007542610168,0.748918354511261,220, ,"["" "", ""-"", "" @"", ""2"", "" -""]","[0.74892, 0.24314, 0.0021, 0.00186, 0.00186]",220, ,0.748918354511261,1,True,
181,535,39,eval, waters,word_initial,512,0.7110874652862549,0.826221764087677,315, of,"["" of"", "" off"", "" and"", "" around"", "" from""]","[0.82622, 0.08708, 0.05282, 0.01335, 0.00491]",315, of,0.826221764087677,1,True,
182,362,423,eval, on,word_initial,512,1.0008859634399414,0.7433846592903137,220, ,"["" "", "" the"", "" their"", "" his"", "" board""]","[0.74338, 0.14638, 0.02882, 0.02882, 0.01362]",279, the,0.14638110995292664,2,False,
183,81,353,eval,5,word_piece,512,0.1210910752415657,0.9835898280143738,34,C,"[""C"", ""Cs"", ""CS"", "" @"", ""c""]","[0.98359, 0.00663, 0.00355, 0.00178, 0.00108]",34,C,0.9835898280143738,1,True,
184,140,459,eval, directly,word_initial,512,1.8336492776870728,0.41036441922187805,659, .,"["" ."", "" to"", "" into"", "" ,"", "" onto""]","[0.41036, 0.31959, 0.07131, 0.04325, 0.02623]",659, .,0.41036441922187805,1,True,
185,226,302,eval, and,word_initial,512,3.3517963886260986,0.2675839066505432,304, in,"["" in"", "" are"", "" the"", "" Jewish"", "" Joseph""]","[0.26758, 0.14323, 0.11155, 0.04368, 0.04104]",422, D,0.00031330849742516875,120,False,
186,461,368,eval, Angel,word_initial,512,0.025808000937104225,0.9972171783447266,320, (,"["" ("", "" ."", "" ,"", "" :"", "" ""]","[0.99722, 0.00117, 0.00049, 0.00038, 0.00012]",320, (,0.9972171783447266,1,True,
187,70,385,eval, in,word_initial,512,0.00016573461471125484,0.9999891519546509,64832,verte,"[""verte"", ""ed"", ""organic"", ""sects"", ""artic""]","[0.99999, 0.0, 0.0, 0.0, 0.0]",64832,verte,0.9999891519546509,1,True,
188,451,403,eval, =,punctuation,512,2.483933925628662,0.6392867565155029,284, =,"["" ="", "" Summary"", "" "", "" Commander"", "" What""]","[0.63929, 0.0633, 0.0299, 0.016, 0.011]",24800, Background,0.00404650392010808,17,False,
189,230,388,eval, PCA,word_initial,512,0.003760409075766802,0.999687910079956,873, ),"["" )"", "")"", "" ;"", "" ,"", "" -""]","[0.99969, 0.00012, 6e-05, 3e-05, 2e-05]",873, ),0.999687910079956,1,True,
190,504,168,eval, Everyday,word_initial,512,0.00434427335858345,0.9995437264442444,9414, Life,"["" Life"", "" life"", ""Life"", "" Lif"", "" LIFE""]","[0.99954, 0.00038, 3e-05, 1e-05, 1e-05]",9414, Life,0.9995437264442444,1,True,
191,45,276,eval,9,word_piece,512,0.42012858390808105,0.8632624745368958,20,5,"[""5"", ""4"", ""6"", ""0"", ""9""]","[0.86326, 0.13239, 0.004, 0.00012, 0.00011]",19,4,0.13238558173179626,2,False,
192,357,33,eval, During,word_initial,512,1.1589579582214355,0.570667028427124,4337, World,"["" World"", "" the"", "" its"", "" her"", "" WW""]","[0.57067, 0.30546, 0.06816, 0.02507, 0.00634]",4337, World,0.570667028427124,1,True,
193,2,237,eval, Raphael,word_initial,512,0.3689241111278534,0.880511462688446,3611,ites,"[""ites"", ""ite"", ""it"", ""ITES"", ""ists""]","[0.88051, 0.11916, 0.00014, 7e-05, 4e-05]",3611,ites,0.880511462688446,1,True,
194,92,285,eval," ,",punctuation,512,3.88494610786438,0.2054218351840973,803, more,"["" more"", "" less"", "" and"", "" but"", "" though""]","[0.20542, 0.08563, 0.08563, 0.06669, 0.05194]",3602, yet,0.013979130424559116,14,False,
195,422,383,eval,1,word_piece,512,2.2493131160736084,0.18690966069698334,20,5,"[""5"", ""0"", ""2"", ""3"", ""1""]","[0.18691, 0.14557, 0.10005, 0.08829, 0.08829]",23,8,0.07791554927825928,7,False,
196,189,278,eval, in,word_initial,512,0.11409543454647064,0.9766680598258972,220, ,"["" "", "" the"", "" @"", ""1"", "" June""]","[0.97667, 0.02297, 6e-05, 3e-05, 2e-05]",220, ,0.9766680598258972,1,True,
197,569,495,eval, been,word_initial,512,2.3303754329681396,0.5033034682273865,11046, reduced,"["" reduced"", "" drastically"", "" greatly"", "" significantly"", "" severely""]","[0.5033, 0.07718, 0.07718, 0.07718, 0.04131]",11046, reduced,0.5033034682273865,1,True,
198,170,412,eval, Strom,word_initial,512,0.0025463232304900885,0.9997547268867493,34372,eyer,"[""eyer"", ""yer"", ""ey"", ""ayer"", ""y""]","[0.99975, 0.00014, 8e-05, 1e-05, 0.0]",34372,eyer,0.9997547268867493,1,True,
199,269,195,eval, featured,word_initial,512,2.8027210235595703,0.3188309669494629,264, a,"["" a"", "" new"", "" updated"", "" several"", "" an""]","[0.31883, 0.28137, 0.07114, 0.04053, 0.02966]",501, new,0.28136736154556274,2,False,
