row,stim_idx,claim_idx,n_claims,is_last,has_det,error,cos_claim,cos_corrupt,cos_paraphrase,cos_corrupt_det,d_true_corrupt,d_true_para,d_para_corrupt,d_true_det
133,40,0,4,False,False,,0.4519898903422863,0.41566424994468654,0.48673780849549164,,0.03632564039759978,-0.034747918153205326,0.0710735585508051,
134,40,1,4,False,True,,0.4144790852839758,0.3915160982494455,0.48036046077492667,0.4144790852839758,0.022962987034530313,-0.06588137549095086,0.08884436252548117,0.0
135,40,2,4,False,False,,0.6840224342954345,0.6598313701991182,0.5142493138110954,,0.024191064096316328,0.16977312048433912,-0.1455820563880228,
136,40,3,4,True,True,,0.8030498641137136,0.7634218377722849,0.8033618720402682,0.7887031550809321,0.0396280263414287,-0.00031200792655461385,0.039940034267983315,0.014346709032781457
137,41,0,7,False,True,,0.6228410362812189,0.5958204255219447,0.5769777643628292,0.6089058001547657,0.0270206107592742,0.04586327191838968,-0.01884266115911548,0.013935236126453199
138,41,1,7,False,True,,0.6487333025334587,0.6292083793750709,0.6312734370532297,0.6487333025334587,0.01952492315838783,0.017459865480229042,0.002065057678158788,0.0
139,41,2,7,False,False,,0.5651944697678295,0.5700175814789684,0.5469705807270209,,-0.004823111711138917,0.018223889040808627,-0.023047000751947544,
140,41,3,7,False,True,,0.7278123330559797,0.7180231442028095,0.6646063704920996,0.7327403848855973,0.00978918885317015,0.06320596256388011,-0.053416773710709964,-0.004928051829617641
141,41,4,7,False,False,,0.48488883160018437,0.45423444850260863,0.5375868033775612,,0.030654383097575733,-0.052697971777376784,0.08335235487495252,
143,41,6,7,True,True,,0.7556160579577839,0.7454188515255857,0.7260910939385536,0.7529410086098348,0.010197206432198125,0.029524964019230215,-0.01932775758703209,0.0026750493479490434
144,42,0,3,False,True,,0.5283087064210858,0.5385886464858228,0.5249995054168326,0.5249321394997578,-0.010279940064736981,0.0033092010042532483,-0.01358914106899023,0.003376566921328039
145,42,1,3,False,True,,0.6385316501388756,0.6276507888320861,0.5879701105989809,0.6362522570248892,0.010880861306789447,0.05056153953989473,-0.03968067823310528,0.0022793931139863943
146,42,2,3,True,False,,0.8551808358768094,0.8553306214130699,0.8495908708749405,,-0.00014978553626054936,0.005589965001868924,-0.005739750538129473,
147,43,0,3,False,True,,0.47771068937504835,0.4778873565602802,0.49431207095798974,0.4665376394781724,-0.0001766671852318491,-0.016601381582941388,0.01642471439770954,0.011173049896875953
148,43,1,3,False,True,,0.8153727568116244,0.7452945887339258,0.6674392823695132,0.823287614877109,0.07007816807769851,0.14793347444211113,-0.07785530636441262,-0.007914858065484642
149,43,2,3,True,False,,0.8418405222984408,0.7916598715773843,0.8392039725398291,,0.050180650721056486,0.002636549758611606,0.04754410096244488,
150,44,0,3,False,False,,0.44568104793462104,0.4299679504990879,0.4734591627316933,,0.01571309743553312,-0.027778114797072262,0.04349121223260538,
151,44,1,3,False,True,,0.7893229957342255,0.7869749984662072,0.7630943369799814,0.7893229957342255,0.002347997268018265,0.026228658754244072,-0.023880661486225807,0.0
152,44,2,3,True,True,,0.8342105978422734,0.8302412131327669,0.8260301145692148,0.8319675359225073,0.003969384709506474,0.008180483273058536,-0.004211098563552063,0.0022430619197660873
153,45,0,3,False,False,,0.468525468996599,0.46444309417956253,0.46658396971279725,,0.004082374817036494,0.001941499283801773,0.0021408755332347207,
154,45,1,3,False,True,,0.7464394310046777,0.5757320785491805,0.6035296775919747,0.7256336701994412,0.17070735245549717,0.14290975341270296,0.02779759904279422,0.02080576080523644
155,45,2,3,True,True,,0.8324607892521015,0.8014555450797702,0.7897711787540027,0.8168539713886601,0.031005244172331303,0.04268961049809883,-0.011684366325767526,0.015606817863441425
156,46,0,4,False,True,,0.5202110357869582,0.5048340603883672,0.48064646285256174,0.5221868354982248,0.015376975398590953,0.039564572934396414,-0.02418759753580546,-0.0019757997112666015
157,46,1,4,False,True,,0.4700523929418589,0.4537075888495295,0.4302859514497214,0.4703083706528702,0.016344804092329412,0.03976644149213748,-0.02342163739980807,-0.0002559777110112682
158,46,2,4,False,True,,0.5984309583263566,0.5757419503539268,0.5221388440588043,0.5571437111870868,0.022689007972429787,0.07629211426755234,-0.05360310629512255,0.04128724713926979
159,46,3,4,True,True,,0.8899762853201129,0.888989338407094,0.8834605546567005,0.8825921492359643,0.0009869469130188158,0.006515730663412378,-0.005528783750393562,0.007384136084148563
161,47,1,3,False,True,,0.8472559296427379,0.8697896298397118,0.8195121774414839,0.8355402085822774,-0.02253370019697387,0.027743752201254024,-0.050277452398227895,0.011715721060460482
162,47,2,3,True,True,,0.8677825199346906,0.866763035226942,0.8461918066727808,0.8434122740428301,0.001019484707748597,0.021590713261909755,-0.02057122855416116,0.02437024589186043
163,48,0,4,False,True,,0.507857341328186,0.51316179391104,0.5417326690990476,0.49769678523995686,-0.005304452582853947,-0.03387532777086155,0.028570875188007605,0.010160556088229189
164,48,1,4,False,True,,0.5952151154522021,0.5656096373791724,0.5801556351556382,0.5933632181803816,0.029605478073029712,0.015059480296563899,0.014545997776465813,0.0018518972718204463
165,48,2,4,False,True,,0.7761689427859069,0.7658702615966114,0.7104637608114379,0.7565047797787635,0.010298681189295444,0.06570518197446895,-0.05540650078517351,0.019664163007143354
166,48,3,4,True,True,,0.9040139118417101,0.8955816662995681,0.8991588086477744,0.883798021915786,0.008432245542141947,0.004855103193935673,0.0035771423482062747,0.020215889925924047
167,49,0,3,False,True,,0.3386415783612843,0.3346387746528081,0.35547415093246143,0.34774936344109303,0.004002803708476166,-0.01683257257117715,0.020835376279653317,-0.00910778507980875
168,49,1,3,False,True,,0.7653071337614268,0.7577771342709096,0.6972615833209299,0.7673448615922757,0.007529999490517136,0.06804555044049687,-0.060515550949979735,-0.002037727830848879
169,49,2,3,True,True,,0.8524960928750545,0.8119047942411375,0.8481554587323041,0.8511933291481856,0.04059129863391697,0.0043406341427503214,0.03625066449116665,0.001302763726868883
170,50,0,3,False,True,,0.4641941106974436,0.46084527757541677,0.4488965389937106,0.47448798606669623,0.0033488331220268286,0.01529757170373297,-0.011948738581706142,-0.010293875369252636
171,50,1,3,False,True,,0.6186880235447904,0.6037562396380859,0.5886000472423754,0.6257333898422651,0.014931783906704466,0.030087976302414998,-0.015156192395710533,-0.007045366297474764
172,50,2,3,True,True,,0.8709740376935409,0.8701415610084359,0.8686542244519738,0.8060926884743025,0.0008324766851049992,0.002319813241567048,-0.0014873365564620489,0.06488134921923838
173,51,0,4,False,False,,0.47688778454151587,0.4375528070055291,0.5264577913403096,,0.03933497753598675,-0.0495700067987937,0.08890498433478045,
174,51,1,4,False,True,,0.8293753555485078,0.766993720362026,0.8136765996332586,0.5613801205924541,0.062381635186481876,0.015698755915249274,0.0466828792712326,0.2679952349560537
175,51,2,4,False,True,,0.8551257893392857,0.8540896578368509,0.8542434622540541,0.8468260819039013,0.0010361315024348672,0.0008823270852316156,0.00015380441720325155,0.00829970743538444
177,52,0,3,False,True,,0.4963675402353348,0.4924208040310087,0.4993430390547654,0.49794399811070766,0.003946736204326118,-0.0029754988194306,0.006922235023756718,-0.0015764578753728609
178,52,1,3,False,True,,0.7401478603015976,0.7514755875164377,0.6754573821193222,0.7151876969767924,-0.0113277272148401,0.06469047818227547,-0.07601820539711557,0.024960163324805218
179,52,2,3,True,True,,0.805129705778202,0.7813145241146267,0.7730005987341692,0.805868586812921,0.023815181663575324,0.03212910704403282,-0.008313925380457499,-0.0007388810347189745
180,53,0,3,False,True,,0.45866702153909156,0.44944816591343184,0.5095848453472415,0.4539551301927695,0.009218855625659717,-0.05091782380814991,0.060136679433809626,0.00471189134632205
181,53,1,3,False,True,,0.878989466023421,0.8792124221242131,0.5708457076675159,0.8824463885898204,-0.00022295610079214878,0.30814375835590513,-0.3083667144566973,-0.0034569225663994008
182,53,2,3,True,True,,0.8941755067489889,0.8952410681965784,0.8903656639443592,0.8912949462686514,-0.0010655614475895137,0.003809842804629704,-0.004875404252219218,0.0028805604803375795
183,54,0,3,False,True,,0.34109450278397574,0.3390972050191243,0.3245602464857817,0.32708130979161615,0.0019972977648514134,0.01653425629819405,-0.014536958533342637,0.014013192992359591
184,54,1,3,False,True,,0.604455058265646,0.6459632862272802,0.4727754986012132,0.6212843742939286,-0.041508227961634114,0.13167955966443284,-0.17318778762606696,-0.016829316028282526
185,54,2,3,True,True,,0.8064716131494766,0.797868230549361,0.7967447679568621,0.7467539696650672,0.008603382600115617,0.009726845192614464,-0.0011234625924988473,0.05971764348440933
186,55,0,3,False,False,,0.48383954461026163,0.5011643280507374,0.4881383860997282,,-0.017324783440475777,-0.004298841489466576,-0.013025941951009201,
187,55,1,3,False,True,,0.7250938099932526,0.7198732434968788,0.5513937185793627,0.7241226823782955,0.005220566496373813,0.17370009141388987,-0.16847952491751605,0.0009711276149571013
188,55,2,3,True,True,,0.7643256734949482,0.7634793741443109,0.7292967243379042,0.764949675988739,0.0008462993506372918,0.03502894915704402,-0.03418264980640673,-0.0006240024937907984
189,56,0,5,False,False,,0.539667323224064,0.4965025871848226,0.47830130894152856,,0.04316473603924137,0.06136601428253541,-0.01820127824329404,
190,56,1,5,False,True,,0.6070271625357309,0.5941254290049088,0.5075046432623632,0.5863348589343559,0.012901733530822024,0.09952251927336764,-0.08662078574254561,0.020692303601374973
191,56,2,5,False,False,,0.5173857673965786,0.5644432634700894,0.5403742552930965,,-0.04705749607351084,-0.022988487896517862,-0.02406900817699298,
192,56,3,5,False,True,,0.6209183096795179,0.610463174656068,0.6513841737431076,0.6162045778326242,0.010455135023449857,-0.030465864063589754,0.04092099908703961,0.004713731846893721
193,56,4,5,True,False,,0.6726796282297344,0.6491336852331835,0.5933091314369847,,0.023545942996550884,0.07937049679274966,-0.05582455379619877,
195,57,1,4,False,True,,0.5295039928190473,0.5373523817770255,0.5980140949264618,0.5122209118587671,-0.007848388957978236,-0.0685101021074146,0.06066171314943636,0.017283080960280195
196,57,2,4,False,False,,0.7284390059840644,0.7244196879167375,0.5246561599970667,,0.004019318067326916,0.2037828459869977,-0.19976352791967078,
197,57,3,4,True,True,,0.867155479015275,0.8559774072534276,0.7127576266236947,0.8678648837879305,0.011178071761847375,0.15439785239158033,-0.14321978062973295,-0.0007094047726554642
198,58,0,3,False,True,,0.5356454512099209,0.5383749658386124,0.5076863725141757,0.5337271374936747,-0.0027295146286915317,0.02795907869574521,-0.03068859332443674,0.0019183137162461783
199,58,1,3,False,True,,0.5823686124142075,0.5737007462270489,0.5451458310885411,0.5729382483792044,0.008667866187158535,0.037222781325666365,-0.02855491513850783,0.00943036403500308
200,58,2,3,True,True,,0.7819845446359653,0.7776313520765687,0.729924272311605,0.819962998352684,0.00435319255939659,0.05206027232436039,-0.0477070797649638,-0.03797845371671871
201,59,0,3,False,True,,0.38859498592059005,0.39489143552470163,0.37827767971229403,0.40015994451687364,-0.006296449604111576,0.010317306208296018,-0.016613755812407593,-0.011564958596283592
202,59,1,3,False,True,,0.5285418507224621,0.5331059823520578,0.5075915726512421,0.5285418507224621,-0.00456413162959568,0.020950278071219963,-0.025514409700815643,0.0
203,59,2,3,True,False,,0.8292304938492305,0.8189021904053903,0.8289403143550805,,0.010328303443840281,0.0002901794941500002,0.01003812394969028,
204,60,0,3,False,False,,0.33868260779780046,0.3312773964350704,0.34314447541758525,,0.007405211362730035,-0.004461867619784787,0.011867078982514823,
206,60,2,3,True,True,,0.8480154316874058,0.8490371582206065,0.8447196586577324,0.8238387375970477,-0.001021726533200762,0.0032957730296734322,-0.004317499562874194,0.024176694090358053
207,61,0,5,False,True,,0.4608441736910516,0.45262980203585884,0.3625742972508114,0.4111600701330723,0.008214371655192731,0.09826987644024016,-0.09005550478504742,0.04968410355797925
208,61,1,5,False,False,,0.4727572531706906,0.473994243824338,0.4418291002859525,,-0.0012369906536474073,0.030928152884738103,-0.03216514353838551,
209,61,2,5,False,True,,0.46902284613636963,0.46640017249657495,0.5492959580892596,0.46157136923623426,0.0026226736397946815,-0.08027311195288994,0.08289578559268462,0.0074514769001353676
210,61,3,5,False,True,,0.8038818289433893,0.7631890547862683,0.7154366686192852,0.8121349485274898,0.040692774157121026,0.0884451603241041,-0.047752386166983074,-0.008253119584100466
211,61,4,5,True,True,,0.835051090475368,0.8369520021525216,0.8238981120330885,0.8210252578319428,-0.0019009116771536716,0.011152978442279471,-0.013053890119433142,0.014025832643425162
212,62,0,3,False,False,,0.33187851210641284,0.3270769958921607,0.3187943325829231,,0.004801516214252122,0.013084179523489725,-0.008282663309237603,
213,62,1,3,False,True,,0.4815608690093692,0.4806420857066925,0.443363982483552,0.47372315986705327,0.0009187833026766956,0.03819688652581715,-0.03727810322314046,0.007837709142315907
214,62,2,3,True,True,,0.9040653800094819,0.9030587133579064,0.9002743404802573,0.8033536672233521,0.0010066666515754497,0.003791039529224549,-0.0027843728776490995,0.10071171278612978
215,63,0,3,False,False,,0.5016634527764984,0.5063500079406744,0.49788456436358997,,-0.004686555164176043,0.00377888841290841,-0.008465443577084453,
216,63,1,3,False,True,,0.7109392673456384,0.7225168864867852,0.66698233730564,0.700226459327537,-0.011577619141146855,0.04395693003999834,-0.0555345491811452,0.010712808018101372
217,63,2,3,True,False,,0.8424493273444428,0.8407285437280043,0.829602280453765,,0.0017207836164384593,0.012847046890677727,-0.011126263274239268,
218,64,0,3,False,True,,0.5006512078725195,0.4967216204844784,0.4883234246096227,0.4760875183205692,0.003929587388041111,0.012327783262896796,-0.008398195874855685,0.024563689551950263
219,64,1,3,False,True,,0.6922785304137697,0.6849361859265615,0.6738639347149323,0.6977779382342962,0.007342344487208274,0.01841459569883741,-0.011072251211629136,-0.005499407820526492
220,64,2,3,True,True,,0.8823517301958771,0.8795839823656963,0.8678120528146451,0.8821066657953367,0.0027677478301807446,0.014539677381231964,-0.011771929551051219,0.0002450644005403957
221,65,0,3,False,False,,0.4377085663645171,0.42583205592067874,0.4301584473298144,,0.011876510443838362,0.007550119034702707,0.004326391409135655,
222,65,1,3,False,True,,0.4578456343965538,0.4551827844556501,0.44224649318765574,0.4924289137634451,0.002662849940903711,0.015599141208898049,-0.012936291267994338,-0.03458327936689132
223,65,2,3,True,True,,0.8584886356071657,0.8613261608925559,0.8239901414437305,0.8343841164700049,-0.0028375252853901634,0.0344984941634352,-0.037336019448825364,0.02410451913716083
224,66,0,4,False,True,,0.45311708033632486,0.4572733649304364,0.5176623655444377,0.4535059096496976,-0.004156284594111548,-0.06454528520811281,0.060389000614001265,-0.0003888293133727516
225,66,1,4,False,True,,0.8059597067094567,0.802336590886165,0.7745524125845513,0.8032402814202356,0.003623115823291667,0.031407294124905394,-0.027784178301613727,0.002719425289221089
226,66,2,4,False,True,,0.8006404629945031,0.803012745600288,0.8039585682553061,0.7903924001868261,-0.0023722826057849256,-0.003318105260803006,0.0009458226550180804,0.010248062807676983
227,66,3,4,True,False,,0.6854951479857979,0.6731742110651202,0.6137961151998339,,0.012320936920677705,0.07169903278596401,-0.05937809586528631,
228,67,0,5,False,False,,0.6925897519945167,0.6872280838708089,0.6689997277519057,,0.005361668123707752,0.02359002424261092,-0.018228356118903166,
229,67,1,5,False,True,,0.6759367068328841,0.682343132700478,0.6064816561827666,0.6908431150209131,-0.006406425867593879,0.06945505065011748,-0.07586147651771136,-0.014906408188029019
231,67,3,5,False,True,,0.6973973220373424,0.7000866627520317,0.7045205916353056,0.6690979530013209,-0.0026893407146892923,-0.007123269597963167,0.004433928883273874,0.028299369036021482
234,68,1,3,False,True,,0.6396235453053081,0.6367220179471266,0.3751515264777431,0.6437215840355437,0.0029015273581814993,0.264472018827565,-0.2615704914693835,-0.00409803873023562
235,68,2,3,True,True,,0.8248740348958852,0.8274278833821778,0.8029530441935387,0.7268657247693661,-0.002553848486292587,0.021920990702346432,-0.02447483918863902,0.09800831012651912
238,69,2,4,False,False,,0.4045038957753077,0.36142802564935433,0.42131206871856625,,0.043075870125953375,-0.016808172943258537,0.05988404306921191,
239,69,3,4,True,True,,0.758364729169689,0.7571168776735195,0.7119984169999891,0.7475749635159024,0.001247851496169461,0.046366312169699886,-0.045118460673530425,0.010789765653786643
240,70,0,3,False,True,,0.6341950790982686,0.633276130993587,0.6775262849440525,0.6243630768857145,0.0009189481046815162,-0.04333120584578398,0.0442501539504655,0.009832002212554092
241,70,1,3,False,True,,0.6773697338809305,0.6759238139371835,0.6591219736773642,0.6689429135768097,0.0014459199437469872,0.01824776020356622,-0.016801840259819234,0.008426820304120786
242,70,2,3,True,True,,0.8787591258804899,0.8799715249208405,0.8489074311305748,0.8715739962502462,-0.0012123990403506424,0.029851694749915114,-0.031064093790265757,0.007185129630243647
243,71,0,6,False,False,,0.6009700800016298,0.5687479923904387,0.6189076351428942,,0.03222208761119105,-0.017937555141264383,0.050159642752455436,
244,71,1,6,False,True,,0.47321288687566465,0.4671084266694801,0.4302995515413186,0.44928677531489486,0.006104460206184548,0.04291333533434605,-0.0368088751281615,0.02392611156076979
245,71,2,6,False,False,,0.8239675454878325,0.8133523883801438,0.7706727996930088,,0.010615157107688677,0.05329474579482363,-0.04267958868713495,
246,71,3,6,False,False,,0.544328772267478,0.5566545662778379,0.5176023653837137,,-0.012325794010359936,0.026726406883764264,-0.0390522008941242,
247,71,4,6,False,False,,0.7829592947559033,0.7815123613856312,0.7382698138935804,,0.0014469333702721299,0.04468948086232294,-0.04324254749205081,
249,72,0,3,False,True,,0.5049522641870403,0.4984554257212875,0.4939494023295989,0.5019744398925993,0.00649683846575283,0.011002861857441426,-0.004506023391688596,0.002977824294441045
250,72,1,3,False,True,,0.8723685864547969,0.8491590014118414,0.7268662663979308,0.8592383861764186,0.02320958504295545,0.14550232005686603,-0.12229273501391058,0.013130200278378301
251,72,2,3,True,True,,0.8922066811353058,0.8950030000293967,0.8880443009957879,0.8899540977655932,-0.0027963188940909323,0.004162380139517863,-0.006958699033608795,0.0022525833697125686
252,73,0,6,False,True,,0.5833206256861923,0.5693952109835761,0.5731371149051263,0.5676436107355876,0.013925414702616101,0.010183510781065941,0.0037419039215501604,0.015677014950604695
253,73,1,6,False,True,,0.6367413582211413,0.6436859679562211,0.5198521416820285,0.6405399503226522,-0.006944609735079821,0.11688921653911277,-0.1238338262741926,-0.0037985921015109003
254,73,2,6,False,True,,0.7659436010685886,0.7267055187069948,0.6692840956714944,0.7512319914790749,0.03923808236159376,0.09665950539709423,-0.05742142303550046,0.014711609589513674
257,73,5,6,True,True,,0.6780214464119229,0.6620295983326726,0.6228351709061001,0.6403571814160496,0.015991848079250248,0.05518627550582278,-0.03919442742657253,0.037664264995873276
258,74,0,3,False,True,,0.5305039054514754,0.5245234991003074,0.5324090708306418,0.5174315213447563,0.005980406351168033,-0.001905165379166407,0.00788557173033444,0.01307238410671907
260,74,2,3,True,True,,0.8954228761052097,0.8964202275153276,0.8400663172817115,0.8894354468103169,-0.0009973514101179193,0.0553565588234981,-0.05635391023361602,0.00598742929489271
261,75,0,3,False,True,,0.30833343089338966,0.2561445005570214,0.30382813294800637,0.277669774272285,0.05218893033636823,0.004505297945383291,0.04768363239098494,0.03066365662110465
262,75,1,3,False,True,,0.7173416858431884,0.7032913135975759,0.617306423529882,0.6821910237924638,0.014050372245612452,0.1000352623133064,-0.08598489006769394,0.03515066205072459
263,75,2,3,True,True,,0.7832582717356897,0.7778936036975642,0.7789765296016898,0.7386038106391982,0.00536466803812552,0.0042817421339998996,0.00108292590412562,0.044654461096491516
264,76,0,3,False,False,,0.16817526556108894,0.1510507395105594,0.1627258661423163,,0.017124526050529554,0.005449399418772649,0.011675126631756905,
265,76,1,3,False,True,,0.7218698237745736,0.6997348114607015,0.5215092509084254,0.7191819674014104,0.02213501231387216,0.20036057286614828,-0.17822556055227612,0.0026878563731632665
266,76,2,3,True,True,,0.7798162995098278,0.777682777936368,0.774774827332745,0.7612559525241701,0.0021335215734598068,0.005041472177082729,-0.002907950603622922,0.018560346985657672
267,77,0,3,False,False,,0.46530246116322804,0.47135367547663837,0.4535087278743101,,-0.006051214313410325,0.011793733288917918,-0.017844947602328243,
268,77,1,3,False,True,,0.5818334666950825,0.584733468912158,0.5413488445164535,0.6045841512735983,-0.002900002217075537,0.040484622178629026,-0.04338462439570456,-0.022750684578515812
269,77,2,3,True,True,,0.833841806193069,0.8312049824456458,0.8259597560311288,0.8288355329735089,0.0026368237474232448,0.007882050161940213,-0.005245226414516968,0.005006273219560153
270,78,0,3,False,True,,0.5864736327922372,0.6003453563053154,0.5413836319698018,0.5985792527691427,-0.013871723513078194,0.045090000822435417,-0.05896172433551361,-0.012105619976905513
271,78,1,3,False,True,,0.6955144846443844,0.7015599707615002,0.689350308530651,0.6970554744223998,-0.006045486117115861,0.006164176113733322,-0.012209662230849183,-0.0015409897780154225
272,78,2,3,True,True,,0.7499748755191262,0.7544581607777351,0.7263749031751633,0.7312152155594779,-0.00448328525860886,0.02359997234396294,-0.0280832576025718,0.018759659959648345
273,79,0,3,False,True,,0.5592995467377831,0.5462280011032026,0.4925381066914484,0.542986933059885,0.013071545634580573,0.06676144004633477,-0.0536898944117542,0.016312613677898158
274,79,1,3,False,True,,0.8515350338324549,0.8527302465601452,0.8414530526968151,0.8570420764355798,-0.001195212727690298,0.01008198113563974,-0.011277193863330037,-0.005507042603124956
275,79,2,3,True,True,,0.8615013197167163,0.8542659279491523,0.8165059861766669,0.7303428008278646,0.007235391767563937,0.044995333540049365,-0.03775994177248543,0.13115851888885166
276,80,0,3,False,True,,0.3876815337131326,0.40501130664272017,0.36854209533727134,0.38881846204065584,-0.017329772929587595,0.01913943837586124,-0.036469211305448834,-0.0011369283275232678
277,80,1,3,False,True,,0.7813580207620013,0.7099960044882584,0.8128320370416984,0.7837622969498182,0.07136201627374295,-0.03147401627969704,0.10283603255343998,-0.0024042761878169117
278,80,2,3,True,True,,0.9136356034268841,0.9104719616314735,0.9121036701424764,0.8974150993731949,0.003163641795410621,0.001531933284407705,0.0016317085110029161,0.016220504053689244
279,81,0,3,False,True,,0.366005624243912,0.34991990535958495,0.3569093675914111,0.35529872748225366,0.016085718884327027,0.009096256652500856,0.006989462231826171,0.010706896761658313
280,81,1,3,False,True,,0.4206056446689898,0.4197807840557568,0.3001518247966878,0.4221275821543689,0.0008248606132330027,0.12045381987230203,-0.11962895925906902,-0.001521937485379099
281,81,2,3,True,True,,0.6764841608779283,0.6763959309658617,0.6543363597090002,0.6730738234607947,8.822991206658415e-05,0.022147801168928116,-0.022059571256861532,0.003410337417133591
282,82,0,3,False,False,,0.5181246052707361,0.5245993642358666,0.5043377413759396,,-0.0064747589651305,0.013786863894796553,-0.020261622859927053,
283,82,1,3,False,True,,0.7772892615588302,0.7265258782354355,0.7808516908924442,0.77600605180044,0.050763383323394695,-0.003562429333614059,0.054325812657008754,0.0012832097583901358
284,82,2,3,True,True,,0.7810409217636315,0.7912388014104854,0.7791161307000847,0.7815860169464992,-0.010197879646853925,0.0019247910635468157,-0.01212267071040074,-0.0005450951828677164
285,83,0,3,False,True,,0.6211884220514091,0.6188479161615856,0.6150659332329025,0.6160656462161123,0.0023405058898234854,0.006122488818506633,-0.0037819829286831474,0.0051227758352968555
286,83,1,3,False,True,,0.815218483819794,0.8107883881395023,0.8507299381465429,0.8034028990597724,0.004430095680291735,-0.03551145432674885,0.03994155000704058,0.011815584760021647
288,84,0,3,False,False,,0.4986457220702047,0.5000504111310683,0.5495696021868883,,-0.0014046890608636065,-0.05092388011668364,0.04951919105582003,
289,84,1,3,False,True,,0.9036403879932356,0.6725033459954756,0.9033818644931626,0.9008072110632359,0.23113704199776008,0.00025852350007304903,0.23087851849768704,0.0028331769299997367
290,84,2,3,True,True,,0.9152460432316791,0.8837570153966771,0.904565025494464,0.8980640264798903,0.03148902783500207,0.010681017737215082,0.02080801009778699,0.017182016751788876
291,85,0,3,False,True,,0.5541085492581361,0.5473418422395843,0.5529773728476933,0.5474228588337527,0.006766707018551865,0.0011311764104428024,0.005635530608109063,0.006685690424383384
292,85,1,3,False,True,,0.5764200358877376,0.5563901872496753,0.6207324554852468,0.5885916495969551,0.020029848638062342,-0.0443124195975092,0.06434226823557154,-0.012171613709217488
293,85,2,3,True,True,,0.8944441367682127,0.8871198561648855,0.8790066166523696,0.8894203054270564,0.007324280603327127,0.015437520115843095,-0.008113239512515968,0.0050238313411562485
295,86,1,3,False,True,,0.6830461492967168,0.6800019535062952,0.630882246176642,0.6479803226869144,0.003044195790421589,0.052163903120074795,-0.049119707329653206,0.0350658266098024
296,86,2,3,True,True,,0.7445687930993853,0.7133687840517545,0.7581364344831243,0.7457828254852362,0.03120000904763076,-0.013567641383739004,0.044767650431369765,-0.0012140323858509383
297,87,0,3,False,True,,0.412977111549046,0.42756035036621864,0.46073861791595805,0.4054826059239288,-0.014583238817172661,-0.047761506366912065,0.033178267549739404,0.007494505625117165
298,87,1,3,False,True,,0.6861167058802841,0.6801362516851018,0.6936694222055197,0.6861167058802841,0.005980454195182228,-0.007552716325235687,0.013533170520417914,0.0
299,87,2,3,True,True,,0.8826068559327117,0.881683491387598,0.8799673431077442,0.8819313329657893,0.0009233645451136585,0.0026395128249675492,-0.0017161482798538907,0.000675522966922415
300,88,0,7,False,True,,0.5618404276961556,0.5533851912709608,0.5379434166905983,0.5549991601967413,0.008455236425194856,0.0238970110055573,-0.015441774580362444,0.006841267499414272
302,88,2,7,False,False,,0.7627672504511624,0.6265701670686962,0.6001671437072847,,0.13619708338246628,0.1626001067438777,-0.026403023361411426,
303,88,3,7,False,True,,0.6808077253398691,0.7126074248144858,0.6236916541303332,0.6918852390969158,-0.031799699474616694,0.05711607120953588,-0.08891577068415257,-0.011077513757046686
304,88,4,7,False,False,,0.4181559879044407,0.3769141581039834,0.4151911885291235,,0.04124182980045732,0.002964799375317184,0.038277030425140135,
305,88,5,7,False,True,,0.658937888319978,0.7105869462227996,0.6438995541457296,0.6597291611257488,-0.051649057902821593,0.01503833417424838,-0.06668739207706997,-0.0007912728057707374
307,89,0,3,False,True,,0.4632435825692311,0.46221152778211005,0.430782829145678,0.4676379321762627,0.0010320547871210395,0.03246075342355309,-0.03142869863643205,-0.004394349607031611
308,89,1,3,False,True,,0.6262860639353917,0.6232971347616644,0.5498110145102957,0.6165876309651104,0.002988929173727284,0.07647504942509598,-0.07348612025136869,0.009698432970281279
309,89,2,3,True,True,,0.868354495543688,0.8695188762208329,0.8391368331875361,0.8515367974086631,-0.0011643806771448606,0.029217662356151974,-0.030382043033296835,0.016817698135024983
310,90,0,3,False,True,,0.5356121787354781,0.5327765452540797,0.48956924634006527,0.5293410592724935,0.0028356334813983697,0.046042932395412794,-0.043207298914014425,0.006271119462984531
312,90,2,3,True,True,,0.8600190204482326,0.8556441230543815,0.837769399377258,0.8608992814896822,0.004374897393851107,0.022249621070974612,-0.017874723677123505,-0.0008802610414495593
313,91,0,3,False,True,,0.4142000063618766,0.41021726534124975,0.39594584095776814,0.40849724121499437,0.003982741020626845,0.018254165404108458,-0.014271424383481612,0.005702765146882227
314,91,1,3,False,True,,0.5579927243442768,0.5608029273475764,0.5106682128990451,0.5528694426183618,-0.002810203003299594,0.047324511445231754,-0.05013471444853135,0.00512328172591503
315,91,2,3,True,True,,0.7773102539062168,0.7685563077058274,0.7796896177926278,0.7711629673257254,0.008753946200389384,-0.0023793638864110234,0.011133310086800408,0.006147286580491351
316,92,0,3,False,False,,0.4640629341991049,0.4349049198641488,0.4526655717128599,,0.029158014334956073,0.011397362486244955,0.017760651848711118,
317,92,1,3,False,True,,0.755407670585104,0.6164839603496837,0.607878286421415,0.7401608330639668,0.13892371023542038,0.1475293841636891,-0.00860567392826872,0.015246837521137202
318,92,2,3,True,True,,0.8839084036840508,0.6978103977903706,0.8729353968419291,0.8141152549371372,0.1860980058936802,0.010973006842121658,0.17512499905155854,0.06979314874691356
319,93,0,5,False,True,,0.5990445831763839,0.5882931964507508,0.5990328642064994,0.591641355713951,0.010751386725633028,1.1718969884499941e-05,0.010739667755748528,0.0074032274624328265
320,93,1,5,False,True,,0.7912809445641674,0.7709129145805976,0.6499585601171745,0.7910387560357899,0.02036802998356979,0.14132238444699297,-0.12095435446342317,0.00024218852837754046
321,93,2,5,False,False,,0.6358069880337334,0.599349797414772,0.4886883703529709,,0.036457190618961355,0.14711861768076245,-0.1106614270618011,
322,93,3,5,False,False,,0.38411934927109836,0.33455864572835875,0.3961122795037541,,0.049560703542739615,-0.01199293023265574,0.061553633775395356,
323,93,4,5,True,True,,0.8587880855074025,0.8440994503345695,0.7606236766784835,0.8585689533009881,0.014688635172833031,0.09816440882891897,-0.08347577365608594,0.00021913220641434084
324,94,0,3,False,True,,0.31205158958444573,0.2943649607396821,0.2735287171137572,0.31630086794222284,0.01768662884476363,0.03852287247068853,-0.0208362436259249,-0.004249278357777109
325,94,1,3,False,True,,0.47792604729274907,0.4682924052051927,0.4884666161867474,0.48283311616975066,0.009633642087556349,-0.010540568893998348,0.020174210981554697,-0.004907068877001597
326,94,2,3,True,True,,0.7419369219848616,0.7227578991829534,0.7426523061689874,0.6959857585440303,0.019179022801908197,-0.0007153841841257558,0.019894406986033952,0.04595116344083128
327,95,0,3,False,False,,0.4544748931141343,0.44556239584297186,0.44570170896044486,,0.008912497271162445,0.00877318415368944,0.00013931311747300557,
328,95,1,3,False,True,,0.8560366803203503,0.8528516213087223,0.8276780078233721,0.8432360614276994,0.003185059011628022,0.02835867249697821,-0.025173613485350188,0.012800618892650939
329,95,2,3,True,True,,0.8452800695466381,0.8491797212211931,0.842004319285037,0.8498566666331724,-0.0038996516745549714,0.003275750261601096,-0.007175401936156067,-0.00457659708653424
330,96,0,3,False,False,,0.4016281939829507,0.3933349020245326,0.4258540945507229,,0.008293291958418103,-0.024225900567772185,0.03251919252619029,
331,96,1,3,False,True,,0.7887098576051987,0.8016641890781185,0.7469699049107843,0.7901066891784242,-0.0129543314729198,0.04173995269441444,-0.05469428416733424,-0.0013968315732254544
334,97,1,6,False,True,,0.7208899927709566,0.7129381536251427,0.6373428086071135,0.7146571891704903,0.007951839145813877,0.0835471841638431,-0.07559534501802923,0.006232803600466297
336,97,3,6,False,False,,0.3616470058206313,0.3929487795363798,0.3565733647516733,,-0.03130177371574849,0.005073641068958024,-0.03637541478470652,
337,97,4,6,False,True,,0.7214696213378948,0.7376269933523094,0.692741479066566,0.7257077237306372,-0.016157372014414584,0.028728142271328805,-0.04488551428574339,-0.00423810239274236
338,97,5,6,True,True,,0.47215124070954745,0.5211509528425154,0.32737764294709687,0.589969139531438,-0.048999712132968,0.14477359776245058,-0.19377330989541858,-0.11781789882189059
339,98,0,5,False,True,,0.45844289550908646,0.4653056202807236,0.48347428934336417,0.46576019116650996,-0.00686272477163713,-0.025031393834277715,0.018168669062640586,-0.007317295657423506
340,98,1,5,False,True,,0.4757930251779647,0.4640503066949622,0.4829432369928495,0.4772907878306557,0.011742718483002457,-0.007150211814884844,0.0188929302978873,-0.001497762652691026
341,98,2,5,False,False,,0.7973103723057312,0.4927486744498402,0.5256618225948969,,0.304561697855891,0.2716485497108343,0.03291314814505669,
343,98,4,5,True,True,,0.765189827332153,0.7625125476502145,0.5461467653807006,0.7499470323875568,0.002677279681938538,0.2190430619514524,-0.21636578226951386,0.015242794944596239
344,99,0,3,False,False,,0.4729085087187925,0.4800503857139447,0.47069087855670366,,-0.00714187699515223,0.002217630162088813,-0.009359507157241043,
345,99,1,3,False,True,,0.7620650360041687,0.8008798425425769,0.5977427001459193,0.750172567363857,-0.038814806538408186,0.1643223358582494,-0.2031371423966576,0.011892468640311793
346,99,2,3,True,True,,0.8141034215969731,0.8101920880882004,0.8006533152501294,0.8281010457333922,0.0039113335087727075,0.013450106346843738,-0.00953877283807103,-0.013997624136419029
347,100,0,3,False,True,,0.3224162917165305,0.2871828898362111,0.3195352030750123,0.31573211377024996,0.035233401880319426,0.0028810886415182035,0.03235231323880122,0.006684177946280567
348,100,1,3,False,True,,0.8077512628313125,0.8070111493263323,0.7253824796415399,0.8077512628313125,0.0007401135049801555,0.08236878318977259,-0.08162866968479243,0.0
349,100,2,3,True,True,,0.8448775964033263,0.8449964623723383,0.8166100751863922,0.8537637258544787,-0.0001188659690120053,0.0282675212169341,-0.028386387185946105,-0.008886129451152414
350,101,0,3,False,True,,0.5738907340248847,0.5689151166085812,0.664608192796888,0.5485858261852299,0.004975617416303479,-0.09071745877200332,0.0956930761883068,0.025304907839654778
351,101,1,3,False,True,,0.8268690964908829,0.8249569826197131,0.8063025101476672,0.8278654386586659,0.0019121138711698515,0.02056658634321573,-0.01865447247204588,-0.0009963421677829931
352,101,2,3,True,False,,0.8954021818801476,0.8905604267093642,0.8741161115212897,,0.004841755170783446,0.02128607035885799,-0.016444315188074543,
353,102,0,4,False,True,,0.40522195413966966,0.41360107134646784,0.4720914167596762,0.3835055866470449,-0.008379117206798181,-0.06686946262000654,0.058490345413208356,0.021716367492624733
354,102,1,4,False,True,,0.3865243543844675,0.3602087051199199,0.4355787103819497,0.383511175102872,0.026315649264547547,-0.0490543559974822,0.07537000526202975,0.003013179281595446
355,102,2,4,False,True,,0.72309390900903,0.6893047794171802,0.5669747664398546,0.6878791725648566,0.033789129591849876,0.15611914256917547,-0.1223300129773256,0.03521473644417339
356,102,3,4,True,True,,0.8710213518460096,0.8659729841536935,0.8329021637327082,0.8745830588364991,0.005048367692316091,0.038119188113301394,-0.0330708204209853,-0.0035617069904895216
357,103,0,4,False,False,,0.4054486593401392,0.4039740251817901,0.43614990082640664,,0.0014746341583490863,-0.03070124148626746,0.03217587564461655,
358,103,1,4,False,True,,0.3614194582707323,0.3542545404357882,0.36489668915739987,0.3544609113202507,0.007164917834944107,-0.0034772308866675705,0.010642148721611677,0.006958546950481592
359,103,2,4,False,False,,0.45406594693471136,0.4068675866407406,0.5025187858345275,,0.04719836029397079,-0.04845283889981611,0.0956511991937869,
360,103,3,4,True,False,,0.7779750658445294,0.7596019599499754,0.7451169153047974,,0.018373105894553987,0.032858150539731956,-0.014485044645177969,
361,104,0,3,False,False,,0.4720041819764163,0.45239351195225513,0.5056853125146212,,0.01961067002416117,-0.03368113053820493,0.0532918005623661,
362,104,1,3,False,True,,0.7692862663677038,0.7614764205278429,0.7099376391288735,0.7056317456998599,0.007809845839860885,0.059348627238830276,-0.05153878139896939,0.06365452066784394
363,104,2,3,True,True,,0.8620430191904156,0.8595635112113909,0.8138020084215817,0.8670433796740903,0.002479507979024742,0.048241010768833914,-0.04576150278980917,-0.005000360483674693
365,105,1,3,False,True,,0.7022098107725079,0.5598286831506099,0.5218779043603112,0.7357335170849184,0.14238112762189803,0.18033190641219665,-0.03795077879029862,-0.03352370631241053
366,105,2,3,True,True,,0.8702837922461902,0.8540796547266583,0.8842464031205014,0.8507631305557679,0.01620413751953198,-0.013962610874311165,0.030166748393843146,0.019520661690422325
367,106,0,3,False,True,,0.5860527706849845,0.5809619272779909,0.6034829131945699,0.5786705591374628,0.005090843406993617,-0.01743014250958541,0.022520985916579028,0.007382211547521722
368,106,1,3,False,True,,0.8696845074455251,0.8590566437321604,0.7647232891653022,0.8684945838925255,0.01062786371336466,0.10496121828022287,-0.09433335456685821,0.0011899235529995167
369,106,2,3,True,True,,0.8714999712915094,0.873590554535991,0.867723439340454,0.8698888281837226,-0.0020905832444816363,0.0037765319510553175,-0.005867115195536954,0.001611143107786761
370,107,0,3,False,True,,0.4291290275961328,0.4223998266918296,0.41903679447789843,0.4259163338709099,0.006729200904303179,0.010092233118234373,-0.003363032213931194,0.003212693725222926
371,107,1,3,False,True,,0.47502173667228115,0.4689266583509808,0.5436001117326981,0.48726228101513075,0.006095078321300351,-0.06857837506041692,0.07467345338171727,-0.012240544342849602
372,107,2,3,True,True,,0.8453941669506446,0.8155101514006567,0.8114356686870382,0.7823392321579891,0.029884015549987875,0.03395849826360642,-0.0040744827136185435,0.06305493479265556
373,108,0,3,False,False,,0.39541932573255456,0.3866925566929787,0.38610843050684807,,0.008726769039575866,0.009310895225706495,-0.0005841261861306291,
375,108,2,3,True,False,,0.8574602527566346,0.8027675368561958,0.8313002435641411,,0.05469271590043878,0.026160009192493505,0.028532706707945277,
376,109,0,3,False,True,,0.3954639583218236,0.38892744407965396,0.38625253957398487,0.37687295866729975,0.0065365142421696665,0.009211418747838762,-0.0026749045056690957,0.018590999654523876
377,109,1,3,False,True,,0.8163273707028824,0.81490463971335,0.48462749013093026,0.8163273707028824,0.0014227309895323836,0.33169988057195215,-0.33027714958241977,0.0
378,109,2,3,True,True,,0.8520390934275278,0.8528199615413238,0.8572690817276182,0.849277666018464,-0.0007808681137959628,-0.00522998830009036,0.004449120186294397,0.0027614274090638213
380,110,1,3,False,True,,0.5592928221353531,0.5318478557994352,0.5156656109521754,0.6014147858813642,0.027444966335917975,0.043627211183177694,-0.01618224484725972,-0.04212196374601107
381,110,2,3,True,False,,0.730752059147092,0.7321593020122085,0.7378031393413373,,-0.0014072428651165092,-0.007051080194245385,0.005643837329128876,
382,111,0,3,False,True,,0.508748394719892,0.505196472923059,0.44910430719684885,0.516707606501088,0.0035519217968329464,0.05964408752304312,-0.056092165726210175,-0.007959211781196074
383,111,1,3,False,True,,0.5738023898383899,0.5591655743213831,0.5744892660950869,0.5798866115537977,0.014636815517006796,-0.0006868762566969444,0.01532369177370374,-0.006084221715407789
384,111,2,3,True,True,,0.8047252874962533,0.7966382714662607,0.7917390787237386,0.798323016557913,0.008087016029992622,0.012986208772514662,-0.0048991927425220405,0.0064022709383402265
385,112,0,3,False,True,,0.6550690531799302,0.6555613271366655,0.6282715052512068,0.6553263635352696,-0.0004922739567352341,0.026797547928723464,-0.027289821885458698,-0.0002573103553393796
386,112,1,3,False,True,,0.644003242418902,0.6446966327267392,0.6582306398066542,0.642384786524964,-0.0006933903078371051,-0.014227397387752139,0.013534007079915034,0.0016184558939380533
388,113,0,4,False,True,,0.46761196372358294,0.4613217057384646,0.480228662110256,0.47151881557850894,0.0062902579851183416,-0.012616698386673064,0.018906956371791406,-0.003906851854926008
389,113,1,4,False,True,,0.838144635185301,0.8229763675239897,0.6391820828879381,0.7662016961434953,0.015168267661311297,0.19896255229736293,-0.18379428463605163,0.07194293904180571
390,113,2,4,False,True,,0.8120555964279635,0.7097747432619805,0.8120100511584555,0.8214419652187837,0.10228085316598301,4.55452695080627e-05,0.10223530789647495,-0.00938636879082011
391,113,3,4,True,True,,0.8842139219508133,0.75275592113707,0.6661176235269818,0.8802677817532787,0.13145800081374326,0.2180962984238315,-0.08663829761008823,0.003946140197534587
392,114,0,3,False,True,,0.4954955309277165,0.5200137795822173,0.4132521174977817,0.45861341387983934,-0.024518248654500807,0.0822434134299348,-0.1067616620844356,0.03688211704787714
393,114,1,3,False,True,,0.5793333160045191,0.5855280523642304,0.5691210921278326,0.5851573041328931,-0.00619473635971135,0.010212223876686521,-0.01640696023639787,-0.005823988128374036
394,114,2,3,True,True,,0.8608019715323392,0.8597414982535846,0.8415885852858337,0.8604901417017772,0.0010604732787545812,0.01921338624650548,-0.0181529129677509,0.00031182983056199376
395,115,0,3,False,False,,0.5016144511706818,0.4977198115993681,0.47692537039455807,,0.003894639571313696,0.02468908077612375,-0.020794441204810055,
396,115,1,3,False,True,,0.8605343317930054,0.8605356320672272,0.7430926986525449,0.8499000591263207,-1.3002742217382846e-06,0.11744163314046052,-0.11744293341468226,0.010634272666684708
397,115,2,3,True,True,,0.8365609989341742,0.8306208193876445,0.6421560470037639,0.840074078970667,0.0059401795465297,0.1944049519304103,-0.1884647723838806,-0.003513080036492755
398,116,0,3,False,True,,0.4915593473503375,0.4644163472485347,0.4545779781136737,0.4805236133260802,0.027143000101802817,0.03698136923666384,-0.009838369134861025,0.011035734024257338
399,116,1,3,False,True,,0.8214841699867862,0.8218573667068685,0.8131141373057498,0.7598205308023169,-0.00037319672008229166,0.008370032681036421,-0.008743229401118713,0.061663639184469266
400,116,2,3,True,True,,0.8954499769155915,0.8989475195670472,0.8563414777597708,0.8886503950368538,-0.003497542651455743,0.03910849915582071,-0.04260604180727645,0.006799581878737637
401,117,0,3,False,True,,0.5357803738888873,0.5273501180324947,0.5344836514975639,0.5084047935140333,0.008430255856392677,0.0012967223913233905,0.007133533465069286,0.02737558037485399
402,117,1,3,False,True,,0.766541405524663,0.7584044956876066,0.744707088413482,0.7649354344115004,0.008136909837056394,0.021834317111181,-0.013697407274124607,0.0016059711131626297
403,117,2,3,True,True,,0.8245918086030926,0.8175492389369884,0.7789537077611138,0.8239936139164091,0.00704256966610417,0.045638100841978724,-0.03859553117587455,0.0005981946866834287
404,118,0,3,False,True,,0.40303795700755424,0.39936583787483,0.399571057017741,0.3918771029275918,0.0036721191327242497,0.0034668999898132546,0.00020521914291099508,0.011160854079962423
405,118,1,3,False,True,,0.6361611503471183,0.6322536113827596,0.6144523202085287,0.6555828746735991,0.003907538964358692,0.021708830138589597,-0.017801291174230904,-0.019421724326480816
406,118,2,3,True,True,,0.8360167381470417,0.8223866795045935,0.8229075822306975,0.8233785615999352,0.01363005864244815,0.013109155916344206,0.0005209027261039445,0.012638176547106528
407,119,0,3,False,True,,0.45445033546041447,0.45448643499093183,0.48047348978544374,0.45568741739411345,-3.609953051736392e-05,-0.026023154325029274,0.02598705479451191,-0.0012370819336989802
408,119,1,3,False,True,,0.8595158125742847,0.7442296780293737,0.7947342665354534,0.8640879939034553,0.11528613454491099,0.06478154603883124,0.05050458850607975,-0.004572181329170588
409,119,2,3,True,True,,0.8642572706162142,0.8364983680400367,0.851754105156145,0.8678622856394803,0.027758902576177413,0.012503165460069132,0.015255737116108281,-0.003605015023266156
410,120,0,3,False,True,,0.3714577864915403,0.37187092460067395,0.37060550816066234,0.3639341771771196,-0.00041313810913362614,0.0008522783308779758,-0.001265416440011602,0.007523609314420698
411,120,1,3,False,True,,0.4987472157210942,0.49565669909524235,0.5553905930100976,0.5249880701578664,0.003090516625851858,-0.05664337728900343,0.059733893914855285,-0.02624085443677221
412,120,2,3,True,True,,0.8282346352659814,0.827732973155564,0.8277419064797688,0.8232386119489341,0.0005016621104173558,0.0004927287862126484,8.933324204707382e-06,0.004996023317047293
413,121,0,3,False,False,,0.48561083620896744,0.472293113796723,0.48908352778624997,,0.013317722412244437,-0.0034726915772825273,0.016790413989526964,
414,121,1,3,False,True,,0.6013559794117297,0.5825402288279089,0.6070394240932575,0.6041834264333943,0.01881575058382079,-0.005683444681527816,0.024499195265348606,-0.0028274470216645975
415,121,2,3,True,True,,0.8703879273749027,0.8670387130039975,0.8392858716528199,0.8709103799546792,0.0033492143709051847,0.0311020557220828,-0.027752841351177615,-0.0005224525797765667
416,122,0,3,False,True,,0.3827178185535116,0.3680763335362582,0.4172783998669954,0.382890090220394,0.01464148501725343,-0.034560581313483774,0.049202066330737204,-0.00017227166688238427
417,122,1,3,False,True,,0.7678194008528588,0.7542439779795939,0.7402748762949107,0.7670902719167421,0.013575422873264964,0.02754452455794809,-0.013969101684683127,0.000729128936116763
418,122,2,3,True,True,,0.7978004400582844,0.8004436792648593,0.7998019046692971,0.7803566678798136,-0.0026432392065748322,-0.0020014646110126932,-0.000641774595562139,0.017443772178470818
419,123,0,3,False,True,,0.454063616676949,0.455436468653686,0.46114259717439,0.4508552271095574,-0.0013728519767369773,-0.00707898049744099,0.0057061285207040124,0.003208389567391612
420,123,1,3,False,True,,0.8282451751125606,0.8306971818620291,0.8005533515294821,0.836254942623634,-0.0024520067494685494,0.027691823583078423,-0.030143830332546973,-0.008009767511073407
421,123,2,3,True,True,,0.8881532865760043,0.8779355003219146,0.8477950110530889,0.8863021642663484,0.010217786254089756,0.04035827552291549,-0.030140489268825732,0.0018511223096558949
422,124,0,4,False,False,,0.5614762118975289,0.5600574224063744,0.530650609203428,,0.0014187894911545929,0.03082560269410095,-0.029406813202946358,
423,124,1,4,False,True,,0.6905762800014701,0.5931505175772557,0.6420529074866382,0.6796283047299504,0.09742576242421441,0.04852337251483185,0.04890238990938256,0.010947975271519694
424,124,2,4,False,False,,0.7816402073458777,0.7572520408357729,0.7551505047713472,,0.02438816651010478,0.026489702574530538,-0.0021015360644257575,
425,124,3,4,True,True,,0.8396645857459418,0.8335958094381686,0.8272192611918829,0.8341221371174958,0.006068776307773249,0.01244532455405889,-0.00637654824628564,0.005542448628445995
426,125,0,3,False,False,,0.3090331135772168,0.32058649293756747,0.2808181358846574,,-0.011553379360350668,0.028214977692559373,-0.03976835705291004,
427,125,1,3,False,True,,0.5338377405856047,0.5312298517834793,0.4192069251274332,0.5346648550230596,0.00260788880212548,0.11463081545817155,-0.11202292665604607,-0.0008271144374548678
428,125,2,3,True,True,,0.7732858844789818,0.7574446517281299,0.7238333797015745,0.7631963209505512,0.01584123275085192,0.04945250477740737,-0.03361127202655545,0.0100895635284306
429,126,0,3,False,True,,0.3246803372503092,0.3236809151013833,0.33506925666297516,0.3196510351534962,0.0009994221489258992,-0.010388919412665953,0.011388341561591853,0.005029302096813015
430,126,1,3,False,True,,0.7722667498068414,0.7108881817530923,0.6581609882025361,0.7677044751904492,0.06137856805374908,0.1141057616043053,-0.05272719355055622,0.004562274616392248
431,126,2,3,True,True,,0.8583976532649816,0.8573501883821487,0.844854705149514,0.8536223020975995,0.0010474648828329158,0.013542948115467635,-0.012495483232634719,0.004775351167382147
432,127,0,3,False,True,,0.41383158934429076,0.4052461285409779,0.4791029921093211,0.37908009439131723,0.00858546080331285,-0.06527140276503035,0.0738568635683432,0.03475149495297353
433,127,1,3,False,True,,0.7848101125265844,0.6843592183219805,0.7179872702021479,0.7848101125265844,0.10045089420460385,0.06682284232443647,0.033628051880167376,0.0
435,128,0,3,False,True,,0.5473524495733219,0.5462369026897962,0.5438741698307552,0.5390023188775214,0.0011155468835256643,0.003478279742566648,-0.0023627328590409835,0.008350130695800484
436,128,1,3,False,True,,0.8473530144436079,0.8420761068006914,0.8189213194752661,0.8383300125680974,0.00527690764291644,0.028431694968341747,-0.023154787325425308,0.009023001875510528
437,128,2,3,True,True,,0.8873492269148027,0.8837641456500929,0.8695593439355135,0.8865200092865856,0.0035850812647097996,0.017789882979289184,-0.014204801714579385,0.0008292176282170827
438,129,0,3,False,False,,0.4672624719887329,0.46139919266563195,0.44265588129274086,,0.005863279323100934,0.024606590695992026,-0.01874331137289109,
439,129,1,3,False,True,,0.6922250956804649,0.6615371132979027,0.6533183097924402,0.7023184442783742,0.030687982382562207,0.03890678588802465,-0.008218803505462446,-0.010093348597909335
440,129,2,3,True,True,,0.8099296827592671,0.8145704267677629,0.7860975899258588,0.7611102354965005,-0.00464074400849579,0.02383209283340837,-0.02847283684190416,0.04881944726276666
441,130,0,5,False,False,,0.5992871905733095,0.5895101055154421,0.5463744188209798,,0.00977708505786734,0.05291277175232967,-0.04313568669446233,
442,130,1,5,False,True,,0.6632788904567744,0.6795571650187546,0.6508729653819417,0.6576921422381617,-0.016278274561980277,0.012405925074832624,-0.0286841996368129,0.005586748218612603
443,130,2,5,False,False,,0.585606163826417,0.5766282073919996,0.6091015568651412,,0.008977956434417345,-0.023495393038724277,0.03247334947314162,
445,130,4,5,True,False,,0.772073924115851,0.7766845631362062,0.5179860674985325,,-0.0046106390203551895,0.2540878566173185,-0.25869849563767366,
446,131,0,3,False,True,,0.3807472929941526,0.3825595162709304,0.3722912556952054,0.3706259821295307,-0.001812223276777769,0.008456037298947228,-0.010268260575724997,0.010121310864621924
447,131,1,3,False,True,,0.5988302698333801,0.6261156052653348,0.5697598440051088,0.5562738598385887,-0.02728533543195477,0.02907042582827124,-0.05635576126022601,0.04255640999479138
448,131,2,3,True,False,,0.7717628469210052,0.708947694243172,0.755160751421908,,0.06281515267783311,0.01660209549909719,0.04621305717873592,
449,132,0,3,False,True,,0.4700384705114881,0.45902535925445437,0.4756662405525023,0.47158658616565674,0.011013111257033747,-0.0056277700410141684,0.016640881298047916,-0.0015481156541686247
450,132,1,3,False,True,,0.8523605463659091,0.8378790349347434,0.8178488752423319,0.7714092248068222,0.014481511431165717,0.034511671123577226,-0.02003015969241151,0.08095132155908691
451,132,2,3,True,True,,0.910610173654607,0.8985482308702603,0.9062200984184967,0.9015793642553062,0.012061942784346691,0.004390075236110236,0.007671867548236455,0.009030809399300788
452,133,0,3,False,True,,0.5173616143760807,0.5236427791244882,0.5338697095095106,0.490965878213888,-0.006281164748407453,-0.01650809513342988,0.010226930385022426,0.026395736162192762
454,133,2,3,True,True,,0.8203235217842941,0.7870970250097894,0.7855516804372433,0.8281215528362602,0.03322649677450473,0.0347718413470508,-0.0015453445725460702,-0.007798031051966081
455,134,0,3,False,True,,0.23569168371598875,0.22166385562239604,0.2212603391474246,0.2247324290152947,0.014027828093592709,0.014431344568564153,-0.0004035164749714437,0.01095925470069406
456,134,1,3,False,True,,0.8131815724195407,0.5772148093943589,0.39900565373688845,0.8106062861667228,0.23596676302518182,0.41417591868265224,-0.17820915565747042,0.0025752862528178877
457,134,2,3,True,True,,0.8789657484973281,0.8762234331986715,0.8519473744621919,0.8281128711957512,0.00274231529865665,0.027018374035136183,-0.024276058736479533,0.05085287730157695
458,135,0,3,False,True,,0.45222033599347033,0.4414078890459628,0.4250489456094148,0.42882585239589105,0.010812446947507548,0.027171390384055527,-0.01635894343654798,0.023394483597579285
459,135,1,3,False,True,,0.7566442509753752,0.7537708332849232,0.7382397238841778,0.7655072825792326,0.002873417690452018,0.018404527091197442,-0.015531109400745424,-0.008863031603857374
460,135,2,3,True,False,,0.8588149234164417,0.8458566360137686,0.8032670302715154,,0.01295828740267313,0.055547893144926364,-0.042589605742253234,
461,136,0,3,False,True,,0.5461744169017693,0.527118215923376,0.5555574640034627,0.539561352244805,0.019056200978393223,-0.009383047101693465,0.028439248080086688,0.006613064656964318
462,136,1,3,False,True,,0.6789468153601318,0.6715361190561046,0.6715930007537423,0.6802629677821574,0.007410696304027242,0.007353814606389508,5.6881697637733986e-05,-0.0013161524220256515
463,136,2,3,True,True,,0.7428953351099945,0.7334639497451025,0.7270962320266843,0.7379060214712302,0.009431385364891964,0.01579910308331023,-0.006367717718418264,0.0049893136387643144
464,137,0,5,False,True,,0.5275760607908273,0.5320350399998066,0.5529629677651887,0.5244017705222599,-0.004458979208979308,-0.025386906974361412,0.020927927765382104,0.0031742902685674146
465,137,1,5,False,True,,0.7165358484749088,0.7048056761575678,0.7116728077432412,0.7205715425643521,0.01173017231734097,0.004863040731667656,0.006867131585673314,-0.004035694089443265
466,137,2,5,False,True,,0.7172912095030003,0.6823002658727996,0.46528078790101074,0.7233698150172592,0.03499094363020072,0.25201042160198955,-0.21701947797178883,-0.006078605514258872
469,138,0,3,False,True,,0.596008842288071,0.6116259905863084,0.5545079158000524,0.6098506037276997,-0.015617148298237349,0.04150092648801862,-0.05711807478625597,-0.013841761439628675
471,138,2,3,True,True,,0.7855415400183013,0.7887107031596643,0.7426814435783284,0.7834707016048007,-0.0031691631413629517,0.042860096439972906,-0.04602925958133586,0.002070838413500642
472,139,0,3,False,True,,0.4590123932171064,0.4677097036148909,0.40509670219259103,0.4639861985360251,-0.008697310397784486,0.05391569102451538,-0.06261300142229986,-0.004973805318918667
473,139,1,3,False,True,,0.7405316362975682,0.7527975601095377,0.6412292060684011,0.7411648033932228,-0.012265923811969448,0.09930243022916718,-0.11156835404113663,-0.0006331670956545299
474,139,2,3,True,True,,0.9463929044472519,0.9430651381272711,0.9351872502738463,0.8874277380875562,0.003327766319980774,0.011205654173405577,-0.007877887853424803,0.05896516635969573
475,140,0,3,False,False,,0.463201896481037,0.46424347423473344,0.44338084935286365,,-0.0010415777536964543,0.01982104712817334,-0.020862624881869796,
476,140,1,3,False,True,,0.8547389835023735,0.591052068248078,0.675763118756338,0.698574654933173,0.26368691525429555,0.17897586474603555,0.08471105050826,0.1561643285692006
477,140,2,3,True,True,,0.870895177997812,0.8648540079656076,0.8709548897156274,0.8548531927230146,0.00604117003220439,-5.971171781538054e-05,0.006100881750019771,0.016041985274797388
478,141,0,3,False,False,,0.5101023450307127,0.4974261186851883,0.4660598460972356,,0.0126762263455244,0.044042498933477114,-0.031366272587952715,
479,141,1,3,False,True,,0.8152883741067021,0.8142925012743331,0.790433089400874,0.8098303196468902,0.0009958728323690158,0.024855284705828096,-0.02385941187345908,0.005458054459811845
480,141,2,3,True,True,,0.859186458004869,0.8521454001153532,0.8108200735956717,0.859610200372968,0.007041057889515812,0.04836638440919738,-0.04132532651968157,-0.00042374236809894494
481,142,0,3,False,True,,0.4946119063576706,0.47632683370462164,0.5040871606558545,0.476358380036773,0.01828507265304896,-0.009475254298183855,0.027760326951232817,0.018253526320897606
483,142,2,3,True,True,,0.8350770198788457,0.8191287178480428,0.8373651026301521,0.8447475390876384,0.015948302030802997,-0.0022880827513063196,0.018236384782109316,-0.009670519208792694
484,143,0,3,False,True,,0.7245649325545219,0.6932445957445535,0.7165559768895776,0.7101794518008004,0.031320336809968374,0.008008955664944306,0.023311381145024068,0.01438548075372148
485,143,1,3,False,True,,0.688815839705431,0.8505850315663904,0.6451242395991005,0.6905308071888667,-0.1617691918609594,0.04369160010633055,-0.20546079196728995,-0.001714967483435692
486,143,2,3,True,True,,0.8796695600394895,0.8792306356008154,0.8629004312577382,0.8721525233165497,0.00043892443867410424,0.016769128781751297,-0.016330204343077193,0.007517036722939796
487,144,0,5,False,False,,0.6827360006298122,0.6875997766714299,0.6579807721897288,,-0.004863776041617696,0.024755228440083377,-0.029619004481701072,
488,144,1,5,False,True,,0.6365489870782214,0.6631662026696937,0.5602546621513746,0.6915063896542296,-0.026617215591472343,0.07629432492684673,-0.10291154051831908,-0.05495740257600823
489,144,2,5,False,False,,0.695588247088341,0.6302668223082949,0.576315338752175,,0.0653214247800461,0.119272908336166,-0.053951483556119895,
490,144,3,5,False,True,,0.7672881268044095,0.7599093714967913,0.7641896714677219,0.7476497781705947,0.007378755307618223,0.003098455336687622,0.004280299970930601,0.01963834863381475
491,144,4,5,True,True,,0.7624374566421614,0.7660134066835682,0.7153973252214917,0.7624374566421614,-0.0035759500414067613,0.04704013142066976,-0.05061608146207652,0.0
492,145,0,3,False,True,,0.5315670203216678,0.5308826728457698,0.5275201246817903,0.5321786818583655,0.0006843474758979617,0.004046895639877479,-0.0033625481639795174,-0.0006116615366976719
493,145,1,3,False,True,,0.7689546061790427,0.7671821647534264,0.7314867792584593,0.7827131442413287,0.001772441425616278,0.03746782692058337,-0.03569538549496709,-0.013758538062285997
494,145,2,3,True,True,,0.8046132020421096,0.8051720163077928,0.7990009425099566,0.805750086704695,-0.0005588142656831607,0.005612259532153052,-0.006171073797836213,-0.0011368846625853246
495,146,0,3,False,True,,0.5424821647479559,0.5327773280786076,0.5304791385346231,0.5201257366119074,0.009704836669348293,0.012003026213332713,-0.002298189543984419,0.022356428136048434
496,146,1,3,False,True,,0.904532462975622,0.9014302252955054,0.8934898441227904,0.9079951355017618,0.0031022376801165263,0.011042618852831532,-0.007940381172715005,-0.003462672526139854
497,146,2,3,True,False,,0.88066608925054,0.8741221062407616,0.8852246303808818,,0.006543983009778431,-0.00455854113034182,0.011102524140120251,
498,147,0,3,False,True,,0.43070828352942947,0.41975727472909236,0.39338180848911947,0.43791989020486377,0.010951008800337114,0.03732647504031,-0.02637546623997289,-0.007211606675434301
499,147,1,3,False,True,,0.8058584067349277,0.6419022533711758,0.46462574174119986,0.8119507864967305,0.1639561533637519,0.34123266499372784,-0.17727651162997593,-0.006092379761802769
500,147,2,3,True,True,,0.8639188014132235,0.8413466106758459,0.8329220916048964,0.8379304454097958,0.022572190737377595,0.03099670980832714,-0.008424519070949543,0.02598835600342775
501,148,0,3,False,True,,0.5805904638965205,0.5873969634725107,0.5483885971324182,0.572161127110211,-0.006806499575990221,0.032201866764102305,-0.039008366340092526,0.008429336786309416
502,148,1,3,False,True,,0.6720257909283089,0.6316548450874679,0.6088114798220479,0.6348731599275017,0.040370945840841,0.06321431110626108,-0.02284336526542008,0.037152631000807235
503,148,2,3,True,True,,0.7944532203266348,0.7945114866738756,0.77512724127839,0.7855293107262612,-5.826634724082069e-05,0.019325979048244846,-0.019384245395485666,0.008923909600373592
504,149,0,4,False,False,,0.3999954492141165,0.43757991275806346,0.40703583384405123,,-0.037584463543946955,-0.007040384629934726,-0.03054407891401223,
505,149,1,4,False,True,,0.49857043165632603,0.4933255982779263,0.47563522839929423,0.49105180663805637,0.005244833378399705,0.0229352032570318,-0.017690369878632095,0.0075186250182696646
506,149,2,4,False,True,,0.9401362333869794,0.7706485137122624,0.9074838211647593,0.9403803225625437,0.16948771967471699,0.03265241222222004,0.13683530745249695,-0.00024408917556428822
507,149,3,4,True,True,,0.9500441579985033,0.9507644946231991,0.9463560146673313,0.9079048482315154,-0.0007203366246958387,0.003688143331171956,-0.0044084799558677945,0.042139309766987876
508,150,0,3,False,True,,0.47601338075479843,0.47536939662563754,0.485635915159039,0.47189950194495117,0.0006439841291608905,-0.009622534404240546,0.010266518533401436,0.00411387880984726
509,150,1,3,False,True,,0.7238000919992343,0.7222702973437315,0.6895003432290964,0.790303234422241,0.0015297946555028474,0.03429974877013797,-0.032769954114635125,-0.0665031424230067
510,150,2,3,True,False,,0.8694177268452848,0.8651209317963895,0.8708603519649283,,0.004296795048895352,-0.001442625119643437,0.005739420168538789,
511,151,0,3,False,False,,0.510740378905099,0.5134626477183074,0.5285085553495491,,-0.0027222688132083617,-0.017768176444450057,0.015045907631241695,
512,151,1,3,False,True,,0.858290220108286,0.8663767607796892,0.5446353357512126,0.8585009356346854,-0.00808654067140313,0.31365488435707345,-0.3217414250284766,-0.0002107155263993965
513,151,2,3,True,True,,0.8469422705939924,0.8346426416156261,0.827035518337678,0.8459220640356473,0.01229962897836634,0.01990675225631444,-0.007607123277948102,0.0010202065583451159
514,152,0,3,False,True,,0.42050306782815783,0.40329887017299804,0.4004483967113057,0.3861967969747786,0.017204197655159792,0.020054671116852107,-0.0028504734616923155,0.03430627085337923
515,152,1,3,False,True,,0.7216666566582972,0.7379580607328774,0.6239684359484726,0.7758202289108171,-0.016291404074580185,0.09769822070982459,-0.11398962478440477,-0.05415357225251993
516,152,2,3,True,True,,0.8729273297614635,0.8613364156675961,0.8737875474652809,0.8731135745735337,0.011590914093867366,-0.0008602177038173897,0.012451131797684756,-0.00018624481207019095
517,153,0,4,False,True,,0.4611601071945365,0.4708128368587014,0.4402175500291521,0.4493934940893104,-0.009652729664164916,0.0209425571653844,-0.030595286829549317,0.011766613105226087
518,153,1,4,False,True,,0.5199904839455349,0.5241296009685186,0.5128636899103967,0.49930201473225383,-0.0041391170229836405,0.007126794035138273,-0.011265911058121914,0.020688469213281102
520,153,3,4,True,True,,0.7998347799449371,0.7973406070225864,0.8014897432071855,0.8034879924585339,0.002494172922350768,-0.0016549632622483434,0.0041491361845991115,-0.0036532125135967375
521,154,0,3,False,True,,0.25974851717597464,0.25325511940622847,0.27066143768521794,0.24536841011528146,0.0064933977697461676,-0.010912920509243307,0.017406318278989474,0.014380107060693176
522,154,1,3,False,True,,0.6013258740586491,0.5952124334191912,0.4455465534211894,0.6203193284504727,0.006113440639457957,0.15577932063745975,-0.1496658799980018,-0.01899345439182354
523,154,2,3,True,False,,0.7604017026106702,0.7587803414624654,0.7105447369363043,,0.0016213611482047696,0.04985696567436593,-0.04823560452616116,
524,155,0,4,False,True,,0.3996244249115565,0.39538912702493617,0.3678247062420949,0.4042435695080932,0.004235297886620304,0.031799718669461574,-0.02756442078284127,-0.004619144596536728
525,155,1,4,False,True,,0.2596245678920672,0.2698113785679156,0.26141688259131163,0.2353075744846382,-0.010186810675848368,-0.0017923146992444017,-0.008394495976603966,0.024316993407429016
526,155,2,4,False,True,,0.6197447211791216,0.6220693032180585,0.5438452135177612,0.6162813169162612,-0.0023245820389369287,0.07589950766136044,-0.07822408970029737,0.0034634042628604034
527,155,3,4,True,True,,0.8260493300382777,0.8212279908224229,0.8109635095232913,0.8257261336111262,0.004821339215854814,0.015085820514986414,-0.0102644812991316,0.0003231964271515064
528,156,0,3,False,True,,0.4372398392809212,0.43143727130360077,0.4348116968587146,0.4406488388291065,0.0058025679773204275,0.0024281424222065695,0.003374425555113858,-0.0034089995481852986
529,156,1,3,False,True,,0.735764247563133,0.7128802819049372,0.6333810011493476,0.7315486285680836,0.022883965658195726,0.10238324641378538,-0.07949928075558965,0.004215618995049408
530,156,2,3,True,True,,0.7541330437105396,0.7416556411307351,0.7115451583591021,0.7533802335887612,0.012477402579804453,0.04258788535143743,-0.030110482771632974,0.0007528101217784133
531,157,0,3,False,True,,0.515227685211767,0.5127968852620405,0.5317295234874866,0.5063064661630402,0.002430799949726503,-0.016501838275719605,0.018932638225446108,0.00892121904872678
532,157,1,3,False,True,,0.6897996201313318,0.7114617530471895,0.6733121442020481,0.7225002446595196,-0.021662132915857724,0.01648747592928368,-0.0381496088451414,-0.03270062452818778
533,157,2,3,True,True,,0.8797334276025098,0.8783118829641063,0.8751837606218414,0.8861626318559374,0.0014215446384034935,0.004549666980668388,-0.003128122342264894,-0.006429204253427523
534,158,0,3,False,True,,0.38585295873064224,0.38285647921994814,0.374867824955979,0.3798190647344932,0.0029964795106940945,0.010985133774663258,-0.007988654263969164,0.0060338939961490645
535,158,1,3,False,True,,0.7437665248236658,0.7368522886708738,0.720595603592797,0.7375052987256162,0.006914236152791964,0.023170921230868835,-0.01625668507807687,0.006261226098049577
536,158,2,3,True,True,,0.8077525096634854,0.8058716750092829,0.8079428546511384,0.7934535559047965,0.0018808346542025234,-0.00019034498765291286,0.0020711796418554362,0.014298953758688948
537,159,0,3,False,True,,0.528293612419981,0.5319173325317835,0.5027935115765938,0.5292443686208357,-0.003623720111802564,0.025500100843387163,-0.029123820955189728,-0.0009507562008547188
538,159,1,3,False,True,,0.8000907074740451,0.7980382923756991,0.8224683292977658,0.779899163022893,0.002052415098345972,-0.022377621823720717,0.02443003692206669,0.02019154445115212
539,159,2,3,True,True,,0.8626170511437385,0.8646836594685268,0.8369441213967312,0.862147663680474,-0.0020666083247882217,0.0256729297470073,-0.027739538071795522,0.00046938746326452563
540,160,0,4,False,True,,0.505010914651791,0.5225790613246063,0.5175677945781717,0.5002761939419915,-0.017568146672815255,-0.01255687992638066,-0.005011266746434595,0.0047347207097995225
541,160,1,4,False,True,,0.6036038491714,0.5831921745299442,0.5894380413868323,0.593540723053152,0.020411674641455768,0.014165807784567663,0.006245866856888105,0.010063126118248
542,160,2,4,False,False,,0.516167226699743,0.5009708001779593,0.45802658949982034,,0.015196426521783768,0.058140637199922685,-0.04294421067813892,
543,160,3,4,True,True,,0.8113945269680416,0.8111876950871456,0.8064603553714851,0.8103272434028982,0.0002068318808959857,0.004934171596556514,-0.004727339715660528,0.0010672835651434065
544,161,0,3,False,False,,0.47332272693757493,0.4568158287742933,0.44013558830429234,,0.016506898163281658,0.0331871386332826,-0.01668024047000094,
545,161,1,3,False,True,,0.7150176951992055,0.6779181945222099,0.6502864451568086,0.6992821645110234,0.037099500676995634,0.06473125004239699,-0.02763174936540136,0.01573553068818212
546,161,2,3,True,True,,0.8965579205891389,0.8936252789532914,0.8860812621109415,0.8969607617782196,0.0029326416358474994,0.010476658478197343,-0.007544016842349843,-0.0004028411890807382
547,162,0,3,False,True,,0.5261732930996815,0.5290163751717046,0.49804932648708145,0.4877099730911818,-0.0028430820720231065,0.028123966612600082,-0.03096704868462319,0.038463320008499724
548,162,1,3,False,True,,0.9034468893568032,0.6936290219890764,0.8869685563726812,0.901852744860753,0.20981786736772678,0.016478332984121935,0.19333953438360485,0.0015941444960502205
549,162,2,3,True,True,,0.9291353683229427,0.9292482117664626,0.9022126032515055,0.9305052654425768,-0.00011284344351980558,0.026922765071437205,-0.02703560851495701,-0.0013698971196340892
550,163,0,3,False,True,,0.46531695122431965,0.46650471096248014,0.48435609264350193,0.45424604106321126,-0.0011877597381604876,-0.01903914141918228,0.017851381681021794,0.011070910161108394
552,163,2,3,True,True,,0.8500959300514072,0.8403413913331133,0.846954663771546,0.8491671400995592,0.009754538718293904,0.00314126627986111,0.0066132724384327934,0.0009287899518479747
553,164,0,4,False,True,,0.4633585244938735,0.456765146750995,0.4771472457547404,0.48127642377097635,0.006593377742878492,-0.013788721260866887,0.02038209900374538,-0.017917899277102856
554,164,1,4,False,True,,0.5110634660842793,0.49898173436215876,0.4589103887111954,0.485621778836435,0.01208173172212057,0.052153077373083945,-0.040071345650963375,0.025441687247844347
556,164,3,4,True,True,,0.5960631610903248,0.5953115643939,0.4619014154622041,0.6040318265154373,0.0007515966964247722,0.13416174562812067,-0.1334101489316959,-0.007968665425112542
557,165,0,3,False,True,,0.44326865959655576,0.43441787546367505,0.44304133925763656,0.4401512255200787,0.008850784132880707,0.00022732033891920134,0.008623463793961506,0.003117434076477077
558,165,1,3,False,True,,0.6822285769196201,0.6815554032231264,0.6314822370228229,0.6817028013722306,0.0006731736964937785,0.05074633989679722,-0.05007316620030344,0.0005257755473895287
559,165,2,3,True,True,,0.8522114336550636,0.8503535133850684,0.8138745563070692,0.851731634039829,0.0018579202699952058,0.0383368773479944,-0.0364789570779992,0.00047979961523458847
560,166,0,4,False,True,,0.3039440534128622,0.27355464240437566,0.2543024131087472,0.3192893776703706,0.030389411008486522,0.049641640304115,-0.019252229295628476,-0.015345324257508397
561,166,1,4,False,True,,0.6736952277219614,0.6758328129834474,0.6825928517047556,0.6774685734098936,-0.002137585261485997,-0.008897623982794145,0.006760038721308148,-0.0037733456879321947
562,166,2,4,False,True,,0.4087976233442413,0.35417963853588386,0.4278394262429067,0.29141460138392816,0.054617984808357445,-0.019041802898665416,0.07365978770702286,0.11738302196031314
564,167,0,3,False,True,,0.46629954927267675,0.441417645612752,0.41555887009919235,0.4639139192201958,0.024881903659924764,0.050740679173484404,-0.02585877551355964,0.002385630052480936
565,167,1,3,False,True,,0.6893405844011684,0.6706263814206761,0.6805711481486209,0.6888272060295808,0.01871420298049231,0.008769436252547558,0.009944766727944754,0.0005133783715876028
566,167,2,3,True,True,,0.8457540142567643,0.8297207996338931,0.8079097073578809,0.8438695930245004,0.016033214622871217,0.037844306898883406,-0.02181109227601219,0.0018844212322639553
567,168,0,3,False,False,,0.5060176599199273,0.503304521504469,0.48657467260462517,,0.0027131384154582827,0.01944298731530214,-0.016729848899843858,
568,168,1,3,False,True,,0.799062827212795,0.7940032887440666,0.5334519224080764,0.7996243012275519,0.0050595384687284195,0.2656109048047186,-0.2605513663359902,-0.0005614740147569242
569,168,2,3,True,True,,0.838670709121715,0.8220693750127438,0.8115743005580838,0.8362243282438351,0.016601334108971244,0.02709640856363127,-0.010495074454660025,0.002446380877879961
570,169,0,3,False,True,,0.3971108527469289,0.40996959552781925,0.4067610634978422,0.442682102921885,-0.012858742780890331,-0.009650210750913268,-0.0032085320299770625,-0.04557125017495606
571,169,1,3,False,True,,0.8247490712619331,0.8097291735559977,0.7254529542763978,0.8087863772372775,0.01501989770593537,0.09929611698553531,-0.08427621927959994,0.015962694024655555
572,169,2,3,True,True,,0.9204670843491892,0.9186811812417641,0.9064201413862177,0.8880607775880708,0.001785903107425102,0.014046942962971487,-0.012261039855546385,0.03240630676111844
573,170,0,3,False,True,,0.5163527870942144,0.5227461367600178,0.5121852848923525,0.5065814843763503,-0.006393349665803405,0.004167502201861906,-0.01056085186766531,0.009771302717864083
574,170,1,3,False,True,,0.671561244176367,0.6059198522340723,0.7015758493022214,0.667701330955854,0.06564139194229468,-0.03001460512585441,0.09565599706814909,0.003859913220512934
575,170,2,3,True,True,,0.88863187696682,0.8827949681494809,0.860691514489608,0.8072711045982995,0.005836908817339115,0.02794036247721199,-0.022103453659872874,0.08136077236852046
576,171,0,3,False,True,,0.45687064709987424,0.44953020626063284,0.4330192336060025,0.46545277435810417,0.007340440839241402,0.023851413493871765,-0.016510972654630363,-0.008582127258229932
577,171,1,3,False,True,,0.7358724824454014,0.763100159539649,0.49840669098632284,0.7241634917109495,-0.02722767709424767,0.23746579145907853,-0.2646934685533262,0.011708990734451863
578,171,2,3,True,True,,0.8019251901456794,0.7903116473064689,0.8180221428389248,0.7888737036912704,0.011613542839210567,-0.016096952693245403,0.02771049553245597,0.013051486454409011
579,172,0,4,False,True,,0.5408614971250242,0.5371845054385566,0.5312342907305515,0.5305396241257156,0.0036769916864676233,0.009627206394472676,-0.005950214708005053,0.010321872999308535
580,172,1,4,False,True,,0.5565919783954545,0.537232328944768,0.529203994298713,0.554118696692485,0.019359649450686467,0.02738798409674148,-0.008028334646055013,0.0024732817029694543
581,172,2,4,False,True,,0.7135132584260615,0.6288794590872002,0.6848079274790795,0.6030316111021385,0.08463379933886128,0.02870533094698202,0.05592846839187926,0.11048164732392296
582,172,3,4,True,True,,0.8810192820557371,0.8816271408767788,0.8469404581005221,0.8025847256496638,-0.0006078588210417513,0.034078823955215,-0.03468668277625675,0.07843455640607333
583,173,0,3,False,True,,0.4838280516715346,0.482520333467142,0.4725360054671975,0.48261399037064817,0.0013077182043925717,0.011292046204337103,-0.009984327999944531,0.0012140613008864154
584,173,1,3,False,True,,0.8724899100139242,0.8724941476623972,0.6121135063498523,0.865049094382305,-4.237648473015554e-06,0.2603764036640719,-0.2603806413125449,0.007440815631619135
585,173,2,3,True,True,,0.8762776497711673,0.8731105358547574,0.8533982993461335,0.8753126170981766,0.0031671139164098916,0.02287935042503375,-0.01971223650862386,0.00096503267299064
586,174,0,4,False,True,,0.34960728656252793,0.34707797588902173,0.35168769231074704,0.3422349083802362,0.002529310673506202,-0.002080405748219105,0.004609716421725307,0.00737237818229175
587,174,1,4,False,True,,0.4424488528400347,0.4286874712402956,0.4381287268064738,0.4302540729387245,0.013761381599739109,0.0043201260335609115,0.009441255566178197,0.012194779901310238
589,174,3,4,True,True,,0.7685497880650168,0.7739055503846097,0.7860056877042282,0.7642493159971095,-0.005355762319592894,-0.017455899639211347,0.012100137319618454,0.0043004720679072905
590,175,0,3,False,True,,0.6303458071770359,0.62423488693151,0.6028690766551387,0.6458664365799087,0.006110920245525953,0.027476730521897252,-0.0213658102763713,-0.015520629402872799
591,175,1,3,False,True,,0.7690689856872991,0.7604027087823765,0.5407874671056655,0.7488960769022937,0.00866627690492261,0.2282815185816336,-0.21961524167671098,0.02017290878500544
593,176,0,3,False,False,,0.4511556375529803,0.4470714917550206,0.43086347962243776,,0.004084145797959737,0.020292157930542565,-0.016208012132582827,
594,176,1,3,False,True,,0.5918727537390067,0.598236998943395,0.5117036371865703,0.5886495832493627,-0.006364245204388275,0.08016911655243641,-0.08653336175682469,0.003223170489644045
595,176,2,3,True,True,,0.8187469973354532,0.8099981937453996,0.8090704043976977,0.7831227223980596,0.008748803590053589,0.009676592937755468,-0.0009277893477018795,0.03562427493739362
596,177,0,3,False,True,,0.48819726033299216,0.4940866044210816,0.46123649269134986,0.4701504447106463,-0.005889344088089443,0.02696076764164229,-0.032850111729731735,0.018046815622345835
597,177,1,3,False,True,,0.6346214826989515,0.575772639482337,0.48264342819331907,0.5630840773248857,0.05884884321661443,0.1519780545056324,-0.09312921128901797,0.07153740537406572
598,177,2,3,True,True,,0.8516429204148025,0.8018733337007028,0.8456986381463041,0.853033342361822,0.0497695867140997,0.005944282268498413,0.04382530444560129,-0.001390421947019549
599,178,0,3,False,False,,0.4395598744725319,0.4461015088304391,0.43496193747617573,,-0.006541634357907167,0.004597936996356189,-0.011139571354263356,
600,178,1,3,False,False,,0.7850278991534451,0.7859616352696683,0.775073280771156,,-0.0009337361162232716,0.00995461838228906,-0.010888354498512332,
601,178,2,3,True,False,,0.7825299664018861,0.7793551094370607,0.7633460905501112,,0.0031748569648254454,0.019183875851774945,-0.0160090188869495,
602,179,0,3,False,False,,0.30289352795986557,0.29040960709191455,0.3920089489189619,,0.012483920867951026,-0.0891154209590963,0.10159934182704733,
603,179,1,3,False,True,,0.49918494027663957,0.4573286200233656,0.4318605399119644,0.496431773757993,0.04185632025327396,0.06732440036467519,-0.025468080111401226,0.0027531665186465437
604,179,2,3,True,True,,0.8082030770222517,0.7925802526012046,0.8026608622709088,0.8015068238412852,0.015622824421047121,0.0055422147513428666,0.010080609669704255,0.006696253180966449
605,180,0,4,False,False,,0.3847612105627523,0.3232231560501886,0.33756986101092523,,0.06153805451256372,0.04719134955182708,0.014346704960736645,
606,180,1,4,False,False,,0.3199081609626773,0.31832410003192424,0.33485477317986295,,0.001584060930753084,-0.014946612217185629,0.016530673147938713,
608,180,3,4,True,True,,0.7776801199442517,0.7779694169640792,0.741973839322164,0.7691607732159476,-0.00028929701982749467,0.035706280622087694,-0.03599557764191519,0.008519346728304122
609,181,0,3,False,True,,0.4247718221989818,0.44028857778861624,0.40933687442889577,0.42944126023527107,-0.015516755589634446,0.015434947770086027,-0.030951703359720473,-0.004669438036289275
610,181,1,3,False,True,,0.8624096349763484,0.851351924176266,0.571125777690897,0.8517945505518447,0.011057710800082332,0.29128385728545136,-0.28022614648536903,0.010615084424503651
611,181,2,3,True,True,,0.9005880992101869,0.8947968664665177,0.8880906953918042,0.8805210224542062,0.005791232743669217,0.012497403818382713,-0.006706171074713496,0.02006707675598074
612,182,0,3,False,True,,0.4207118081686755,0.42853380819574555,0.39758618366215914,0.41891820980155503,-0.007822000027070064,0.02312562450651634,-0.030947624533586404,0.0017935983671204525
613,182,1,3,False,True,,0.8214610351835382,0.8194040581578903,0.7335755079569009,0.8231482518570128,0.002056977025647888,0.08788552722663734,-0.08582855020098945,-0.0016872166734746008
614,182,2,3,True,True,,0.8345917017432366,0.8312459596311487,0.8498367692414355,0.8357024205609189,0.003345742112087935,-0.015245067498198872,0.018590809610286807,-0.0011107188176823213
615,183,0,3,False,False,,0.5072124095768681,0.5098430417798062,0.48746328941564276,,-0.0026306322029381324,0.01974912016122532,-0.022379752364163452,
616,183,1,3,False,True,,0.7708064774438189,0.7599751126175445,0.6931678883549308,0.760646614137975,0.010831364826274448,0.0776385890888881,-0.06680722426261365,0.010159863305843952
617,183,2,3,True,True,,0.9055943282112631,0.9057596924060808,0.8936916499726705,0.8340903282742159,-0.0001653641948177187,0.01190267823859259,-0.012068042433410309,0.07150399993704715
619,184,1,4,False,True,,0.7256269368016023,0.7582832374342731,0.6265477395658916,0.7241988108407909,-0.032656300632670776,0.09907919723571068,-0.13173549786838146,0.0014281259608114327
620,184,2,4,False,True,,0.8135685375888201,0.7666311504721608,0.7840430053075909,0.7973899967609375,0.04693738711665929,0.029525532281229228,0.017411854835430063,0.016178540827882615
622,185,0,3,False,True,,0.6108216664481311,0.6055910734698207,0.6505109628260968,0.5986998244583072,0.005230592978310411,-0.0396892963779657,0.04491988935627611,0.012121841989823912
623,185,1,3,False,True,,0.8261561676936308,0.826688202811024,0.7244928035000047,0.8321705938937997,-0.0005320351173931925,0.1016633641936261,-0.10219539931101929,-0.006014426200168899
624,185,2,3,True,True,,0.8550294237822363,0.8505955843275089,0.8378640774334832,0.8611745388272894,0.004433839454727417,0.017165346348753108,-0.01273150689402569,-0.006145115045053107
625,186,0,3,False,False,,0.38319056836109183,0.3825806389298884,0.3380517163310431,,0.0006099294312034154,0.04513885203004875,-0.04452892259884533,
626,186,1,3,False,True,,0.8161142513580231,0.6121455241419136,0.5484084091067692,0.8158080071050983,0.20396872721610948,0.2677058422512538,-0.06373711503514434,0.0003062442529248033
627,186,2,3,True,True,,0.8596695162796286,0.8557231351184263,0.8609958075712338,0.8193221347386116,0.0039463811612022726,-0.0013262912916052194,0.005272672452807492,0.040347381541017024
629,187,1,3,False,True,,0.758357819755784,0.6651728462234884,0.620539161529231,0.7517222871794326,0.0931849735322956,0.13781865822655293,-0.044633684694257325,0.006635532576351411
630,187,2,3,True,True,,0.9136698632411101,0.913109195969688,0.9041725982411422,0.9073218853835436,0.0005606672714221217,0.009497264999967947,-0.008936597728545825,0.006347977857566467
631,188,0,3,False,False,,0.47252988205251556,0.4758805990959354,0.50448915572538,,-0.0033507170434198263,-0.03195927367286444,0.028608556629444615,
632,188,1,3,False,True,,0.6904360059878442,0.6888717493138087,0.6866688944090851,0.6804437504821343,0.0015642566740354802,0.003767111578759086,-0.0022028549047236057,0.009992255505709813
633,188,2,3,True,True,,0.7439796404235682,0.7480026014677348,0.6980228451582615,0.7462085402246904,-0.004022961044166551,0.045956795265306716,-0.04997975630947327,-0.002228899801122175
634,189,0,3,False,True,,0.3690600135943253,0.36465980563277434,0.36071477587670886,0.3691966763404518,0.004400207961550939,0.008345237717616416,-0.003945029756065477,-0.00013666274612650353
635,189,1,3,False,True,,0.8622651154997293,0.8538914724267923,0.8581655725824145,0.8629237447047511,0.008373643072936976,0.004099542917314736,0.00427410015562224,-0.000658629205021799
637,190,0,3,False,True,,0.48044116312894947,0.4471874593821782,0.42509227050104303,0.49429252530897355,0.03325370374677128,0.05534889262790643,-0.022095188881135153,-0.013851362180024085
638,190,1,3,False,True,,0.618304051709513,0.6380247347137091,0.4714547379622776,0.6147858494142744,-0.01972068300419616,0.14684931374723537,-0.16656999675143153,0.0035182022952385816
639,190,2,3,True,True,,0.8893586071969043,0.8675777651057248,0.8887249945423232,0.8646635299076886,0.021780842091179475,0.0006336126545810616,0.021147229436598414,0.024695077289215717
640,191,0,3,False,False,,0.30334164395758506,0.2972114657735146,0.28030267783313767,,0.006130178184070467,0.02303896612444739,-0.016908787940376924,
641,191,1,3,False,True,,0.7066817925951653,0.4649160597599456,0.6773042193879378,0.7385794123156285,0.24176573283521968,0.029377573207227448,0.21238815962799223,-0.03189761972046323
642,191,2,3,True,True,,0.7431386627950045,0.7431129230953009,0.7323626752688538,0.7426871542621195,2.5739699703652974e-05,0.010775987526150721,-0.010750247826447068,0.00045150853288500326
643,192,0,5,False,True,,0.5334102474773449,0.5313166566266194,0.540403638768813,0.5327895225862811,0.0020935908507254686,-0.006993391291468143,0.009086982142193611,0.0006207248910637952
644,192,1,5,False,True,,0.47981651041934786,0.4943194282098079,0.44324812375866396,0.4780222563463708,-0.014502917790460035,0.036568386660683905,-0.05107130445114394,0.001794254072977064
645,192,2,5,False,False,,0.6627849103951806,0.6189386207011165,0.7662629695327434,,0.04384628969406412,-0.1034780591375628,0.14732434883162693,
646,192,3,5,False,True,,0.7996975737936868,0.765024831233121,0.8081901901521367,0.5327821898980609,0.03467274256056574,-0.00849261635844989,0.04316535891901563,0.26691538389562586
647,192,4,5,True,False,,0.8620542244279891,0.8574922130762972,0.6991991449087479,,0.004562011351691875,0.16285507951924116,-0.1582930681675493,
649,193,1,3,False,True,,0.8201370925384677,0.6989599233559881,0.4889313766671876,0.8203177662075452,0.12117716918247956,0.33120571587128006,-0.2100285466888005,-0.00018067366907748017
650,193,2,3,True,True,,0.8755296643210881,0.8308558164886406,0.8641927469292657,0.8205390375919966,0.044673847832447544,0.01133691739182241,0.033336930440625134,0.054990626729091496
651,194,0,3,False,True,,0.46262011926542906,0.4558336176391379,0.46601330584541845,0.4742756095888532,0.006786501626291186,-0.0033931865799893823,0.010179688206280568,-0.011655490323424111
652,194,1,3,False,True,,0.7613712908634074,0.759196449265919,0.5946720683029154,0.7512910910218448,0.002174841597488375,0.16669922256049197,-0.1645243809630036,0.01008019984156261
653,194,2,3,True,True,,0.766943171122668,0.7593823138025503,0.7746277310753523,0.7727331867524264,0.0075608573201176865,-0.0076845599526843555,0.015245417272802042,-0.005790015629758449
654,195,0,3,False,True,,0.3288372032580798,0.3327440386401315,0.3390856631074649,0.319825940351649,-0.003906835382051721,-0.010248459849385105,0.006341624467333384,0.009011262906430784
655,195,1,3,False,True,,0.6227488122519534,0.46895361553711834,0.5059321786662502,0.6036301359314284,0.1537951967148351,0.11681663358570327,0.036978563129131836,0.019118676320524997
656,195,2,3,True,True,,0.753722156798045,0.752878527012094,0.7581865511289098,0.7455159013387693,0.0008436297859509834,-0.004464394330864763,0.005308024116815746,0.008206255459275669
657,196,0,3,False,True,,0.4304245538231168,0.4318282154108552,0.4212449812079587,0.42532636258655937,-0.001403661587738414,0.00917957261515806,-0.010583234202896474,0.0050981912365574145
658,196,1,3,False,True,,0.7781785470563073,0.7836896326856825,0.7686243189523779,0.7818157411451835,-0.00551108562937519,0.009554228103929363,-0.015065313733304553,-0.0036371940888761944
659,196,2,3,True,True,,0.8532619350925842,0.8493426521511626,0.8137542574446519,0.8529551108959109,0.003919282941421631,0.03950767764793228,-0.03558839470651065,0.0003068241966732721
660,197,0,3,False,True,,0.5341629863363742,0.5333588684552537,0.5612750109261644,0.5364518875169514,0.0008041178811204475,-0.02711202458979023,0.027916142470910676,-0.0022889011805772297
661,197,1,3,False,True,,0.6930675551752215,0.6839269632748849,0.6417368877637537,0.6845277463725644,0.009140591900336559,0.051330667411467745,-0.042190075511131186,0.008539808802657034
662,197,2,3,True,False,,0.9082930911045369,0.8880487605831628,0.9014369364166763,,0.020244330521374088,0.006856154687860605,0.013388175833513483,
663,198,0,4,False,False,,0.41199154690704587,0.40792441359086407,0.38340236806528577,,0.0040671333161818035,0.0285891788417601,-0.024522045525578295,
664,198,1,4,False,True,,0.4716486461421366,0.4682177768838139,0.43929975229452983,0.4638710283955416,0.0034308692583226996,0.03234889384760675,-0.028918024589284053,0.007777617746594967
665,198,2,4,False,True,,0.7033718912510725,0.5714475255317681,0.5933627378523942,0.5649678653459108,0.13192436571930433,0.11000915339867823,0.0219152123206261,0.13840402590516165
666,198,3,4,True,True,,0.8741375675591766,0.8353162949039057,0.8305543411734352,0.8466885458588639,0.03882127265527091,0.043583226385741414,-0.004761953730470503,0.027449021700312715
667,199,0,4,False,True,,0.506564483590145,0.5362539247317647,0.5381982115277643,0.5264087083768817,-0.029689441141619644,-0.031633727937619205,0.0019442867959995613,-0.01984422478673664
670,199,3,4,True,True,,0.8858591895213437,0.8781153784630196,0.802317462658074,0.8668725599701949,0.007743811058324113,0.08354172686326966,-0.07579791580494555,0.018986629551148826
