pair_id,template_id,layer,entity_a,entity_b,lp_a_h0,lp_b_h0,D_0,t2c_D_a,t2c_D_b,t2c_D_0,error,n_tok_a,n_tok_b,lp_a_ha,lp_b_ha,lp_a_hb,lp_b_hb,D_a,D_b,donor,D_a_cen,D_b_cen
0,0,16,Paris,Lyon,-15.683979034423828,-19.824604034423828,4.140625,11.171875,8.71875,4.140625,,1,1,-8.043573379516602,-19.5318546295166,-9.814163208007812,-19.411819458007812,11.48828125,9.59765625,1.890625,7.34765625,5.45703125
0,0,20,Paris,Lyon,-15.683979034423828,-19.824604034423828,4.140625,11.171875,8.71875,4.140625,,1,1,-6.684017181396484,-17.855892181396484,-8.720623016357422,-17.439373016357422,11.171875,8.71875,2.453125,7.03125,4.578125
0,0,24,Paris,Lyon,-15.683979034423828,-19.824604034423828,4.140625,11.171875,8.71875,4.140625,,1,1,-2.2971487045288086,-15.859648704528809,-3.1511764526367188,-12.838676452636719,13.5625,9.6875,3.875,9.421875,5.546875
0,0,27,Paris,Lyon,-15.683979034423828,-19.824604034423828,4.140625,11.171875,8.71875,4.140625,,1,1,-9.200851440429688,-18.513351440429688,-6.5947041511535645,-16.032203674316406,9.3125,9.437499523162842,-0.1249995231628418,5.171875,5.296874523162842
1,0,16,Rome,Milan,-14.512104034423828,-17.465229034423828,2.953125,3.25,2.999999523162842,2.953125,,1,1,-7.87747859954834,-12.53372859954834,-8.863286018371582,-12.863286018371582,4.65625,4.0,0.65625,1.703125,1.046875
1,0,20,Rome,Milan,-14.512104034423828,-17.465229034423828,2.953125,3.25,2.999999523162842,2.953125,,1,1,-8.128131866455078,-11.378131866455078,-7.496885776519775,-10.496885299682617,3.25,2.999999523162842,0.2500004768371582,0.296875,0.0468745231628418
1,0,24,Rome,Milan,-14.512104034423828,-17.465229034423828,2.953125,3.25,2.999999523162842,2.953125,,1,1,-2.309892177581787,-10.059891700744629,-2.989318370819092,-7.426818370819092,7.749999523162842,4.4375,3.312499523162842,4.796874523162842,1.484375
1,0,27,Rome,Milan,-14.512104034423828,-17.465229034423828,2.953125,3.25,2.999999523162842,2.953125,,1,1,-9.44572639465332,-12.57072639465332,-9.46371078491211,-11.27621078491211,3.125,1.8125,1.3125,0.171875,-1.140625
2,0,16,Madrid,Lisbon,-19.086322784423828,-17.906635284423828,-1.1796875,0.9375,-0.4375,-1.1796875,,1,1,-10.619283676147461,-11.369283676147461,-9.06784439086914,-8.19284439086914,0.75,-0.875,1.625,1.9296875,0.3046875
2,0,20,Madrid,Lisbon,-19.086322784423828,-17.906635284423828,-1.1796875,0.9375,-0.4375,-1.1796875,,1,1,-8.570579528808594,-9.508079528808594,-8.421417236328125,-7.983917236328125,0.9375,-0.4375,1.375,2.1171875,0.7421875
2,0,24,Madrid,Lisbon,-19.086322784423828,-17.906635284423828,-1.1796875,0.9375,-0.4375,-1.1796875,,1,1,-4.902043342590332,-10.589543342590332,-6.746199131011963,-2.746199131011963,5.6875,-4.0,9.6875,6.8671875,-2.8203125
2,0,27,Madrid,Lisbon,-19.086322784423828,-17.906635284423828,-1.1796875,0.9375,-0.4375,-1.1796875,,1,1,-7.827329635620117,-9.327329635620117,-11.22707462310791,-10.78957462310791,1.5,-0.4375,1.9375,2.6796875,0.7421875
3,0,16,Berlin,Munich,-14.387104034423828,-15.855854034423828,1.46875,4.1875,3.375,1.46875,,1,1,-8.741211891174316,-12.991211891174316,-8.663071632385254,-12.569321632385254,4.25,3.90625,0.34375,2.78125,2.4375
3,0,20,Berlin,Munich,-14.387104034423828,-15.855854034423828,1.46875,4.1875,3.375,1.46875,,1,1,-6.38255500793457,-10.57005500793457,-7.061931610107422,-10.436931610107422,4.1875,3.375,0.8125,2.71875,1.90625
3,0,24,Berlin,Munich,-14.387104034423828,-15.855854034423828,1.46875,4.1875,3.375,1.46875,,1,1,-2.4025163650512695,-6.2775163650512695,-3.7312192916870117,-3.4812192916870117,3.875,-0.25,4.125,2.40625,-1.71875
3,0,27,Berlin,Munich,-14.387104034423828,-15.855854034423828,1.46875,4.1875,3.375,1.46875,,1,1,-7.920194625854492,-10.232694625854492,-8.148323059082031,-8.648323059082031,2.3125,0.5,1.8125,0.84375,-0.96875
4,1,16,flour,sugar,-19.191022872924805,-18.218366622924805,-0.97265625,-2.46875,-3.5312509536743164,-0.97265625,,1,1,-16.677322387695312,-14.896073341369629,-17.72271728515625,-15.394593238830566,-1.7812490463256836,-2.3281240463256836,0.546875,-0.8085927963256836,-1.3554677963256836
4,1,20,flour,sugar,-19.191022872924805,-18.218366622924805,-0.97265625,-2.46875,-3.5312509536743164,-0.97265625,,1,1,-17.483779907226562,-15.015029907226562,-17.93162727355957,-14.400376319885254,-2.46875,-3.5312509536743164,1.0625009536743164,-1.49609375,-2.5585947036743164
4,1,24,flour,sugar,-19.191022872924805,-18.218366622924805,-0.97265625,-2.46875,-3.5312509536743164,-0.97265625,,1,1,-18.173057556152344,-16.141807556152344,-20.088428497314453,-15.400928497314453,-2.03125,-4.6875,2.65625,-1.05859375,-3.71484375
4,1,27,flour,sugar,-19.191022872924805,-18.218366622924805,-0.97265625,-2.46875,-3.5312509536743164,-0.97265625,,1,1,-19.93457794189453,-19.65332794189453,-20.84848403930664,-18.53598403930664,-0.28125,-2.3125,2.03125,0.69140625,-1.33984375
5,1,16,rice,milk,-17.019147872924805,-17.230085372924805,0.2109375,0.1250009536743164,-2.8281240463256836,0.2109375,,1,1,-12.96536922454834,-14.27786922454834,-18.371963500976562,-14.403214454650879,1.3125,-3.9687490463256836,5.281249046325684,1.1015625,-4.179686546325684
5,1,20,rice,milk,-17.019147872924805,-17.230085372924805,0.2109375,0.1250009536743164,-2.8281240463256836,0.2109375,,1,1,-15.901776313781738,-16.026777267456055,-18.274307250976562,-15.446183204650879,0.1250009536743164,-2.8281240463256836,2.953125,-0.0859365463256836,-3.0390615463256836
5,1,24,rice,milk,-17.019147872924805,-17.230085372924805,0.2109375,0.1250009536743164,-2.8281240463256836,0.2109375,,1,1,-16.85157585144043,-18.02345085144043,-19.826004028320312,-17.294754028320312,1.171875,-2.53125,3.703125,0.9609375,-2.7421875
5,1,27,rice,milk,-17.019147872924805,-17.230085372924805,0.2109375,0.1250009536743164,-2.8281240463256836,0.2109375,,1,1,-17.181123733520508,-19.884248733520508,-17.96367073059082,-19.01054573059082,2.703125,1.046875,1.65625,2.4921875,0.8359375
6,1,16,butter,cream,-18.301374435424805,-19.007429122924805,0.7060546875,2.0078125,1.640625,0.7060546875,,1,1,-18.12476348876953,-18.42163848876953,-18.549833297729492,-18.987333297729492,0.296875,0.4375,-0.140625,-0.4091796875,-0.2685546875
6,1,20,butter,cream,-18.301374435424805,-19.007429122924805,0.7060546875,2.0078125,1.640625,0.7060546875,,1,1,-18.39986228942871,-20.40767478942871,-17.05744171142578,-18.69806671142578,2.0078125,1.640625,0.3671875,1.3017578125,0.9345703125
6,1,24,butter,cream,-18.301374435424805,-19.007429122924805,0.7060546875,2.0078125,1.640625,0.7060546875,,1,1,-19.704479217529297,-20.587291717529297,-17.82813262939453,-18.67188262939453,0.8828125,0.84375,0.0390625,0.1767578125,0.1376953125
6,1,27,butter,cream,-18.301374435424805,-19.007429122924805,0.7060546875,2.0078125,1.640625,0.7060546875,,1,1,-21.8658390045166,-23.0162296295166,-21.584077835083008,-22.990327835083008,1.150390625,1.40625,-0.255859375,0.4443359375,0.7001953125
7,1,16,water,wine,-15.120711326599121,-15.480086326599121,0.359375,1.2187490463256836,-1.8125,0.359375,,1,1,-14.854717254638672,-15.135967254638672,-15.167729377746582,-14.011479377746582,0.28125,-1.15625,1.4375,-0.078125,-1.515625
7,1,20,water,wine,-15.120711326599121,-15.480086326599121,0.359375,1.2187490463256836,-1.8125,0.359375,,1,1,-15.573180198669434,-16.791929244995117,-15.437140464782715,-13.624640464782715,1.2187490463256836,-1.8125,3.0312490463256836,0.8593740463256836,-2.171875
7,1,24,water,wine,-15.120711326599121,-15.480086326599121,0.359375,1.2187490463256836,-1.8125,0.359375,,1,1,-17.60462760925293,-17.91712760925293,-17.908334732055664,-13.908334732055664,0.3125,-4.0,4.3125,-0.046875,-4.359375
7,1,27,water,wine,-15.120711326599121,-15.480086326599121,0.359375,1.2187490463256836,-1.8125,0.359375,,1,1,-18.59490203857422,-18.53240203857422,-18.536483764648438,-17.223983764648438,-0.0625,-1.3125,1.25,-0.421875,-1.671875
8,2,16,Monday,Friday,-18.794374465942383,-17.403749465942383,-1.390625,0.6875,0.6875,-1.390625,,1,1,-17.104976654052734,-17.479976654052734,-16.809490203857422,-17.184490203857422,0.375,0.375,0.0,1.765625,1.765625
8,2,20,Monday,Friday,-18.794374465942383,-17.403749465942383,-1.390625,0.6875,0.6875,-1.390625,,1,1,-13.869365692138672,-14.556865692138672,-13.55278205871582,-14.24028205871582,0.6875,0.6875,0.0,2.078125,2.078125
8,2,24,Monday,Friday,-18.794374465942383,-17.403749465942383,-1.390625,0.6875,0.6875,-1.390625,,1,1,-12.775484085083008,-13.494234085083008,-12.124238014221191,-12.936738014221191,0.71875,0.8125,-0.09375,2.109375,2.203125
8,2,27,Monday,Friday,-18.794374465942383,-17.403749465942383,-1.390625,0.6875,0.6875,-1.390625,,1,1,-15.456793785095215,-15.925543785095215,-15.639482498168945,-15.951982498168945,0.46875,0.3125,0.15625,1.859375,1.703125
9,2,16,Tuesday,Thursday,-18.075624465942383,-18.513124465942383,0.4375,0.5,0.5,0.4375,,1,1,-17.58531951904297,-18.02281951904297,-17.934640884399414,-18.403390884399414,0.4375,0.46875,-0.03125,0.0,0.03125
9,2,20,Tuesday,Thursday,-18.075624465942383,-18.513124465942383,0.4375,0.5,0.5,0.4375,,1,1,-13.885502815246582,-14.385502815246582,-14.325787544250488,-14.825787544250488,0.5,0.5,0.0,0.0625,0.0625
9,2,24,Tuesday,Thursday,-18.075624465942383,-18.513124465942383,0.4375,0.5,0.5,0.4375,,1,1,-13.761382102966309,-13.730132102966309,-13.70098876953125,-13.63848876953125,-0.03125,-0.0625,0.03125,-0.46875,-0.5
9,2,27,Tuesday,Thursday,-18.075624465942383,-18.513124465942383,0.4375,0.5,0.5,0.4375,,1,1,-15.646060943603516,-15.302310943603516,-16.01349449157715,-15.607244491577148,-0.34375,-0.40625,0.0625,-0.78125,-0.84375
10,2,16,March,April,-14.6693754196167,-15.3568754196167,0.6875,-0.875,-0.875,0.6875,,1,1,-16.94951057434082,-16.29326057434082,-16.482881546020508,-15.670382499694824,-0.65625,-0.8124990463256836,0.1562490463256836,-1.34375,-1.4999990463256836
10,2,20,March,April,-14.6693754196167,-15.3568754196167,0.6875,-0.875,-0.875,0.6875,,1,1,-13.114697456359863,-12.239697456359863,-13.043972969055176,-12.168972969055176,-0.875,-0.875,0.0,-1.5625,-1.5625
10,2,24,March,April,-14.6693754196167,-15.3568754196167,0.6875,-0.875,-0.875,0.6875,,1,1,-13.581574440002441,-12.800324440002441,-13.888609886169434,-13.138609886169434,-0.78125,-0.75,-0.03125,-1.46875,-1.4375
10,2,27,March,April,-14.6693754196167,-15.3568754196167,0.6875,-0.875,-0.875,0.6875,,1,1,-16.29886245727539,-16.20511245727539,-15.981369018554688,-15.856369018554688,-0.09375,-0.125,0.03125,-0.78125,-0.8125
11,2,16,noon,dusk,-16.216249465942383,-20.806093215942383,4.58984375,5.078125,2.765625,4.58984375,,1,1,-17.679975509643555,-20.164350509643555,-18.2327938079834,-20.0765438079834,2.484375,1.84375,0.640625,-2.10546875,-2.74609375
11,2,20,noon,dusk,-16.216249465942383,-20.806093215942383,4.58984375,5.078125,2.765625,4.58984375,,1,1,-14.331136703491211,-19.40926170349121,-15.388498306274414,-18.154123306274414,5.078125,2.765625,2.3125,0.48828125,-1.82421875
11,2,24,noon,dusk,-16.216249465942383,-20.806093215942383,4.58984375,5.078125,2.765625,4.58984375,,1,1,-13.101378440856934,-17.413877487182617,-14.58575439453125,-16.86700439453125,4.312499046325684,2.28125,2.0312490463256836,-0.2773447036743164,-2.30859375
11,2,27,noon,dusk,-16.216249465942383,-20.806093215942383,4.58984375,5.078125,2.765625,4.58984375,,1,1,-16.261987686157227,-22.246362686157227,-15.848114013671875,-21.168426513671875,5.984375,5.3203125,0.6640625,1.39453125,0.73046875
12,3,16,violin,guitar,-22.096054077148438,-19.105331420898438,-2.99072265625,-3.4609375,-3.30078125,-2.99072265625,,1,1,-22.985097885131836,-18.860097885131836,-22.81914520263672,-18.70977020263672,-4.125,-4.109375,-0.015625,-1.13427734375,-1.11865234375
12,3,20,violin,guitar,-22.096054077148438,-19.105331420898438,-2.99072265625,-3.4609375,-3.30078125,-2.99072265625,,1,1,-23.723644256591797,-20.262706756591797,-23.721975326538086,-20.421194076538086,-3.4609375,-3.30078125,-0.16015625,-0.47021484375,-0.31005859375
12,3,24,violin,guitar,-22.096054077148438,-19.105331420898438,-2.99072265625,-3.4609375,-3.30078125,-2.99072265625,,1,1,-23.006267547607422,-18.475017547607422,-22.148681640625,-17.179931640625,-4.53125,-4.96875,0.4375,-1.54052734375,-1.97802734375
12,3,27,violin,guitar,-22.096054077148438,-19.105331420898438,-2.99072265625,-3.4609375,-3.30078125,-2.99072265625,,1,1,-22.5992488861084,-18.7867488861084,-21.617094039916992,-17.195219039916992,-3.8125,-4.421875,0.609375,-0.82177734375,-1.43115234375
13,3,16,flute,horn,-22.705429077148438,-21.783554077148438,-0.921875,0.970703125,0.802734375,-0.921875,,1,1,-20.31675910949707,-22.37535285949707,-20.11863899230957,-22.15379524230957,2.05859375,2.03515625,0.0234375,2.98046875,2.95703125
13,3,20,flute,horn,-22.705429077148438,-21.783554077148438,-0.921875,0.970703125,0.802734375,-0.921875,,1,1,-22.055267333984375,-23.025970458984375,-21.536270141601562,-22.339004516601562,0.970703125,0.802734375,0.16796875,1.892578125,1.724609375
13,3,24,flute,horn,-22.705429077148438,-21.783554077148438,-0.921875,0.970703125,0.802734375,-0.921875,,1,1,-23.46875762939453,-24.39063262939453,-22.08679962158203,-23.61804962158203,0.921875,1.53125,-0.609375,1.84375,2.453125
13,3,27,flute,horn,-22.705429077148438,-21.783554077148438,-0.921875,0.970703125,0.802734375,-0.921875,,1,1,-23.906198501586914,-25.738229751586914,-21.93718910217285,-24.39812660217285,1.83203125,2.4609375,-0.62890625,2.75390625,3.3828125
14,3,16,piano,drums,-20.471054077148438,-22.533554077148438,2.0625,3.044921875,2.828125,2.0625,,1,1,-19.553714752197266,-22.006839752197266,-19.47951316833496,-22.05763816833496,2.453125,2.578125,-0.125,0.390625,0.515625
14,3,20,piano,drums,-20.471054077148438,-22.533554077148438,2.0625,3.044921875,2.828125,2.0625,,1,1,-20.394596099853516,-23.439517974853516,-20.897968292236328,-23.726093292236328,3.044921875,2.828125,0.216796875,0.982421875,0.765625
14,3,24,piano,drums,-20.471054077148438,-22.533554077148438,2.0625,3.044921875,2.828125,2.0625,,1,1,-16.439485549926758,-23.408235549926758,-18.152244567871094,-24.495994567871094,6.96875,6.34375,0.625,4.90625,4.28125
14,3,27,piano,drums,-20.471054077148438,-22.533554077148438,2.0625,3.044921875,2.828125,2.0625,,1,1,-17.111967086791992,-24.246732711791992,-17.58965492248535,-24.65996742248535,7.134765625,7.0703125,0.064453125,5.072265625,5.0078125
15,3,16,trumpet,organ,-22.033554077148438,-18.482772827148438,-3.55078125,-4.40625,-4.06640625,-3.55078125,,1,1,-23.398353576660156,-18.718666076660156,-23.079931259155273,-18.470556259155273,-4.6796875,-4.609375,-0.0703125,-1.12890625,-1.05859375
15,3,20,trumpet,organ,-22.033554077148438,-18.482772827148438,-3.55078125,-4.40625,-4.06640625,-3.55078125,,1,1,-23.909543991088867,-19.503293991088867,-23.422658920288086,-19.356252670288086,-4.40625,-4.06640625,-0.33984375,-0.85546875,-0.515625
15,3,24,trumpet,organ,-22.033554077148438,-18.482772827148438,-3.55078125,-4.40625,-4.06640625,-3.55078125,,1,1,-24.620393753051758,-21.448518753051758,-22.81381607055664,-20.79819107055664,-3.171875,-2.015625,-1.15625,0.37890625,1.53515625
15,3,27,trumpet,organ,-22.033554077148438,-18.482772827148438,-3.55078125,-4.40625,-4.06640625,-3.55078125,,1,1,-25.004425048828125,-19.090362548828125,-23.204957962036133,-17.634645462036133,-5.9140625,-5.5703125,-0.34375,-2.36328125,-2.01953125
16,4,16,gold,iron,-17.26695442199707,-18.16148567199707,0.89453125,2.3281240463256836,2.546875,0.89453125,,1,1,-15.338857650756836,-16.213857650756836,-15.233368873596191,-16.420869827270508,0.875,1.1875009536743164,-0.3125009536743164,-0.01953125,0.2929697036743164
16,4,20,gold,iron,-17.26695442199707,-18.16148567199707,0.89453125,2.3281240463256836,2.546875,0.89453125,,1,1,-14.714329719543457,-17.04245376586914,-14.010957717895508,-16.557832717895508,2.3281240463256836,2.546875,-0.2187509536743164,1.4335927963256836,1.65234375
16,4,24,gold,iron,-17.26695442199707,-18.16148567199707,0.89453125,2.3281240463256836,2.546875,0.89453125,,1,1,-12.661133766174316,-16.1142578125,-12.370512962341309,-16.222074508666992,3.4531240463256836,3.8515615463256836,-0.3984375,2.5585927963256836,2.9570302963256836
16,4,27,gold,iron,-17.26695442199707,-18.16148567199707,0.89453125,2.3281240463256836,2.546875,0.89453125,,1,1,-18.15534782409668,-21.17487907409668,-17.606782913208008,-19.802095413208008,3.01953125,2.1953125,0.82421875,2.125,1.30078125
17,4,16,silver,copper,-19.38414192199707,-18.89000129699707,-0.494140625,1.0,0.5625,-0.494140625,,1,1,-16.38741683959961,-18.05929183959961,-16.610858917236328,-18.040546417236328,1.671875,1.4296875,0.2421875,2.166015625,1.923828125
17,4,20,silver,copper,-19.38414192199707,-18.89000129699707,-0.494140625,1.0,0.5625,-0.494140625,,1,1,-16.44822120666504,-17.44822120666504,-17.062219619750977,-17.624719619750977,1.0,0.5625,0.4375,1.494140625,1.056640625
17,4,24,silver,copper,-19.38414192199707,-18.89000129699707,-0.494140625,1.0,0.5625,-0.494140625,,1,1,-14.362166404724121,-15.502791404724121,-14.002998352050781,-15.346748352050781,1.140625,1.34375,-0.203125,1.634765625,1.837890625
17,4,27,silver,copper,-19.38414192199707,-18.89000129699707,-0.494140625,1.0,0.5625,-0.494140625,,1,1,-19.61271095275879,-20.15567970275879,-20.236614227294922,-20.056926727294922,0.54296875,-0.1796875,0.72265625,1.037109375,0.314453125
18,4,16,platinum,bronze,-20.36070442199707,-17.70445442199707,-2.65625,-0.234375,-1.679443359375,-2.65625,,1,1,-17.630115509033203,-18.833240509033203,-17.622163772583008,-18.340913772583008,1.203125,0.71875,0.484375,3.859375,3.375
18,4,20,platinum,bronze,-20.36070442199707,-17.70445442199707,-2.65625,-0.234375,-1.679443359375,-2.65625,,1,1,-18.48723030090332,-18.25285530090332,-19.60070037841797,-17.92125701904297,-0.234375,-1.679443359375,1.445068359375,2.421875,0.976806640625
18,4,24,platinum,bronze,-20.36070442199707,-17.70445442199707,-2.65625,-0.234375,-1.679443359375,-2.65625,,1,1,-17.19559097290039,-17.14871597290039,-17.899192810058594,-16.371849060058594,-0.046875,-1.52734375,1.48046875,2.609375,1.12890625
18,4,27,platinum,bronze,-20.36070442199707,-17.70445442199707,-2.65625,-0.234375,-1.679443359375,-2.65625,,1,1,-20.0340633392334,-20.2918758392334,-20.46381950378418,-20.45796012878418,0.2578125,-0.005859375,0.263671875,2.9140625,2.650390625
19,4,16,steel,brass,-16.38414192199707,-19.65757942199707,3.2734375,-1.9921875,-1.9453125,3.2734375,,1,1,-17.391170501708984,-16.172420501708984,-17.7842960357666,-16.6124210357666,-1.21875,-1.171875,-0.046875,-4.4921875,-4.4453125
19,4,20,steel,brass,-16.38414192199707,-19.65757942199707,3.2734375,-1.9921875,-1.9453125,3.2734375,,1,1,-17.168212890625,-15.176025390625,-17.790794372558594,-15.845481872558594,-1.9921875,-1.9453125,-0.046875,-5.265625,-5.21875
19,4,24,steel,brass,-16.38414192199707,-19.65757942199707,3.2734375,-1.9921875,-1.9453125,3.2734375,,1,1,-17.29522132873535,-15.412408828735352,-17.17943000793457,-15.030993461608887,-1.8828125,-2.1484365463256836,0.2656240463256836,-5.15625,-5.421874046325684
19,4,27,steel,brass,-16.38414192199707,-19.65757942199707,3.2734375,-1.9921875,-1.9453125,3.2734375,,1,1,-19.24892234802246,-20.97157859802246,-18.689908981323242,-20.084440231323242,1.72265625,1.39453125,0.328125,-1.55078125,-1.87890625
20,5,16,London,Tokyo,-17.137104034423828,-17.340229034423828,0.203125,3.3007802963256836,-6.0703125,0.203125,,1,1,-13.328959465026855,-16.60239601135254,-16.08518409729004,-10.710184097290039,3.2734365463256836,-5.375,8.648436546325684,3.0703115463256836,-5.578125
20,5,20,London,Tokyo,-17.137104034423828,-17.340229034423828,0.203125,3.3007802963256836,-6.0703125,0.203125,,1,1,-14.648966789245605,-17.94974708557129,-18.158790588378906,-12.088478088378906,3.3007802963256836,-6.0703125,9.371092796325684,3.0976552963256836,-6.2734375
20,5,24,London,Tokyo,-17.137104034423828,-17.340229034423828,0.203125,3.3007802963256836,-6.0703125,0.203125,,1,1,-10.952550888061523,-18.327550888061523,-18.646730422973633,-11.717042922973633,7.375,-6.9296875,14.3046875,7.171875,-7.1328125
20,5,27,London,Tokyo,-17.137104034423828,-17.340229034423828,0.203125,3.3007802963256836,-6.0703125,0.203125,,1,1,-15.71728801727295,-19.604007720947266,-18.13267707824707,-15.97642707824707,3.8867197036743164,-2.15625,6.042969703674316,3.6835947036743164,-2.359375
21,5,16,Moscow,Cairo,-18.812885284423828,-18.867572784423828,0.0546875,8.505860328674316,-6.44384765625,0.0546875,,1,1,-10.21042537689209,-14.14792537689209,-16.457792282104492,-10.778104782104492,3.9375,-5.6796875,9.6171875,3.8828125,-5.734375
21,5,20,Moscow,Cairo,-18.812885284423828,-18.867572784423828,0.0546875,8.505860328674316,-6.44384765625,0.0546875,,1,1,-10.181912422180176,-18.687772750854492,-18.628620147705078,-12.184772491455078,8.505860328674316,-6.44384765625,14.949707984924316,8.451172828674316,-6.49853515625
21,5,24,Moscow,Cairo,-18.812885284423828,-18.867572784423828,0.0546875,8.505860328674316,-6.44384765625,0.0546875,,1,1,-9.946303367614746,-20.04005241394043,-18.99869155883789,-12.235997200012207,10.093749046325684,-6.762694358825684,16.856443405151367,10.039061546325684,-6.817381858825684
21,5,27,Moscow,Cairo,-18.812885284423828,-18.867572784423828,0.0546875,8.505860328674316,-6.44384765625,0.0546875,,1,1,-16.669353485107422,-16.966228485107422,-19.895587921142578,-14.546954154968262,0.296875,-5.348633766174316,5.645508766174316,0.2421875,-5.403321266174316
22,5,16,Boston,Denver,-16.215229034423828,-21.527729034423828,5.3125,0.958984375,-0.0390625,5.3125,,1,1,-17.030778884887695,-19.097185134887695,-17.23732566833496,-18.08327293395996,2.06640625,0.845947265625,1.220458984375,-3.24609375,-4.466552734375
22,5,20,Boston,Denver,-16.215229034423828,-21.527729034423828,5.3125,0.958984375,-0.0390625,5.3125,,1,1,-18.59202766418457,-19.55101203918457,-18.31606674194336,-18.27700424194336,0.958984375,-0.0390625,0.998046875,-4.353515625,-5.3515625
22,5,24,Boston,Denver,-16.215229034423828,-21.527729034423828,5.3125,0.958984375,-0.0390625,5.3125,,1,1,-19.1519832611084,-19.3863582611084,-20.155248641967773,-18.89252281188965,0.234375,-1.262725830078125,1.497100830078125,-5.078125,-6.575225830078125
22,5,27,Boston,Denver,-16.215229034423828,-21.527729034423828,5.3125,0.958984375,-0.0390625,5.3125,,1,1,-17.82386589050293,-21.14613151550293,-18.817304611206055,-21.429609298706055,3.322265625,2.6123046875,0.7099609375,-1.990234375,-2.7001953125
23,5,16,Sydney,Dublin,-18.264057159423828,-15.730854034423828,-2.533203125,-2.2460927963256836,-6.363282203674316,-2.533203125,,1,1,-16.66668701171875,-13.83074951171875,-16.35405731201172,-11.025933265686035,-2.8359375,-5.328124046325684,2.4921865463256836,-0.302734375,-2.7949209213256836
23,5,20,Sydney,Dublin,-18.264057159423828,-15.730854034423828,-2.533203125,-2.2460927963256836,-6.363282203674316,-2.533203125,,1,1,-17.944828033447266,-15.698735237121582,-18.37300682067871,-12.009724617004395,-2.2460927963256836,-6.363282203674316,4.117189407348633,0.2871103286743164,-3.8300790786743164
23,5,24,Sydney,Dublin,-18.264057159423828,-15.730854034423828,-2.533203125,-2.2460927963256836,-6.363282203674316,-2.533203125,,1,1,-13.091596603393555,-17.990034103393555,-17.469717025756836,-14.04784107208252,4.8984375,-3.4218759536743164,8.320313453674316,7.431640625,-0.8886728286743164
23,5,27,Sydney,Dublin,-18.264057159423828,-15.730854034423828,-2.533203125,-2.2460927963256836,-6.363282203674316,-2.533203125,,1,1,-18.676952362060547,-16.348827362060547,-18.100746154785156,-13.06168270111084,-2.328125,-5.039063453674316,2.7109384536743164,0.205078125,-2.5058603286743164
24,6,16,asthma,diabetes,-18.3505859375,-16.685546875,-1.6650390625,-2.0625,-2.8125,-1.6650390625,,1,1,-16.574565887451172,-13.199565887451172,-16.972869873046875,-12.957244873046875,-3.375,-4.015625,0.640625,-1.7099609375,-2.3505859375
24,6,20,asthma,diabetes,-18.3505859375,-16.685546875,-1.6650390625,-2.0625,-2.8125,-1.6650390625,,1,1,-17.1540470123291,-15.091547012329102,-16.92525291442871,-14.112752914428711,-2.0625,-2.8125,0.75,-0.3974609375,-1.1474609375
24,6,24,asthma,diabetes,-18.3505859375,-16.685546875,-1.6650390625,-2.0625,-2.8125,-1.6650390625,,1,1,-16.67646598815918,-15.332715034484863,-16.84778594970703,-13.191536903381348,-1.3437509536743164,-3.6562490463256836,2.312498092651367,0.3212881088256836,-1.9912099838256836
24,6,27,asthma,diabetes,-18.3505859375,-16.685546875,-1.6650390625,-2.0625,-2.8125,-1.6650390625,,1,1,-17.696577072143555,-16.134077072143555,-18.21870231628418,-16.28120231628418,-1.5625,-1.9375,0.375,0.1025390625,-0.2724609375
25,6,16,cancer,arthritis,-15.177734375,-18.583984375,3.40625,6.046875,3.625,3.40625,,1,1,-13.764674186706543,-17.108423233032227,-14.391244888305664,-16.359994888305664,3.3437490463256836,1.96875,1.3749990463256836,-0.0625009536743164,-1.4375
25,6,20,cancer,arthritis,-15.177734375,-18.583984375,3.40625,6.046875,3.625,3.40625,,1,1,-12.065216064453125,-18.112091064453125,-14.003952026367188,-17.628952026367188,6.046875,3.625,2.421875,2.640625,0.21875
25,6,24,cancer,arthritis,-15.177734375,-18.583984375,3.40625,6.046875,3.625,3.40625,,1,1,-13.906780242919922,-18.953655242919922,-14.042499542236328,-17.479999542236328,5.046875,3.4375,1.609375,1.640625,0.03125
25,6,27,cancer,arthritis,-15.177734375,-18.583984375,3.40625,6.046875,3.625,3.40625,,1,1,-17.08976936340332,-20.85539436340332,-16.476993560791016,-19.601993560791016,3.765625,3.125,0.640625,0.359375,-0.28125
26,6,16,malaria,pneumonia,-17.029296875,-16.951171875,-0.078125,-0.53125,-1.46875,-0.078125,,1,1,-12.976289749145508,-14.320039749145508,-13.836904525756836,-14.618154525756836,1.34375,0.78125,0.5625,1.421875,0.859375
26,6,20,malaria,pneumonia,-17.029296875,-16.951171875,-0.078125,-0.53125,-1.46875,-0.078125,,1,1,-14.644733428955078,-14.113483428955078,-15.69127082824707,-14.22252082824707,-0.53125,-1.46875,0.9375,-0.453125,-1.390625
26,6,24,malaria,pneumonia,-17.029296875,-16.951171875,-0.078125,-0.53125,-1.46875,-0.078125,,1,1,-14.646368980407715,-15.427618980407715,-16.43944549560547,-15.408196449279785,0.78125,-1.0312490463256836,1.8124990463256836,0.859375,-0.9531240463256836
26,6,27,malaria,pneumonia,-17.029296875,-16.951171875,-0.078125,-0.53125,-1.46875,-0.078125,,1,1,-16.590240478515625,-17.465240478515625,-17.29305648803711,-17.44930648803711,0.875,0.15625,0.71875,0.953125,0.234375
27,6,16,measles,influenza,-16.998046875,-17.216796875,0.21875,-0.6875,-1.15625,0.21875,,1,1,-15.345873832702637,-15.095873832702637,-15.942536354064941,-15.223786354064941,-0.25,-0.71875,0.46875,-0.46875,-0.9375
27,6,20,measles,influenza,-16.998046875,-17.216796875,0.21875,-0.6875,-1.15625,0.21875,,1,1,-15.709898948669434,-15.022398948669434,-16.159095764160156,-15.002845764160156,-0.6875,-1.15625,0.46875,-0.90625,-1.375
27,6,24,measles,influenza,-16.998046875,-17.216796875,0.21875,-0.6875,-1.15625,0.21875,,1,1,-15.098695755004883,-14.192445755004883,-16.536603927612305,-15.161602973937988,-0.90625,-1.3750009536743164,0.4687509536743164,-1.125,-1.5937509536743164
27,6,27,measles,influenza,-16.998046875,-17.216796875,0.21875,-0.6875,-1.15625,0.21875,,1,1,-19.680809020996094,-18.993309020996094,-19.486692428588867,-18.424192428588867,-0.6875,-1.0625,0.375,-0.90625,-1.28125
28,7,16,teacher,plumber,-19.00713348388672,-17.74834442138672,-1.2587890625,6.421875,-0.765625,-1.2587890625,,1,1,-14.655659675598145,-19.09316062927246,-16.699735641479492,-13.809111595153809,4.437500953674316,-2.8906240463256836,7.328125,5.696290016174316,-1.6318349838256836
28,7,20,teacher,plumber,-19.00713348388672,-17.74834442138672,-1.2587890625,6.421875,-0.765625,-1.2587890625,,1,1,-14.60634994506836,-21.02822494506836,-17.68027687072754,-16.91465187072754,6.421875,-0.765625,7.1875,7.6806640625,0.4931640625
28,7,24,teacher,plumber,-19.00713348388672,-17.74834442138672,-1.2587890625,6.421875,-0.765625,-1.2587890625,,1,1,-13.796903610229492,-20.203153610229492,-16.133962631225586,-17.352712631225586,6.40625,1.21875,5.1875,7.6650390625,2.4775390625
28,7,27,teacher,plumber,-19.00713348388672,-17.74834442138672,-1.2587890625,6.421875,-0.765625,-1.2587890625,,1,1,-13.33927059173584,-21.479894638061523,-17.513259887695312,-16.357009887695312,8.140624046325684,-1.15625,9.296874046325684,9.399413108825684,0.1025390625
29,7,16,lawyer,farmer,-16.62432098388672,-16.69463348388672,0.0703125,0.0625,-3.40625,0.0703125,,1,1,-16.257770538330078,-19.320270538330078,-19.760454177856445,-18.104204177856445,3.0625,-1.65625,4.71875,2.9921875,-1.7265625
29,7,20,lawyer,farmer,-16.62432098388672,-16.69463348388672,0.0703125,0.0625,-3.40625,0.0703125,,1,1,-18.960147857666016,-19.022647857666016,-20.661975860595703,-17.255725860595703,0.0625,-3.40625,3.46875,-0.0078125,-3.4765625
29,7,24,lawyer,farmer,-16.62432098388672,-16.69463348388672,0.0703125,0.0625,-3.40625,0.0703125,,1,1,-17.76466178894043,-17.98341178894043,-19.612598419189453,-17.221973419189453,0.21875,-2.390625,2.609375,0.1484375,-2.4609375
29,7,27,lawyer,farmer,-16.62432098388672,-16.69463348388672,0.0703125,0.0625,-3.40625,0.0703125,,1,1,-18.13140869140625,-22.62359619140625,-20.650869369506836,-14.63524341583252,4.4921875,-6.015625953674316,10.507813453674316,4.421875,-6.085938453674316
30,7,16,nurse,baker,-19.63994598388672,-20.95244598388672,1.3125,-0.046875,0.390625,1.3125,,1,1,-17.14434814453125,-20.02911376953125,-19.35919761657715,-18.65607261657715,2.884765625,-0.703125,3.587890625,1.572265625,-2.015625
30,7,20,nurse,baker,-19.63994598388672,-20.95244598388672,1.3125,-0.046875,0.390625,1.3125,,1,1,-20.089866638183594,-20.042991638183594,-20.517087936401367,-20.907712936401367,-0.046875,0.390625,-0.4375,-1.359375,-0.921875
30,7,24,nurse,baker,-19.63994598388672,-20.95244598388672,1.3125,-0.046875,0.390625,1.3125,,1,1,-17.88304328918457,-19.35960578918457,-18.915090560913086,-14.64946460723877,1.4765625,-4.265625953674316,5.742188453674316,0.1640625,-5.578125953674316
30,7,27,nurse,baker,-19.63994598388672,-20.95244598388672,1.3125,-0.046875,0.390625,1.3125,,1,1,-9.398857116699219,-23.03166961669922,-20.924362182617188,-20.314987182617188,13.6328125,-0.609375,14.2421875,12.3203125,-1.921875
31,7,16,pilot,chef,-19.99932098388672,-19.85869598388672,-0.140625,2.681640625,-2.015625,-0.140625,,1,1,-19.68651008605957,-23.43651008605957,-20.965560913085938,-17.891342163085938,3.75,-3.07421875,6.82421875,3.890625,-2.93359375
31,7,20,pilot,chef,-19.99932098388672,-19.85869598388672,-0.140625,2.681640625,-2.015625,-0.140625,,1,1,-21.18932342529297,-23.87096405029297,-21.38916015625,-19.37353515625,2.681640625,-2.015625,4.697265625,2.822265625,-1.875
31,7,24,pilot,chef,-19.99932098388672,-19.85869598388672,-0.140625,2.681640625,-2.015625,-0.140625,,1,1,-20.148591995239258,-23.474763870239258,-19.54210090637207,-14.04210090637207,3.326171875,-5.5,8.826171875,3.466796875,-5.359375
31,7,27,pilot,chef,-19.99932098388672,-19.85869598388672,-0.140625,2.681640625,-2.015625,-0.140625,,1,1,-18.42911720275879,-22.06192970275879,-21.216842651367188,-18.693405151367188,3.6328125,-2.5234375,6.15625,3.7734375,-2.3828125
32,8,16,tiger,dolphin,-18.6685848236084,-19.6060848236084,0.9375,-0.3515625,-0.765625,0.9375,,1,1,-21.37522315979004,-21.14084815979004,-21.417633056640625,-20.894195556640625,-0.234375,-0.5234375,0.2890625,-1.171875,-1.4609375
32,8,20,tiger,dolphin,-18.6685848236084,-19.6060848236084,0.9375,-0.3515625,-0.765625,0.9375,,1,1,-20.850929260253906,-20.499366760253906,-20.99677276611328,-20.23114776611328,-0.3515625,-0.765625,0.4140625,-1.2890625,-1.703125
32,8,24,tiger,dolphin,-18.6685848236084,-19.6060848236084,0.9375,-0.3515625,-0.765625,0.9375,,1,1,-19.806798934936523,-20.095861434936523,-20.49043083190918,-19.23261833190918,0.2890625,-1.2578125,1.546875,-0.6484375,-2.1953125
32,8,27,tiger,dolphin,-18.6685848236084,-19.6060848236084,0.9375,-0.3515625,-0.765625,0.9375,,1,1,-22.3583984375,-22.0341796875,-21.653976440429688,-21.689132690429688,-0.32421875,0.03515625,-0.359375,-1.26171875,-0.90234375
33,8,16,bear,eagle,-19.0123348236084,-20.1295223236084,1.1171875,0.578125,0.5703125,1.1171875,,1,1,-20.02733039855957,-21.18358039855957,-19.989824295043945,-21.044511795043945,1.15625,1.0546875,0.1015625,0.0390625,-0.0625
33,8,20,bear,eagle,-19.0123348236084,-20.1295223236084,1.1171875,0.578125,0.5703125,1.1171875,,1,1,-19.76863670349121,-20.34676170349121,-19.240209579467773,-19.810522079467773,0.578125,0.5703125,0.0078125,-0.5390625,-0.546875
33,8,24,bear,eagle,-19.0123348236084,-20.1295223236084,1.1171875,0.578125,0.5703125,1.1171875,,1,1,-20.867088317871094,-21.128807067871094,-20.63945198059082,-20.43437385559082,0.26171875,-0.205078125,0.466796875,-0.85546875,-1.322265625
33,8,27,bear,eagle,-19.0123348236084,-20.1295223236084,1.1171875,0.578125,0.5703125,1.1171875,,1,1,-22.7178897857666,-23.9581241607666,-22.707782745361328,-23.532001495361328,1.240234375,0.82421875,0.416015625,0.123046875,-0.29296875
34,8,16,lion,shark,-18.1275691986084,-17.2818660736084,-0.845703125,-1.0,-0.7890625,-0.845703125,,1,1,-21.485416412353516,-20.696353912353516,-20.840059280395508,-20.293184280395508,-0.7890625,-0.546875,-0.2421875,0.056640625,0.298828125
34,8,20,lion,shark,-18.1275691986084,-17.2818660736084,-0.845703125,-1.0,-0.7890625,-0.845703125,,1,1,-20.632925033569336,-19.632925033569336,-20.91452407836914,-20.12546157836914,-1.0,-0.7890625,-0.2109375,-0.154296875,0.056640625
34,8,24,lion,shark,-18.1275691986084,-17.2818660736084,-0.845703125,-1.0,-0.7890625,-0.845703125,,1,1,-20.042613983154297,-20.491832733154297,-20.366790771484375,-19.827728271484375,0.44921875,-0.5390625,0.98828125,1.294921875,0.306640625
34,8,27,lion,shark,-18.1275691986084,-17.2818660736084,-0.845703125,-1.0,-0.7890625,-0.845703125,,1,1,-22.463462829589844,-21.658775329589844,-22.462238311767578,-21.204425811767578,-0.8046875,-1.2578125,0.453125,0.041015625,-0.412109375
35,8,16,wolf,hawk,-16.4185848236084,-19.7545223236084,3.3359375,-1.508056640625,-2.125,3.3359375,,1,1,-22.23521614074707,-22.30943489074707,-22.015897750854492,-22.008085250854492,0.07421875,-0.0078125,0.08203125,-3.26171875,-3.34375
35,8,20,wolf,hawk,-16.4185848236084,-19.7545223236084,3.3359375,-1.508056640625,-2.125,3.3359375,,1,1,-21.914884567260742,-20.406827926635742,-22.030649185180664,-19.905649185180664,-1.508056640625,-2.125,0.616943359375,-4.843994140625,-5.4609375
35,8,24,wolf,hawk,-16.4185848236084,-19.7545223236084,3.3359375,-1.508056640625,-2.125,3.3359375,,1,1,-20.94865608215332,-20.65178108215332,-20.96641731262207,-19.84727668762207,-0.296875,-1.119140625,0.822265625,-3.6328125,-4.455078125
35,8,27,wolf,hawk,-16.4185848236084,-19.7545223236084,3.3359375,-1.508056640625,-2.125,3.3359375,,1,1,-21.943368911743164,-23.017587661743164,-21.541330337524414,-22.781564712524414,1.07421875,1.240234375,-0.166015625,-2.26171875,-2.095703125
36,9,16,river,castle,-16.431285858154297,-19.181285858154297,2.75,-0.34375,-1.65625,2.75,,1,1,-18.978830337524414,-20.510080337524414,-20.17698097229004,-19.95823097229004,1.53125,-0.21875,1.75,-1.21875,-2.96875
36,9,20,river,castle,-16.431285858154297,-19.181285858154297,2.75,-0.34375,-1.65625,2.75,,1,1,-20.349180221557617,-20.005430221557617,-21.325822830200195,-19.669572830200195,-0.34375,-1.65625,1.3125,-3.09375,-4.40625
36,9,24,river,castle,-16.431285858154297,-19.181285858154297,2.75,-0.34375,-1.65625,2.75,,1,1,-17.497289657592773,-19.216039657592773,-19.454378128051758,-18.923128128051758,1.71875,-0.53125,2.25,-1.03125,-3.28125
36,9,27,river,castle,-16.431285858154297,-19.181285858154297,2.75,-0.34375,-1.65625,2.75,,1,1,-18.80785369873047,-21.41722869873047,-19.67620277404785,-21.62932777404785,2.609375,1.953125,0.65625,-0.140625,-0.796875
37,9,16,bridge,forest,-16.235973358154297,-17.290660858154297,1.0546875,2.65625,2.4375,1.0546875,,1,1,-17.067821502685547,-18.880321502685547,-17.456010818481445,-18.456010818481445,1.8125,1.0,0.8125,0.7578125,-0.0546875
37,9,20,bridge,forest,-16.235973358154297,-17.290660858154297,1.0546875,2.65625,2.4375,1.0546875,,1,1,-17.84312629699707,-20.49937629699707,-18.47431182861328,-20.91181182861328,2.65625,2.4375,0.21875,1.6015625,1.3828125
37,9,24,bridge,forest,-16.235973358154297,-17.290660858154297,1.0546875,2.65625,2.4375,1.0546875,,1,1,-15.085848808288574,-18.710847854614258,-15.992060661315918,-17.492061614990234,3.6249990463256836,1.5000009536743164,2.124998092651367,2.5703115463256836,0.4453134536743164
37,9,27,bridge,forest,-16.235973358154297,-17.290660858154297,1.0546875,2.65625,2.4375,1.0546875,,1,1,-19.068096160888672,-20.599346160888672,-19.20462417602539,-19.82962417602539,1.53125,0.625,0.90625,0.4765625,-0.4296875
38,9,16,garden,desert,-17.791637420654297,-17.294567108154297,-0.4970703125,3.8125,2.34375,-0.4970703125,,1,1,-14.29663372039795,-17.734134674072266,-14.456596374511719,-16.33159637451172,3.4375009536743164,1.875,1.5625009536743164,3.9345712661743164,2.3720703125
38,9,20,garden,desert,-17.791637420654297,-17.294567108154297,-0.4970703125,3.8125,2.34375,-0.4970703125,,1,1,-17.497318267822266,-21.309818267822266,-18.46934700012207,-20.81309700012207,3.8125,2.34375,1.46875,4.3095703125,2.8408203125
38,9,24,garden,desert,-17.791637420654297,-17.294567108154297,-0.4970703125,3.8125,2.34375,-0.4970703125,,1,1,-11.25731086730957,-18.53856086730957,-14.936660766601562,-17.686660766601562,7.28125,2.75,4.53125,7.7783203125,3.2470703125
38,9,27,garden,desert,-17.791637420654297,-17.294567108154297,-0.4970703125,3.8125,2.34375,-0.4970703125,,1,1,-15.631916999816895,-17.194416046142578,-16.71442413330078,-17.08942413330078,1.5624990463256836,0.375,1.1874990463256836,2.0595693588256836,0.8720703125
39,9,16,mountain,village,-16.040660858154297,-16.618785858154297,0.578125,1.921875,1.28125,0.578125,,1,1,-18.820674896240234,-23.742549896240234,-18.362245559692383,-22.018495559692383,4.921875,3.65625,1.265625,4.34375,3.078125
39,9,20,mountain,village,-16.040660858154297,-16.618785858154297,0.578125,1.921875,1.28125,0.578125,,1,1,-21.904949188232422,-23.826824188232422,-20.914886474609375,-22.196136474609375,1.921875,1.28125,0.640625,1.34375,0.703125
39,9,24,mountain,village,-16.040660858154297,-16.618785858154297,0.578125,1.921875,1.28125,0.578125,,1,1,-18.000709533691406,-21.563209533691406,-18.189355850219727,-20.345605850219727,3.5625,2.15625,1.40625,2.984375,1.578125
39,9,27,mountain,village,-16.040660858154297,-16.618785858154297,0.578125,1.921875,1.28125,0.578125,,1,1,-18.745315551757812,-22.448440551757812,-18.729934692382812,-22.151809692382812,3.703125,3.421875,0.28125,3.125,2.84375
